#
# A fatal error has been detected by the Java Runtime Environment:
#
#  SIGSEGV (0xb) at pc=0x00007fa00925160e, pid=61924, tid=62000
#
# JRE version: OpenJDK Runtime Environment (21.0.11+10) (build 21.0.11+10)
# Java VM: OpenJDK 64-Bit Server VM (21.0.11+10, mixed mode, sharing, tiered, compressed oops, compressed class ptrs, g1 gc, linux-amd64)
# Problematic frame:
# C  [libEGL_nvidia.so.0+0xb660e]
#
# Core dump will be written. Default location: Core dumps may be processed with "/usr/lib/systemd/systemd-coredump %P %u %g %s %t %c %h %d %F" (or dumping to /home/timer/projects/qml4j/core.61924)
#
# If you would like to submit a bug report, please visit:
#   https://bugreport.java.com/bugreport/crash.jsp
#

---------------  S U M M A R Y ------------

Command Line: --enable-native-access=ALL-UNNAMED -Dclassworlds.conf=/usr/share/java/maven/bin/m2.conf -Dmaven.home=/usr/share/java/maven -Dlibrary.jansi.path=/usr/share/java/maven/lib/jansi-native -Dmaven.multiModuleProjectDirectory=/home/timer/projects/qml4j org.codehaus.plexus.classworlds.launcher.Launcher -pl qml4j-demo-desktop exec:java

Host: Intel(R) Core(TM) i5-9400 CPU @ 2.90GHz, 6 cores, 15G, EndeavourOS Linux
Time: Sat Jun  6 09:06:56 2026 CST elapsed time: 944.901374 seconds (0d 0h 15m 44s)

---------------  T H R E A D  ---------------

Current thread is native thread

Stack: [0x00007fa00899b000,0x00007fa00919b000],  sp=0x00007fa009199dc0,  free space=8187k
Native frames: (J=compiled Java code, j=interpreted, Vv=VM code, C=native code)
C  [libEGL_nvidia.so.0+0xb660e]

siginfo: si_signo: 11 (SIGSEGV), si_code: 1 (SEGV_MAPERR), si_addr: 0x0000000000000040

Registers:
RAX=0x0000000000000000, RBX=0x00007fa008998f80, RCX=0x0000000000000001, RDX=0x00007f9ff7f7d7dc
RSP=0x00007fa009199dc0, RBP=0x00007fa008078040, RSI=0x00007fa009244840, RDI=0x00007fa0092dd4a8
R8 =0x000000000107d5c4, R9 =0x00007fa009199db0, R10=0x0000000000000000, R11=0x00007fa0e1db8000
R12=0x00007f9ff7f82a60, R13=0x00007fa008078040, R14=0x00007fa008999380, R15=0x0000000000000000
RIP=0x00007fa00925160e, EFLAGS=0x0000000000010206, CSGSFS=0x002b000000000033, ERR=0x0000000000000004
  TRAPNO=0x000000000000000e

XMM[0]=0x0000000000000000 0x000000004e60f2af
XMM[1]=0x0000000000000000 0x0000000000000000
XMM[2]=0x0000000000000000 0x00000000000000ff
XMM[3]=0x0000000000000000 0x00000000000000ff
XMM[4]=0x0000000000000000 0x0000000000000000
XMM[5]=0x0000000000000000 0x0000000000000000
XMM[6]=0x0000000000000000 0x0000000000000000
XMM[7]=0x0000000000000000 0x0000000000000000
XMM[8]=0x00007f9ff64089f0 0x00007f9ff64089e0
XMM[9]=0x0000000000200000 0x0000000000202020
XMM[10]=0x3f3f3f3f3f3f3f3f 0x3f3f3f3f3f3f3f3f
XMM[11]=0x9999999999999999 0x9999999999999999
XMM[12]=0x2020202020202020 0x2020202020202020
XMM[13]=0x0000000000000000 0x0000001001000000
XMM[14]=0x0000000000000000 0x0000000000000100
XMM[15]=0x0000000000000000 0x0000000000000000
  MXCSR=0x00001fa2


Top of Stack: (sp=0x00007fa009199dc0)
0x00007fa009199dc0:   00007f9ff7f7f8c0 00007f9ff681100a   ................
0x00007fa009199dd0:   00007f9ff7f7f8c0 00007f9ff663729f   .........rc.....
0x00007fa009199de0:   00007fa00492a200 00007f9ff7f2bce0   ................
0x00007fa009199df0:   00007fa00919a6c0 00017f9f00000000   ................
0x00007fa009199e00:   00007fa0049285d0 00007fa008999380   ................
0x00007fa009199e10:   00007f9ff68124b0 0000000000000021   .$......!.......
0x00007fa009199e20:   00007fa0655f3250 0000000000000000   P2_e............
0x00007fa009199e30:   00007fa0655f3357 00007f9ff681348a   W3_e.....4......
0x00007fa009199e40:   0000000000000000 00007fa00919ace4   ................
0x00007fa009199e50:   00007fa009199f70 00007fa0e1a981b9   p...............
0x00007fa009199e60:   0000000000000000 0000000000801000   ................
0x00007fa009199e70:   0000000000801000 00007fa00919a6c0   ................
0x00007fa009199e80:   ffffffffffffff40 11f80c9f45c1db94   @..........E....
0x00007fa009199e90:   0000000000000021 00007fa0655f3250   !.......P2_e....
0x00007fa009199ea0:   0000000000000000 00007fa0655f3357   ........W3_e....
0x00007fa009199eb0:   11f80c9f47e1db94 11f9ddfe8597db94   ...G............
0x00007fa009199ec0:   0000000000000000 0000000000000000   ................
0x00007fa009199ed0:   0000000000000000 0000000000000000   ................
0x00007fa009199ee0:   0000000000000000 0000000000000000   ................
0x00007fa009199ef0:   203a6362696c6720 2064616572687470    glibc: pthread 
0x00007fa009199f00:   36203a6b63617473 0000000030303032   stack: 62000....
0x00007fa009199f10:   0000000000000000 0000000000000000   ................
0x00007fa009199f20:   0000000000000000 0000000000000000   ................
0x00007fa009199f30:   0000000000000000 0000000000000000   ................
0x00007fa009199f40:   0000000000000000 fa3b4606089d7a00   .........z...F;.
0x00007fa009199f50:   0000000000000000 00007fa0e1a97e20   ........ ~......
0x00007fa009199f60:   00007fa00919a6c0 0000000000000000   ................
0x00007fa009199f70:   0000000000000000 00007fa0e1b1d21c   ................
0x00007fa009199f80:   0000000000000000 0000000000000000   ................
0x00007fa009199f90:   0000000000000000 0000000000000000   ................
0x00007fa009199fa0:   0000000000000000 0000000000000000   ................
0x00007fa009199fb0:   0000000000000000 0000000000000000   ................

Instructions: (pc=0x00007fa00925160e)
0x00007fa00925150e:   4c 24 08 48 85 c0 48 89 c2 74 61 48 89 08 49 8b
0x00007fa00925151e:   44 24 40 48 83 c2 08 48 85 c0 74 41 41 8b 4c 24
0x00007fa00925152e:   34 31 c0 85 c9 74 19 49 8b 74 24 40 89 c1 83 c0
0x00007fa00925153e:   01 48 8b 34 ce 48 89 34 ca 41 39 44 24 34 77 e7
0x00007fa00925154e:   49 8b 44 24 40 48 85 c0 74 13 48 8d 78 f8 48 89
0x00007fa00925155e:   54 24 08 e8 1a a8 00 00 48 8b 54 24 08 45 89 7c
0x00007fa00925156e:   24 34 49 89 54 24 40 e9 9a fe ff ff 45 8b 74 24
0x00007fa00925157e:   34 e9 90 fe ff ff 66 2e 0f 1f 84 00 00 00 00 00
0x00007fa00925158e:   66 90 48 8b 07 48 39 f0 74 58 55 48 89 fd 53 48
0x00007fa00925159e:   89 f3 48 83 ec 08 48 85 c0 74 15 48 8d 78 08 ff
0x00007fa0092515ae:   50 18 85 c0 75 0a 48 8b 7d 00 48 8b 07 ff 50 08
0x00007fa0092515be:   48 89 5d 00 48 85 db 74 19 48 8b 43 10 48 83 c4
0x00007fa0092515ce:   08 48 8d 7b 08 5b 5d ff e0 66 0f 1f 84 00 00 00
0x00007fa0092515de:   00 00 48 83 c4 08 5b 5d c3 66 0f 1f 84 00 00 00
0x00007fa0092515ee:   00 00 c3 66 66 2e 0f 1f 84 00 00 00 00 00 0f 1f
0x00007fa0092515fe:   40 00 48 83 ec 08 bf 01 00 00 00 e8 62 4a ff ff
0x00007fa00925160e:   8b 70 40 48 8d 78 30 48 83 c4 08 e9 62 68 f8 ff
0x00007fa00925161e:   66 90 48 83 ec 18 48 8b 87 b0 04 00 00 ba 04 00
0x00007fa00925162e:   00 00 be 01 00 00 00 48 8d 4c 24 0c bf 01 00 00
0x00007fa00925163e:   00 ff 90 d8 00 00 00 48 83 c4 18 c3 66 0f 1f 44
0x00007fa00925164e:   00 00 49 89 fa 41 89 d1 40 0f b6 fe 89 ca 49 8b
0x00007fa00925165e:   82 b0 04 00 00 4c 89 c1 44 89 ce 48 8b 80 d8 00
0x00007fa00925166e:   00 00 ff e0 66 66 2e 0f 1f 84 00 00 00 00 00 0f
0x00007fa00925167e:   1f 00 55 40 0f b6 f6 53 48 89 fb 48 83 ec 08 48
0x00007fa00925168e:   8b af b0 04 00 00 e8 b7 ff ff ff ff 95 00 01 00
0x00007fa00925169e:   00 8b 10 89 53 28 48 83 c4 08 5b 5d c3 0f 1f 44
0x00007fa0092516ae:   00 00 41 57 41 56 49 89 fe bf 01 00 00 00 41 55
0x00007fa0092516be:   49 89 f5 41 54 55 53 48 83 ec 58 48 89 14 24 e8
0x00007fa0092516ce:   9e 49 ff ff 48 c7 44 24 18 00 00 00 00 83 b8 a0
0x00007fa0092516de:   04 00 00 03 4c 8b b8 b0 04 00 00 48 89 c3 44 8b
0x00007fa0092516ee:   60 38 0f 84 02 01 00 00 48 8d 4c 24 20 48 8d 70
0x00007fa0092516fe:   30 ba 01 00 00 00 48 89 cf 48 89 4c 24 08 e8 7f



---------------  P R O C E S S  ---------------

VM state: at safepoint (shutting down)

VM Mutex/Monitor currently owned by a thread:  ([mutex/lock_event])
[0x00007fa0e1929378] ThreadsLockThrottle_lock - owner thread: 0x00007fa0dc14fc50
[0x00007fa0e19290f8] Threads_lock - owner thread: 0x00007fa0dc143950
[0x00007fa0e1928ff8] Heap_lock - owner thread: 0x00007fa050009080

Heap address: 0x0000000707000000, size: 3984 MB, Compressed Oops mode: Zero based, Oop shift amount: 3

CDS archive(s) mapped at: [0x00007fa067000000-0x00007fa067c9b000-0x00007fa067c9b000), size 13217792, SharedBaseAddress: 0x00007fa067000000, ArchiveRelocationMode: 1.
Compressed class space mapped at: 0x00007fa068000000-0x00007fa0a8000000, reserved size: 1073741824
Narrow klass base: 0x00007fa067000000, Narrow klass shift: 0, Narrow klass range: 0x100000000

GC Precious Log:
<Skipped>

Heap:
 garbage-first heap   total 143360K, used 29207K [0x0000000707000000, 0x0000000800000000)
  region size 2048K, 3 young (6144K), 1 survivors (2048K)
 Metaspace       used 25810K, committed 26304K, reserved 1114112K
  class space    used 2891K, committed 3136K, reserved 1048576K

Heap Regions: E=young(eden), S=young(survivor), O=old, HS=humongous(starts), HC=humongous(continues), CS=collection set, F=free, TAMS=top-at-mark-start, PB=parsable bottom
|   0|0x0000000707000000, 0x0000000707000000, 0x0000000707200000|  0%| F|  |TAMS 0x0000000707000000| PB 0x0000000707000000| Untracked 
|   1|0x0000000707200000, 0x0000000707200000, 0x0000000707400000|  0%| F|  |TAMS 0x0000000707200000| PB 0x0000000707200000| Untracked 
|   2|0x0000000707400000, 0x0000000707400000, 0x0000000707600000|  0%| F|  |TAMS 0x0000000707400000| PB 0x0000000707400000| Untracked 
|   3|0x0000000707600000, 0x0000000707600000, 0x0000000707800000|  0%| F|  |TAMS 0x0000000707600000| PB 0x0000000707600000| Untracked 
|   4|0x0000000707800000, 0x0000000707800000, 0x0000000707a00000|  0%| F|  |TAMS 0x0000000707800000| PB 0x0000000707800000| Untracked 
|   5|0x0000000707a00000, 0x0000000707a00000, 0x0000000707c00000|  0%| F|  |TAMS 0x0000000707a00000| PB 0x0000000707a00000| Untracked 
|   6|0x0000000707c00000, 0x0000000707e00000, 0x0000000707e00000|100%| O|  |TAMS 0x0000000707c00000| PB 0x0000000707c00000| Untracked 
|   7|0x0000000707e00000, 0x0000000708000000, 0x0000000708000000|100%| O|  |TAMS 0x0000000707e00000| PB 0x0000000707e00000| Untracked 
|   8|0x0000000708000000, 0x0000000708200000, 0x0000000708200000|100%| O|  |TAMS 0x0000000708000000| PB 0x0000000708000000| Untracked 
|   9|0x0000000708200000, 0x0000000708400000, 0x0000000708400000|100%| O|  |TAMS 0x0000000708200000| PB 0x0000000708200000| Untracked 
|  10|0x0000000708400000, 0x00000007085a2d80, 0x0000000708600000| 81%| O|  |TAMS 0x0000000708400000| PB 0x0000000708400000| Untracked 
|  11|0x0000000708600000, 0x0000000708600000, 0x0000000708800000|  0%| F|  |TAMS 0x0000000708600000| PB 0x0000000708600000| Untracked 
|  12|0x0000000708800000, 0x0000000708800000, 0x0000000708a00000|  0%| F|  |TAMS 0x0000000708800000| PB 0x0000000708800000| Untracked 
|  13|0x0000000708a00000, 0x0000000708a00000, 0x0000000708c00000|  0%| F|  |TAMS 0x0000000708a00000| PB 0x0000000708a00000| Untracked 
|  14|0x0000000708c00000, 0x0000000708c00000, 0x0000000708e00000|  0%| F|  |TAMS 0x0000000708c00000| PB 0x0000000708c00000| Untracked 
|  15|0x0000000708e00000, 0x0000000708e00000, 0x0000000709000000|  0%| F|  |TAMS 0x0000000708e00000| PB 0x0000000708e00000| Untracked 
|  16|0x0000000709000000, 0x0000000709000000, 0x0000000709200000|  0%| F|  |TAMS 0x0000000709000000| PB 0x0000000709000000| Untracked 
|  17|0x0000000709200000, 0x0000000709200000, 0x0000000709400000|  0%| F|  |TAMS 0x0000000709200000| PB 0x0000000709200000| Untracked 
|  18|0x0000000709400000, 0x0000000709400000, 0x0000000709600000|  0%| F|  |TAMS 0x0000000709400000| PB 0x0000000709400000| Untracked 
|  19|0x0000000709600000, 0x0000000709600000, 0x0000000709800000|  0%| F|  |TAMS 0x0000000709600000| PB 0x0000000709600000| Untracked 
|  20|0x0000000709800000, 0x0000000709a00000, 0x0000000709a00000|100%| O|  |TAMS 0x0000000709800000| PB 0x0000000709800000| Untracked 
|  21|0x0000000709a00000, 0x0000000709ae3000, 0x0000000709c00000| 44%| S|CS|TAMS 0x0000000709a00000| PB 0x0000000709a00000| Complete 
|  22|0x0000000709c00000, 0x0000000709c00000, 0x0000000709e00000|  0%| F|  |TAMS 0x0000000709c00000| PB 0x0000000709c00000| Untracked 
|  23|0x0000000709e00000, 0x0000000709e00000, 0x000000070a000000|  0%| F|  |TAMS 0x0000000709e00000| PB 0x0000000709e00000| Untracked 
|  24|0x000000070a000000, 0x000000070a000000, 0x000000070a200000|  0%| F|  |TAMS 0x000000070a000000| PB 0x000000070a000000| Untracked 
|  25|0x000000070a200000, 0x000000070a200000, 0x000000070a400000|  0%| F|  |TAMS 0x000000070a200000| PB 0x000000070a200000| Untracked 
|  26|0x000000070a400000, 0x000000070a400000, 0x000000070a600000|  0%| F|  |TAMS 0x000000070a400000| PB 0x000000070a400000| Untracked 
|  27|0x000000070a600000, 0x000000070a600000, 0x000000070a800000|  0%| F|  |TAMS 0x000000070a600000| PB 0x000000070a600000| Untracked 
|  28|0x000000070a800000, 0x000000070a800000, 0x000000070aa00000|  0%| F|  |TAMS 0x000000070a800000| PB 0x000000070a800000| Untracked 
|  29|0x000000070aa00000, 0x000000070aa00000, 0x000000070ac00000|  0%| F|  |TAMS 0x000000070aa00000| PB 0x000000070aa00000| Untracked 
|  30|0x000000070ac00000, 0x000000070ac00000, 0x000000070ae00000|  0%| F|  |TAMS 0x000000070ac00000| PB 0x000000070ac00000| Untracked 
|  31|0x000000070ae00000, 0x000000070ae00000, 0x000000070b000000|  0%| F|  |TAMS 0x000000070ae00000| PB 0x000000070ae00000| Untracked 
|  32|0x000000070b000000, 0x000000070b000000, 0x000000070b200000|  0%| F|  |TAMS 0x000000070b000000| PB 0x000000070b000000| Untracked 
|  33|0x000000070b200000, 0x000000070b200000, 0x000000070b400000|  0%| F|  |TAMS 0x000000070b200000| PB 0x000000070b200000| Untracked 
|  34|0x000000070b400000, 0x000000070b400000, 0x000000070b600000|  0%| F|  |TAMS 0x000000070b400000| PB 0x000000070b400000| Untracked 
|  35|0x000000070b600000, 0x000000070b600000, 0x000000070b800000|  0%| F|  |TAMS 0x000000070b600000| PB 0x000000070b600000| Untracked 
|  36|0x000000070b800000, 0x000000070b800000, 0x000000070ba00000|  0%| F|  |TAMS 0x000000070b800000| PB 0x000000070b800000| Untracked 
|  37|0x000000070ba00000, 0x000000070ba00000, 0x000000070bc00000|  0%| F|  |TAMS 0x000000070ba00000| PB 0x000000070ba00000| Untracked 
|  38|0x000000070bc00000, 0x000000070bc00000, 0x000000070be00000|  0%| F|  |TAMS 0x000000070bc00000| PB 0x000000070bc00000| Untracked 
|  39|0x000000070be00000, 0x000000070be00000, 0x000000070c000000|  0%| F|  |TAMS 0x000000070be00000| PB 0x000000070be00000| Untracked 
|  40|0x000000070c000000, 0x000000070c000000, 0x000000070c200000|  0%| F|  |TAMS 0x000000070c000000| PB 0x000000070c000000| Untracked 
|  41|0x000000070c200000, 0x000000070c200000, 0x000000070c400000|  0%| F|  |TAMS 0x000000070c200000| PB 0x000000070c200000| Untracked 
|  42|0x000000070c400000, 0x000000070c400000, 0x000000070c600000|  0%| F|  |TAMS 0x000000070c400000| PB 0x000000070c400000| Untracked 
|  43|0x000000070c600000, 0x000000070c600000, 0x000000070c800000|  0%| F|  |TAMS 0x000000070c600000| PB 0x000000070c600000| Untracked 
|  44|0x000000070c800000, 0x000000070c800000, 0x000000070ca00000|  0%| F|  |TAMS 0x000000070c800000| PB 0x000000070c800000| Untracked 
|  45|0x000000070ca00000, 0x000000070ca00000, 0x000000070cc00000|  0%| F|  |TAMS 0x000000070ca00000| PB 0x000000070ca00000| Untracked 
|  46|0x000000070cc00000, 0x000000070cc00000, 0x000000070ce00000|  0%| F|  |TAMS 0x000000070cc00000| PB 0x000000070cc00000| Untracked 
|  47|0x000000070ce00000, 0x000000070ce00000, 0x000000070d000000|  0%| F|  |TAMS 0x000000070ce00000| PB 0x000000070ce00000| Untracked 
|  48|0x000000070d000000, 0x000000070d000000, 0x000000070d200000|  0%| F|  |TAMS 0x000000070d000000| PB 0x000000070d000000| Untracked 
|  49|0x000000070d200000, 0x000000070d200000, 0x000000070d400000|  0%| F|  |TAMS 0x000000070d200000| PB 0x000000070d200000| Untracked 
|  50|0x000000070d400000, 0x000000070d400000, 0x000000070d600000|  0%| F|  |TAMS 0x000000070d400000| PB 0x000000070d400000| Untracked 
|  51|0x000000070d600000, 0x000000070d600000, 0x000000070d800000|  0%| F|  |TAMS 0x000000070d600000| PB 0x000000070d600000| Untracked 
|  52|0x000000070d800000, 0x000000070d800000, 0x000000070da00000|  0%| F|  |TAMS 0x000000070d800000| PB 0x000000070d800000| Untracked 
|  53|0x000000070da00000, 0x000000070da00000, 0x000000070dc00000|  0%| F|  |TAMS 0x000000070da00000| PB 0x000000070da00000| Untracked 
|  54|0x000000070dc00000, 0x000000070dc00000, 0x000000070de00000|  0%| F|  |TAMS 0x000000070dc00000| PB 0x000000070dc00000| Untracked 
|  91|0x0000000712600000, 0x0000000712600000, 0x0000000712800000|  0%| F|  |TAMS 0x0000000712600000| PB 0x0000000712600000| Untracked 
|  92|0x0000000712800000, 0x0000000712800000, 0x0000000712a00000|  0%| F|  |TAMS 0x0000000712800000| PB 0x0000000712800000| Untracked 
|  93|0x0000000712a00000, 0x0000000712a00000, 0x0000000712c00000|  0%| F|  |TAMS 0x0000000712a00000| PB 0x0000000712a00000| Untracked 
|  98|0x0000000713400000, 0x0000000713400000, 0x0000000713600000|  0%| F|  |TAMS 0x0000000713400000| PB 0x0000000713400000| Untracked 
|  99|0x0000000713600000, 0x0000000713600000, 0x0000000713800000|  0%| F|  |TAMS 0x0000000713600000| PB 0x0000000713600000| Untracked 
| 100|0x0000000713800000, 0x0000000713800000, 0x0000000713a00000|  0%| F|  |TAMS 0x0000000713800000| PB 0x0000000713800000| Untracked 
| 124|0x0000000716800000, 0x0000000716880018, 0x0000000716a00000| 25%| E|  |TAMS 0x0000000716800000| PB 0x0000000716800000| Complete 
|1984|0x00000007ff000000, 0x00000007ff200000, 0x00000007ff200000|100%| O|  |TAMS 0x00000007ff000000| PB 0x00000007ff000000| Untracked 
|1985|0x00000007ff200000, 0x00000007ff400000, 0x00000007ff400000|100%| O|  |TAMS 0x00000007ff200000| PB 0x00000007ff200000| Untracked 
|1986|0x00000007ff400000, 0x00000007ff600000, 0x00000007ff600000|100%| O|  |TAMS 0x00000007ff400000| PB 0x00000007ff400000| Untracked 
|1987|0x00000007ff600000, 0x00000007ff800000, 0x00000007ff800000|100%| O|  |TAMS 0x00000007ff600000| PB 0x00000007ff600000| Untracked 
|1988|0x00000007ff800000, 0x00000007ffa00000, 0x00000007ffa00000|100%| O|  |TAMS 0x00000007ff800000| PB 0x00000007ff800000| Untracked 
|1989|0x00000007ffa00000, 0x00000007ffc00000, 0x00000007ffc00000|100%| O|  |TAMS 0x00000007ffa00000| PB 0x00000007ffa00000| Untracked 
|1990|0x00000007ffc00000, 0x00000007ffe00000, 0x00000007ffe00000|100%| O|  |TAMS 0x00000007ffc00000| PB 0x00000007ffc00000| Untracked 
|1991|0x00000007ffe00000, 0x0000000800000000, 0x0000000800000000|100%| E|CS|TAMS 0x00000007ffe00000| PB 0x00000007ffe00000| Complete 

Card table byte_map: [0x00007fa0c2f6b000,0x00007fa0c3733000] _byte_map_base: 0x00007fa0bf733000

Marking Bits: (CMBitMap*) 0x00007fa0dc0829d0
 Bits: [0x00007fa0bf12b000, 0x00007fa0c2f6b000)

Polling page: 0x00007fa0e1d9c000

Metaspace:

Usage:
  Non-class:     22.38 MB used.
      Class:      2.82 MB used.
       Both:     25.21 MB used.

Virtual space:
  Non-class space:       64.00 MB reserved,      22.62 MB ( 35%) committed,  1 nodes.
      Class space:        1.00 GB reserved,       3.06 MB ( <1%) committed,  1 nodes.
             Both:        1.06 GB reserved,      25.69 MB (  2%) committed. 

Chunk freelists:
   Non-Class:  8.46 MB
       Class:  12.93 MB
        Both:  21.39 MB

MaxMetaspaceSize: unlimited
CompressedClassSpaceSize: 1.00 GB
Initial GC threshold: 21.00 MB
Current GC threshold: 35.25 MB
CDS: on
 - commit_granule_bytes: 65536.
 - commit_granule_words: 8192.
 - virtual_space_node_default_size: 8388608.
 - enlarge_chunks_in_place: 1.
 - use_allocation_guard: 0.


Internal statistics:

num_allocs_failed_limit: 3.
num_arena_births: 306.
num_arena_deaths: 0.
num_vsnodes_births: 2.
num_vsnodes_deaths: 0.
num_space_committed: 409.
num_space_uncommitted: 0.
num_chunks_returned_to_freelist: 3.
num_chunks_taken_from_freelist: 1288.
num_chunk_merges: 3.
num_chunk_splits: 888.
num_chunks_enlarged: 654.
num_inconsistent_stats: 0.

CodeHeap 'non-profiled nmethods': size=120032Kb used=3516Kb max_used=3516Kb free=116515Kb
 bounds [0x00007fa0cbec8000, 0x00007fa0cc238000, 0x00007fa0d3400000]
CodeHeap 'profiled nmethods': size=120028Kb used=12327Kb max_used=12327Kb free=107701Kb
 bounds [0x00007fa0c4400000, 0x00007fa0c5010000, 0x00007fa0cb937000]
CodeHeap 'non-nmethods': size=5700Kb used=2220Kb max_used=2323Kb free=3479Kb
 bounds [0x00007fa0cb937000, 0x00007fa0cbba7000, 0x00007fa0cbec8000]
CodeCache: size=245760Kb, used=18063Kb, max_used=18166Kb, free=227695Kb
 total_blobs=6566, nmethods=5363, adapters=1108, full_count=0
Compilation: enabled, stopped_count=0, restarted_count=0

Compilation events (20 events):
Event: 449.737 Thread 0x00007fa0dc1543a0 5354       4       java.lang.ThreadLocal$ThreadLocalMap::remove (68 bytes)
Event: 449.739 Thread 0x00007fa0dc1543a0 nmethod 5354 0x00007fa0cc22d490 code [0x00007fa0cc22d640, 0x00007fa0cc22d9d0]
Event: 449.751 Thread 0x00007fa0dc1543a0 5355       4       org.lwjgl.glfw.GLFW::glfwWindowShouldClose (29 bytes)
Event: 449.752 Thread 0x00007fa0dc1543a0 nmethod 5355 0x00007fa0cc22dc90 code [0x00007fa0cc22de20, 0x00007fa0cc22df08]
Event: 449.752 Thread 0x00007fa0dc1543a0 5356       4       org.lwjgl.glfw.GLFW::glfwPollEvents (9 bytes)
Event: 449.752 Thread 0x00007fa0dc1543a0 nmethod 5356 0x00007fa0cc22e010 code [0x00007fa0cc22e1a0, 0x00007fa0cc22e240]
Event: 449.968 Thread 0x00007fa0dc1543a0 5357   !   4       io.github.humbleui.skija.Surface::getCanvas (60 bytes)
Event: 449.970 Thread 0x00007fa0dc1543a0 nmethod 5357 0x00007fa0cc22e310 code [0x00007fa0cc22e4c0, 0x00007fa0cc22e7b8]
Event: 449.970 Thread 0x00007fa0dc1543a0 5358       4       io.github.humbleui.skija.Canvas::clear (38 bytes)
Event: 449.970 Thread 0x00007fa0dc1543a0 nmethod 5358 0x00007fa0cc22e910 code [0x00007fa0cc22eaa0, 0x00007fa0cc22eb98]
Event: 449.970 Thread 0x00007fa0dc1543a0 5359       4       org.lwjgl.glfw.GLFW::glfwSwapBuffers (21 bytes)
Event: 449.971 Thread 0x00007fa0dc1543a0 nmethod 5359 0x00007fa0cc22ec90 code [0x00007fa0cc22ee20, 0x00007fa0cc22eef0]
Event: 449.993 Thread 0x00007fa0dc1543a0 5360       4       io.qml4j.demo.DesktopHost::renderFrame (16 bytes)
Event: 450.019 Thread 0x00007fa0dc1543a0 nmethod 5360 0x00007fa0cc22f010 code [0x00007fa0cc22f460, 0x00007fa0cc231708]
Event: 450.019 Thread 0x00007fa0dc1543a0 5361   !   4       io.qml4j.render.QmlView::renderFrame (71 bytes)
Event: 450.049 Thread 0x00007fa0dc1543a0 nmethod 5361 0x00007fa0cc232e10 code [0x00007fa0cc233260, 0x00007fa0cc235450]
Event: 456.623 Thread 0x00007fa0dc155a70 5362       1       io.qml4j.render.QmlView::root (5 bytes)
Event: 456.624 Thread 0x00007fa0dc155a70 nmethod 5362 0x00007fa0cc236a90 code [0x00007fa0cc236c20, 0x00007fa0cc236ce8]
Event: 944.587 Thread 0x00007fa0dc155a70 5363       1       java.util.logging.Logger::getName (5 bytes)
Event: 944.587 Thread 0x00007fa0dc155a70 nmethod 5363 0x00007fa0cc236d90 code [0x00007fa0cc236f20, 0x00007fa0cc236fe8]

GC Heap History (20 events):
Event: 450.083 GC heap before
{Heap before GC invocations=10 (full 0):
 garbage-first heap   total 143360K, used 111332K [0x0000000707000000, 0x0000000800000000)
  region size 2048K, 42 young (86016K), 1 survivors (2048K)
 Metaspace       used 25765K, committed 26240K, reserved 1114112K
  class space    used 2885K, committed 3136K, reserved 1048576K
}
Event: 450.084 GC heap after
{Heap after GC invocations=11 (full 0):
 garbage-first heap   total 143360K, used 27186K [0x0000000707000000, 0x0000000800000000)
  region size 2048K, 1 young (2048K), 1 survivors (2048K)
 Metaspace       used 25765K, committed 26240K, reserved 1114112K
  class space    used 2885K, committed 3136K, reserved 1048576K
}
Event: 737.063 GC heap before
{Heap before GC invocations=11 (full 0):
 garbage-first heap   total 143360K, used 111154K [0x0000000707000000, 0x0000000800000000)
  region size 2048K, 42 young (86016K), 1 survivors (2048K)
 Metaspace       used 25765K, committed 26240K, reserved 1114112K
  class space    used 2885K, committed 3136K, reserved 1048576K
}
Event: 737.064 GC heap after
{Heap after GC invocations=12 (full 0):
 garbage-first heap   total 143360K, used 27179K [0x0000000707000000, 0x0000000800000000)
  region size 2048K, 1 young (2048K), 1 survivors (2048K)
 Metaspace       used 25765K, committed 26240K, reserved 1114112K
  class space    used 2885K, committed 3136K, reserved 1048576K
}
Event: 742.514 GC heap before
{Heap before GC invocations=12 (full 0):
 garbage-first heap   total 143360K, used 111147K [0x0000000707000000, 0x0000000800000000)
  region size 2048K, 42 young (86016K), 1 survivors (2048K)
 Metaspace       used 25765K, committed 26240K, reserved 1114112K
  class space    used 2885K, committed 3136K, reserved 1048576K
}
Event: 742.515 GC heap after
{Heap after GC invocations=13 (full 0):
 garbage-first heap   total 143360K, used 27196K [0x0000000707000000, 0x0000000800000000)
  region size 2048K, 1 young (2048K), 1 survivors (2048K)
 Metaspace       used 25765K, committed 26240K, reserved 1114112K
  class space    used 2885K, committed 3136K, reserved 1048576K
}
Event: 742.824 GC heap before
{Heap before GC invocations=13 (full 0):
 garbage-first heap   total 143360K, used 111164K [0x0000000707000000, 0x0000000800000000)
  region size 2048K, 42 young (86016K), 1 survivors (2048K)
 Metaspace       used 25765K, committed 26240K, reserved 1114112K
  class space    used 2885K, committed 3136K, reserved 1048576K
}
Event: 742.825 GC heap after
{Heap after GC invocations=14 (full 0):
 garbage-first heap   total 143360K, used 27189K [0x0000000707000000, 0x0000000800000000)
  region size 2048K, 1 young (2048K), 1 survivors (2048K)
 Metaspace       used 25765K, committed 26240K, reserved 1114112K
  class space    used 2885K, committed 3136K, reserved 1048576K
}
Event: 743.366 GC heap before
{Heap before GC invocations=14 (full 0):
 garbage-first heap   total 143360K, used 111157K [0x0000000707000000, 0x0000000800000000)
  region size 2048K, 42 young (86016K), 1 survivors (2048K)
 Metaspace       used 25765K, committed 26240K, reserved 1114112K
  class space    used 2885K, committed 3136K, reserved 1048576K
}
Event: 743.367 GC heap after
{Heap after GC invocations=15 (full 0):
 garbage-first heap   total 143360K, used 27188K [0x0000000707000000, 0x0000000800000000)
  region size 2048K, 1 young (2048K), 1 survivors (2048K)
 Metaspace       used 25765K, committed 26240K, reserved 1114112K
  class space    used 2885K, committed 3136K, reserved 1048576K
}
Event: 743.671 GC heap before
{Heap before GC invocations=15 (full 0):
 garbage-first heap   total 143360K, used 111156K [0x0000000707000000, 0x0000000800000000)
  region size 2048K, 42 young (86016K), 1 survivors (2048K)
 Metaspace       used 25765K, committed 26240K, reserved 1114112K
  class space    used 2885K, committed 3136K, reserved 1048576K
}
Event: 743.672 GC heap after
{Heap after GC invocations=16 (full 0):
 garbage-first heap   total 143360K, used 27187K [0x0000000707000000, 0x0000000800000000)
  region size 2048K, 1 young (2048K), 1 survivors (2048K)
 Metaspace       used 25765K, committed 26240K, reserved 1114112K
  class space    used 2885K, committed 3136K, reserved 1048576K
}
Event: 743.977 GC heap before
{Heap before GC invocations=16 (full 0):
 garbage-first heap   total 143360K, used 111155K [0x0000000707000000, 0x0000000800000000)
  region size 2048K, 42 young (86016K), 1 survivors (2048K)
 Metaspace       used 25765K, committed 26240K, reserved 1114112K
  class space    used 2885K, committed 3136K, reserved 1048576K
}
Event: 743.977 GC heap after
{Heap after GC invocations=17 (full 0):
 garbage-first heap   total 143360K, used 27230K [0x0000000707000000, 0x0000000800000000)
  region size 2048K, 1 young (2048K), 1 survivors (2048K)
 Metaspace       used 25765K, committed 26240K, reserved 1114112K
  class space    used 2885K, committed 3136K, reserved 1048576K
}
Event: 745.575 GC heap before
{Heap before GC invocations=17 (full 0):
 garbage-first heap   total 143360K, used 111198K [0x0000000707000000, 0x0000000800000000)
  region size 2048K, 42 young (86016K), 1 survivors (2048K)
 Metaspace       used 25765K, committed 26240K, reserved 1114112K
  class space    used 2885K, committed 3136K, reserved 1048576K
}
Event: 745.576 GC heap after
{Heap after GC invocations=18 (full 0):
 garbage-first heap   total 143360K, used 27230K [0x0000000707000000, 0x0000000800000000)
  region size 2048K, 1 young (2048K), 1 survivors (2048K)
 Metaspace       used 25765K, committed 26240K, reserved 1114112K
  class space    used 2885K, committed 3136K, reserved 1048576K
}
Event: 745.883 GC heap before
{Heap before GC invocations=18 (full 0):
 garbage-first heap   total 143360K, used 111198K [0x0000000707000000, 0x0000000800000000)
  region size 2048K, 42 young (86016K), 1 survivors (2048K)
 Metaspace       used 25765K, committed 26240K, reserved 1114112K
  class space    used 2885K, committed 3136K, reserved 1048576K
}
Event: 745.884 GC heap after
{Heap after GC invocations=19 (full 0):
 garbage-first heap   total 143360K, used 27230K [0x0000000707000000, 0x0000000800000000)
  region size 2048K, 1 young (2048K), 1 survivors (2048K)
 Metaspace       used 25765K, committed 26240K, reserved 1114112K
  class space    used 2885K, committed 3136K, reserved 1048576K
}
Event: 944.586 GC heap before
{Heap before GC invocations=19 (full 0):
 garbage-first heap   total 143360K, used 111198K [0x0000000707000000, 0x0000000800000000)
  region size 2048K, 42 young (86016K), 1 survivors (2048K)
 Metaspace       used 25810K, committed 26304K, reserved 1114112K
  class space    used 2891K, committed 3136K, reserved 1048576K
}
Event: 944.587 GC heap after
{Heap after GC invocations=20 (full 0):
 garbage-first heap   total 143360K, used 27159K [0x0000000707000000, 0x0000000800000000)
  region size 2048K, 1 young (2048K), 1 survivors (2048K)
 Metaspace       used 25810K, committed 26304K, reserved 1114112K
  class space    used 2891K, committed 3136K, reserved 1048576K
}

Dll operation events (11 events):
Event: 0.001 Loaded shared library /usr/lib/jvm/java-21-openjdk/lib/libjava.so
Event: 0.017 Loaded shared library /usr/lib/jvm/java-21-openjdk/lib/libjsvml.so
Event: 0.023 Loaded shared library /usr/lib/jvm/java-21-openjdk/lib/libnio.so
Event: 0.024 Loaded shared library /usr/lib/jvm/java-21-openjdk/lib/libzip.so
Event: 0.029 Loaded shared library /usr/lib/jvm/java-21-openjdk/lib/libnet.so
Event: 0.092 Loaded shared library /usr/lib/jvm/java-21-openjdk/lib/libjimage.so
Event: 0.097 Loaded shared library /tmp/jansi-2.4.3-9330ce57a73ad52e-libjansi.so
Event: 0.103 Loaded shared library /usr/lib/jvm/java-21-openjdk/lib/libverify.so
Event: 1.120 Loaded shared library /tmp/lwjgl_timer/3.3.3+5/x64/liblwjgl.so
Event: 1.288 Loaded shared library /tmp/lwjgl_timer/3.3.3+5/x64/liblwjgl_opengl.so
Event: 1.365 Loaded shared library /tmp/skija_0.143.16_x64/libskija.so

Deoptimization events (20 events):
Event: 71.852 Thread 0x00007fa0dca88dc0 Uncommon trap: trap_request=0xffffff45 fr.pc=0x00007fa0cc08bf64 relative=0x0000000000000764
Event: 71.853 Thread 0x00007fa0dca88dc0 Uncommon trap: reason=unstable_if action=reinterpret pc=0x00007fa0cc08bf64 method=io.github.humbleui.skija.impl.Managed.<init>(JJZ)V @ 7 c2
Event: 71.853 Thread 0x00007fa0dca88dc0 DEOPT PACKING pc=0x00007fa0cc08bf64 sp=0x00007fa0655f62a0
Event: 71.853 Thread 0x00007fa0dca88dc0 DEOPT UNPACKING pc=0x00007fa0cb98af99 sp=0x00007fa0655f6288 mode 2
Event: 944.586 Thread 0x00007fa050009080 Uncommon trap: trap_request=0xffffff66 fr.pc=0x00007fa0cc0e6884 relative=0x0000000000000064
Event: 944.586 Thread 0x00007fa050009080 Uncommon trap: reason=speculate_class_check action=maybe_recompile pc=0x00007fa0cc0e6884 method=java.lang.invoke.Invokers$Holder.linkToTargetMethod(Ljava/lang/Object;Ljava/lang/Object;)Ljava/lang/Object; @ 1 c2
Event: 944.586 Thread 0x00007fa050009080 DEOPT PACKING pc=0x00007fa0cc0e6884 sp=0x00007fa0658f9150
Event: 944.586 Thread 0x00007fa050009080 DEOPT UNPACKING pc=0x00007fa0cb98af99 sp=0x00007fa0658f9110 mode 2
Event: 944.586 Thread 0x00007fa050009080 Uncommon trap: trap_request=0xffffff66 fr.pc=0x00007fa0cc0e6884 relative=0x0000000000000064
Event: 944.586 Thread 0x00007fa050009080 Uncommon trap: reason=speculate_class_check action=maybe_recompile pc=0x00007fa0cc0e6884 method=java.lang.invoke.Invokers$Holder.linkToTargetMethod(Ljava/lang/Object;Ljava/lang/Object;)Ljava/lang/Object; @ 1 c2
Event: 944.586 Thread 0x00007fa050009080 DEOPT PACKING pc=0x00007fa0cc0e6884 sp=0x00007fa0658f8f70
Event: 944.586 Thread 0x00007fa050009080 DEOPT UNPACKING pc=0x00007fa0cb98af99 sp=0x00007fa0658f8f30 mode 2
Event: 944.586 Thread 0x00007fa050009080 Uncommon trap: trap_request=0xffffff66 fr.pc=0x00007fa0cc0e6884 relative=0x0000000000000064
Event: 944.586 Thread 0x00007fa050009080 Uncommon trap: reason=speculate_class_check action=maybe_recompile pc=0x00007fa0cc0e6884 method=java.lang.invoke.Invokers$Holder.linkToTargetMethod(Ljava/lang/Object;Ljava/lang/Object;)Ljava/lang/Object; @ 1 c2
Event: 944.586 Thread 0x00007fa050009080 DEOPT PACKING pc=0x00007fa0cc0e6884 sp=0x00007fa0658f90c0
Event: 944.586 Thread 0x00007fa050009080 DEOPT UNPACKING pc=0x00007fa0cb98af99 sp=0x00007fa0658f9080 mode 2
Event: 944.586 Thread 0x00007fa050009080 Uncommon trap: trap_request=0xffffff66 fr.pc=0x00007fa0cc0e6884 relative=0x0000000000000064
Event: 944.586 Thread 0x00007fa050009080 Uncommon trap: reason=speculate_class_check action=maybe_recompile pc=0x00007fa0cc0e6884 method=java.lang.invoke.Invokers$Holder.linkToTargetMethod(Ljava/lang/Object;Ljava/lang/Object;)Ljava/lang/Object; @ 1 c2
Event: 944.586 Thread 0x00007fa050009080 DEOPT PACKING pc=0x00007fa0cc0e6884 sp=0x00007fa0658f90c0
Event: 944.586 Thread 0x00007fa050009080 DEOPT UNPACKING pc=0x00007fa0cb98af99 sp=0x00007fa0658f9080 mode 2

Classes loaded (20 events):
Event: 5.567 Loading class java/text/MessageFormat$Field
Event: 5.567 Loading class java/text/MessageFormat$Field done
Event: 944.585 Loading class jdk/internal/misc/Signal$1
Event: 944.585 Loading class jdk/internal/misc/Signal$1 done
Event: 944.585 Loading class jdk/internal/logger/LazyLoggers
Event: 944.585 Loading class jdk/internal/logger/LazyLoggers done
Event: 944.585 Loading class jdk/internal/logger/LazyLoggers$1
Event: 944.585 Loading class jdk/internal/logger/LazyLoggers$1 done
Event: 944.585 Loading class jdk/internal/logger/LazyLoggers$LazyLoggerFactories
Event: 944.585 Loading class jdk/internal/logger/LazyLoggers$LazyLoggerFactories done
Event: 944.585 Loading class jdk/internal/logger/LoggerFinderLoader
Event: 944.585 Loading class jdk/internal/logger/LoggerFinderLoader done
Event: 944.586 Loading class jdk/internal/logger/LoggerFinderLoader$TemporaryLoggerFinder
Event: 944.586 Loading class jdk/internal/logger/LoggerFinderLoader$TemporaryLoggerFinder done
Event: 944.586 Loading class sun/util/logging/internal/LoggingProviderImpl$JULWrapper
Event: 944.586 Loading class sun/util/logging/PlatformLogger$ConfigurableBridge$LoggerConfiguration
Event: 944.586 Loading class sun/util/logging/PlatformLogger$ConfigurableBridge$LoggerConfiguration done
Event: 944.586 Loading class sun/util/logging/internal/LoggingProviderImpl$JULWrapper done
Event: 944.586 Loading class java/lang/System$Logger$Level
Event: 944.586 Loading class java/lang/System$Logger$Level done

Classes unloaded (0 events):
No events

Classes redefined (0 events):
No events

Internal exceptions (20 events):
Event: 1.114 Thread 0x00007fa0dca88dc0 Exception <a 'java/lang/NoSuchMethodError'{0x00000007147190b0}: 'void java.lang.invoke.DirectMethodHandle$Holder.invokeStatic(java.lang.Object, java.lang.Object, int, java.lang.Object)'> (0x00000007147190b0) 
thrown [/usr/src/debug/java21-openjdk/jdk21u-jdk-21.0.11-10/src/hotspot/share/interpreter/linkResolver.cpp, line 772]
Event: 1.114 Thread 0x00007fa0dca88dc0 Exception <a 'java/lang/NoSuchMethodError'{0x00000007147202c0}: 'void java.lang.invoke.DelegatingMethodHandle$Holder.delegate(java.lang.Object, java.lang.Object, int, java.lang.Object)'> (0x00000007147202c0) 
thrown [/usr/src/debug/java21-openjdk/jdk21u-jdk-21.0.11-10/src/hotspot/share/interpreter/linkResolver.cpp, line 772]
Event: 1.116 Thread 0x00007fa0dca88dc0 Exception <a 'java/lang/NoSuchMethodError'{0x0000000714739598}: 'void java.lang.System.loadLibrary(java.lang.String, java.lang.Class)'> (0x0000000714739598) 
thrown [/usr/src/debug/java21-openjdk/jdk21u-jdk-21.0.11-10/src/hotspot/share/interpreter/linkResolver.cpp, line 772]
Event: 1.138 Thread 0x00007fa0dca88dc0 Exception <a 'java/lang/NoSuchMethodError'{0x00000007147bae40}: 'int java.lang.invoke.DirectMethodHandle$Holder.invokeStaticInit(java.lang.Object, java.lang.Object, int, long)'> (0x00000007147bae40) 
thrown [/usr/src/debug/java21-openjdk/jdk21u-jdk-21.0.11-10/src/hotspot/share/interpreter/linkResolver.cpp, line 772]
Event: 1.138 Thread 0x00007fa0dca88dc0 Exception <a 'java/lang/NoSuchMethodError'{0x00000007147bfe98}: 'java.lang.Object java.lang.invoke.DirectMethodHandle$Holder.newInvokeSpecial(java.lang.Object, java.lang.Object, int)'> (0x00000007147bfe98) 
thrown [/usr/src/debug/java21-openjdk/jdk21u-jdk-21.0.11-10/src/hotspot/share/interpreter/linkResolver.cpp, line 772]
Event: 1.139 Thread 0x00007fa0dca88dc0 Exception <a 'java/lang/NoSuchMethodError'{0x00000007147ce000}: 'int java.lang.invoke.DirectMethodHandle$Holder.invokeStaticInit(java.lang.Object, java.lang.Object, long, long)'> (0x00000007147ce000) 
thrown [/usr/src/debug/java21-openjdk/jdk21u-jdk-21.0.11-10/src/hotspot/share/interpreter/linkResolver.cpp, line 772]
Event: 1.139 Thread 0x00007fa0dca88dc0 Exception <a 'java/lang/NoSuchMethodError'{0x00000007147d37a8}: 'java.lang.Object java.lang.invoke.DirectMethodHandle$Holder.newInvokeSpecial(java.lang.Object, java.lang.Object, long)'> (0x00000007147d37a8) 
thrown [/usr/src/debug/java21-openjdk/jdk21u-jdk-21.0.11-10/src/hotspot/share/interpreter/linkResolver.cpp, line 772]
Event: 1.139 Thread 0x00007fa0dca88dc0 Exception <a 'java/lang/NoSuchMethodError'{0x00000007147d7410}: 'java.lang.Object java.lang.invoke.Invokers$Holder.linkToTargetMethod(java.lang.Object, long, java.lang.Object)'> (0x00000007147d7410) 
thrown [/usr/src/debug/java21-openjdk/jdk21u-jdk-21.0.11-10/src/hotspot/share/interpreter/linkResolver.cpp, line 772]
Event: 1.139 Thread 0x00007fa0dca88dc0 Exception <a 'java/lang/NoSuchMethodError'{0x00000007147de488}: 'int java.lang.invoke.DirectMethodHandle$Holder.invokeStaticInit(java.lang.Object, java.lang.Object, java.lang.Object, long)'> (0x00000007147de488) 
thrown [/usr/src/debug/java21-openjdk/jdk21u-jdk-21.0.11-10/src/hotspot/share/interpreter/linkResolver.cpp, line 772]
Event: 1.156 Thread 0x00007fa0dca88dc0 Exception <a 'java/lang/NoSuchMethodError'{0x000000071447d660}: 'int java.lang.invoke.Invokers$Holder.invokeExact_MT(java.lang.Object, java.lang.Object)'> (0x000000071447d660) 
thrown [/usr/src/debug/java21-openjdk/jdk21u-jdk-21.0.11-10/src/hotspot/share/interpreter/linkResolver.cpp, line 772]
Event: 1.286 Thread 0x00007fa0dca88dc0 Exception <a 'java/lang/NoSuchMethodError'{0x00000007144e4a28}: 'void java.lang.System.load(java.lang.String, java.lang.Class)'> (0x00000007144e4a28) 
thrown [/usr/src/debug/java21-openjdk/jdk21u-jdk-21.0.11-10/src/hotspot/share/interpreter/linkResolver.cpp, line 772]
Event: 1.286 Thread 0x00007fa0dca88dc0 Exception <a 'java/lang/NoSuchMethodError'{0x00000007144ed3e8}: 'void java.lang.System.loadLibrary(java.lang.String, java.lang.Class)'> (0x00000007144ed3e8) 
thrown [/usr/src/debug/java21-openjdk/jdk21u-jdk-21.0.11-10/src/hotspot/share/interpreter/linkResolver.cpp, line 772]
Event: 3.950 Thread 0x00007fa0dca88dc0 Exception <a 'java/lang/NoSuchMethodError'{0x0000000707edd278}: 'java.lang.Object java.lang.invoke.DirectMethodHandle$Holder.newInvokeSpecial(java.lang.Object, java.lang.Object, java.lang.Object, java.lang.Object, java.lang.Object, java.lang.Object, java.lang.Object, java.lang.Object, java.lang.Object, java.lang.Object, java.lang.Object)'> (0x0000000707edd278) 
thrown [/usr/src/debug/java21-openjdk/jdk21u-jdk-21.0.11-10/src/hotspot/share/interpreter/linkResolver.cpp, line 772]
Event: 4.048 Thread 0x00007fa0dca88dc0 Exception <a 'java/lang/NoSuchMethodError'{0x0000000707765f58}: 'java.lang.Object java.lang.invoke.DirectMethodHandle$Holder.invokeStaticInit(java.lang.Object, java.lang.Object, java.lang.Object, java.lang.Object, java.lang.Object)'> (0x0000000707765f58) 
thrown [/usr/src/debug/java21-openjdk/jdk21u-jdk-21.0.11-10/src/hotspot/share/interpreter/linkResolver.cpp, line 772]
Event: 4.747 Thread 0x00007fa0dca88dc0 Exception <a 'java/lang/NoSuchMethodError'{0x00000007138a6368}: 'double java.lang.invoke.DelegatingMethodHandle$Holder.reinvoke_L(java.lang.Object, java.lang.Object)'> (0x00000007138a6368) 
thrown [/usr/src/debug/java21-openjdk/jdk21u-jdk-21.0.11-10/src/hotspot/share/interpreter/linkResolver.cpp, line 772]
Event: 4.747 Thread 0x00007fa0dca88dc0 Exception <a 'java/lang/NoSuchMethodError'{0x00000007138acb98}: 'double java.lang.invoke.Invokers$Holder.invokeExact_MT(java.lang.Object, java.lang.Object, java.lang.Object)'> (0x00000007138acb98) 
thrown [/usr/src/debug/java21-openjdk/jdk21u-jdk-21.0.11-10/src/hotspot/share/interpreter/linkResolver.cpp, line 772]
Event: 4.747 Thread 0x00007fa0dca88dc0 Exception <a 'java/lang/NoSuchMethodError'{0x00000007138b2b90}: 'java.lang.Object java.lang.invoke.DirectMethodHandle$Holder.invokeVirtual(java.lang.Object, java.lang.Object, java.lang.Object, java.lang.Object)'> (0x00000007138b2b90) 
thrown [/usr/src/debug/java21-openjdk/jdk21u-jdk-21.0.11-10/src/hotspot/share/interpreter/linkResolver.cpp, line 772]
Event: 7.156 Thread 0x00007fa0dca88dc0 Implicit null exception at 0x00007fa0cc108400 to 0x00007fa0cc10d708
Event: 7.159 Thread 0x00007fa0dca88dc0 Exception <a 'java/lang/NoSuchMethodError'{0x000000070b7f5590}: 'double java.lang.invoke.DirectMethodHandle$Holder.invokeStatic(java.lang.Object, java.lang.Object)'> (0x000000070b7f5590) 
thrown [/usr/src/debug/java21-openjdk/jdk21u-jdk-21.0.11-10/src/hotspot/share/interpreter/linkResolver.cpp, line 772]
Event: 7.160 Thread 0x00007fa0dca88dc0 Implicit null exception at 0x00007fa0cc136e00 to 0x00007fa0cc13b360

ZGC Phase Switch (0 events):
No events

VM Operations (20 events):
Event: 450.084 Executing safepoint VM operation: G1CollectForAllocation (G1 Evacuation Pause) done
Event: 737.063 Executing safepoint VM operation: G1CollectForAllocation (G1 Evacuation Pause)
Event: 737.064 Executing safepoint VM operation: G1CollectForAllocation (G1 Evacuation Pause) done
Event: 742.514 Executing safepoint VM operation: G1CollectForAllocation (G1 Evacuation Pause)
Event: 742.515 Executing safepoint VM operation: G1CollectForAllocation (G1 Evacuation Pause) done
Event: 742.824 Executing safepoint VM operation: G1CollectForAllocation (G1 Evacuation Pause)
Event: 742.825 Executing safepoint VM operation: G1CollectForAllocation (G1 Evacuation Pause) done
Event: 743.366 Executing safepoint VM operation: G1CollectForAllocation (G1 Evacuation Pause)
Event: 743.367 Executing safepoint VM operation: G1CollectForAllocation (G1 Evacuation Pause) done
Event: 743.671 Executing safepoint VM operation: G1CollectForAllocation (G1 Evacuation Pause)
Event: 743.672 Executing safepoint VM operation: G1CollectForAllocation (G1 Evacuation Pause) done
Event: 743.977 Executing safepoint VM operation: G1CollectForAllocation (G1 Evacuation Pause)
Event: 743.977 Executing safepoint VM operation: G1CollectForAllocation (G1 Evacuation Pause) done
Event: 745.575 Executing safepoint VM operation: G1CollectForAllocation (G1 Evacuation Pause)
Event: 745.576 Executing safepoint VM operation: G1CollectForAllocation (G1 Evacuation Pause) done
Event: 745.883 Executing safepoint VM operation: G1CollectForAllocation (G1 Evacuation Pause)
Event: 745.884 Executing safepoint VM operation: G1CollectForAllocation (G1 Evacuation Pause) done
Event: 944.586 Executing safepoint VM operation: G1CollectForAllocation (G1 Evacuation Pause)
Event: 944.587 Executing safepoint VM operation: G1CollectForAllocation (G1 Evacuation Pause) done
Event: 944.587 Executing safepoint VM operation: Exit

Memory protections (20 events):
Event: 0.016 Protecting memory [0x00007fa0665fd000,0x00007fa066601000] with protection modes 0
Event: 0.016 Protecting memory [0x00007fa0664fc000,0x00007fa066500000] with protection modes 0
Event: 0.021 Protecting memory [0x00007fa06632a000,0x00007fa06632e000] with protection modes 0
Event: 0.022 Protecting memory [0x00007fa066229000,0x00007fa06622d000] with protection modes 0
Event: 0.073 Protecting memory [0x00007fa066128000,0x00007fa06612c000] with protection modes 0
Event: 0.091 Protecting memory [0x00007fa066027000,0x00007fa06602b000] with protection modes 0
Event: 0.817 Protecting memory [0x00007fa0658fc000,0x00007fa065900000] with protection modes 0
Event: 1.098 Protecting memory [0x00007fa0657fb000,0x00007fa0657ff000] with protection modes 0
Event: 1.099 Protecting memory [0x00007fa0656fa000,0x00007fa0656fe000] with protection modes 0
Event: 1.100 Protecting memory [0x00007fa0655f9000,0x00007fa0655fd000] with protection modes 0
Event: 1.101 Protecting memory [0x00007fa0654f8000,0x00007fa0654fc000] with protection modes 0
Event: 1.404 Protecting memory [0x00007f9ffd700000,0x00007f9ffd704000] with protection modes 0
Event: 3.883 Protecting memory [0x00007fa066128000,0x00007fa06612c000] with protection modes 0
Event: 5.567 Protecting memory [0x00007fa066128000,0x00007fa06612c000] with protection modes 0
Event: 7.099 Protecting memory [0x00007fa066128000,0x00007fa06612c000] with protection modes 0
Event: 20.997 Protecting memory [0x00007fa066128000,0x00007fa06612c000] with protection modes 0
Event: 22.452 Protecting memory [0x00007fa066128000,0x00007fa06612c000] with protection modes 0
Event: 944.585 Protecting memory [0x00007fa0657fb000,0x00007fa0657ff000] with protection modes 0
Event: 944.586 Protecting memory [0x00007fa0656fa000,0x00007fa0656fe000] with protection modes 0
Event: 944.586 Protecting memory [0x00007fa0655f9000,0x00007fa0655fd000] with protection modes 0

Nmethod flushes (0 events):
No events

Events (20 events):
Event: 2.179 Thread 0x00007fa04014dd70 Thread exited: 0x00007fa04014dd70
Event: 3.883 Thread 0x00007fa0dc155a70 Thread added: 0x00007fa04061d030
Event: 4.512 Thread 0x00007fa04061d030 Thread exited: 0x00007fa04061d030
Event: 5.567 Thread 0x00007fa0dc155a70 Thread added: 0x00007fa040594ea0
Event: 6.029 Thread 0x00007fa040594ea0 Thread exited: 0x00007fa040594ea0
Event: 7.099 Thread 0x00007fa0dc155a70 Thread added: 0x00007fa0405ab960
Event: 7.596 Thread 0x00007fa0405ab960 Thread exited: 0x00007fa0405ab960
Event: 20.997 Thread 0x00007fa0dc155a70 Thread added: 0x00007fa0405f8150
Event: 22.447 Thread 0x00007fa0405f8150 Thread exited: 0x00007fa0405f8150
Event: 22.452 Thread 0x00007fa0dc155a70 Thread added: 0x00007fa0405f80a0
Event: 22.763 Thread 0x00007fa0405f80a0 Thread exited: 0x00007fa0405f80a0
Event: 61.099 Thread 0x00007fa00c000f50 Thread exited: 0x00007fa00c000f50
Event: 121.099 Thread 0x00007fa0dca86050 Thread exited: 0x00007fa0dca86050
Event: 181.099 Thread 0x00007fa0dca85130 Thread exited: 0x00007fa0dca85130
Event: 944.585 Thread 0x00007fa0dc14fc50 Thread added: 0x00007fa050009080
Event: 944.586 Thread 0x00007fa050009080 Thread added: 0x00007fa018002670
Event: 944.586 Thread 0x00007fa050009080 Thread added: 0x00007fa018003700
Event: 944.587 Thread 0x00007fa018003700 Thread exited: 0x00007fa018003700
Event: 944.587 Thread 0x00007fa018002670 Thread exited: 0x00007fa018002670
Event: 944.587 Thread 0x00007fa050009080 Before exit entered


Dynamic libraries:
402a3000-40352000 rw-p 00000000 00:00 0 
41b2c000-41b2e000 r-xs 00000000 00:01 2964                               /memfd:/.glXXXXXX (deleted)
707000000-70de00000 rw-p 00000000 00:00 0 
70de00000-712600000 ---p 00000000 00:00 0 
712600000-712c00000 rw-p 00000000 00:00 0 
712c00000-713400000 ---p 00000000 00:00 0 
713400000-713a00000 rw-p 00000000 00:00 0 
713a00000-716800000 ---p 00000000 00:00 0 
716800000-716a00000 rw-p 00000000 00:00 0 
716a00000-7ff000000 ---p 00000000 00:00 0 
7ff000000-7ffe00000 rw-p 00000000 00:00 0 
7ffe00000-7fff0d000 rw-p 00cda000 00:20 776305                           /usr/lib/jvm/java-21-openjdk/lib/server/classes.jsa
7fff0d000-800000000 rw-p 00000000 00:00 0 
55adfc694000-55adfc695000 r--p 00000000 00:20 776031                     /usr/lib/jvm/java-21-openjdk/bin/java
55adfc695000-55adfc696000 r-xp 00001000 00:20 776031                     /usr/lib/jvm/java-21-openjdk/bin/java
55adfc696000-55adfc697000 r--p 00002000 00:20 776031                     /usr/lib/jvm/java-21-openjdk/bin/java
55adfc697000-55adfc698000 r--p 00002000 00:20 776031                     /usr/lib/jvm/java-21-openjdk/bin/java
55adfc698000-55adfc699000 rw-p 00003000 00:20 776031                     /usr/lib/jvm/java-21-openjdk/bin/java
55ae0e882000-55ae0e8c9000 rw-p 00000000 00:00 0                          [heap]
7f9fd4000000-7f9fd4021000 rw-p 00000000 00:00 0 
7f9fd4021000-7f9fd8000000 ---p 00000000 00:00 0 
7f9fda1ac000-7f9fdc021000 rw-p 00000000 00:00 0 
7f9fdc021000-7f9fe0000000 ---p 00000000 00:00 0 
7f9fe0400000-7f9fe2394000 r--p 00000000 00:20 539014                     /usr/lib/libicudata.so.78.3
7f9fe2394000-7f9fe2395000 r--p 01f93000 00:20 539014                     /usr/lib/libicudata.so.78.3
7f9fe2400000-7f9fe295b000 r--p 00000000 00:20 879929                     /usr/lib/libLLVM.so.22.1
7f9fe295b000-7f9fe860a000 r-xp 0055b000 00:20 879929                     /usr/lib/libLLVM.so.22.1
7f9fe860a000-7f9fec558000 r--p 0620a000 00:20 879929                     /usr/lib/libLLVM.so.22.1
7f9fec558000-7f9fec774000 r--p 0a158000 00:20 879929                     /usr/lib/libLLVM.so.22.1
7f9fec774000-7f9fec77e000 rw-p 0a374000 00:20 879929                     /usr/lib/libLLVM.so.22.1
7f9fec77e000-7f9fec84e000 rw-p 00000000 00:00 0 
7f9feca00000-7f9feca1a000 r--p 00000000 00:20 880067                     /usr/lib/libgallium-26.1.2-arch1.1.so
7f9feca1a000-7f9fee9d1000 r-xp 0001a000 00:20 880067                     /usr/lib/libgallium-26.1.2-arch1.1.so
7f9fee9d1000-7f9fefbc2000 r--p 01fd1000 00:20 880067                     /usr/lib/libgallium-26.1.2-arch1.1.so
7f9fefbc2000-7f9fefd33000 r--p 031c1000 00:20 880067                     /usr/lib/libgallium-26.1.2-arch1.1.so
7f9fefd33000-7f9fefd69000 rw-p 03332000 00:20 880067                     /usr/lib/libgallium-26.1.2-arch1.1.so
7f9fefd69000-7f9feff36000 rw-p 00000000 00:00 0 
7f9ff0000000-7f9ff0021000 rw-p 00000000 00:00 0 
7f9ff0021000-7f9ff4000000 ---p 00000000 00:00 0 
7f9ff4600000-7f9ff4a00000 rw-s 00000000 00:07 911                        /dev/nvidiactl
7f9ff4a00000-7f9ff5c96000 r--p 00000000 00:20 125631                     /usr/share/fonts/noto-cjk/NotoSansCJK-Regular.ttc
7f9ff5e00000-7f9ff6042000 r--p 00000000 00:20 741868                     /usr/lib/libnvidia-eglcore.so.580.142
7f9ff6042000-7f9ff6d06000 r-xp 00242000 00:20 741868                     /usr/lib/libnvidia-eglcore.so.580.142
7f9ff6d06000-7f9ff7da8000 r--p 00f06000 00:20 741868                     /usr/lib/libnvidia-eglcore.so.580.142
7f9ff7da8000-7f9ff7f20000 r--p 01fa7000 00:20 741868                     /usr/lib/libnvidia-eglcore.so.580.142
7f9ff7f20000-7f9ff7f74000 rw-p 0211f000 00:20 741868                     /usr/lib/libnvidia-eglcore.so.580.142
7f9ff7f74000-7f9ff7f8a000 rw-p 00000000 00:00 0 
7f9ff8000000-7f9ff86af000 rw-p 00000000 00:00 0 
7f9ff86af000-7f9ffc000000 ---p 00000000 00:00 0 
7f9ffc200000-7f9ffc400000 rw-s 00000000 00:07 911                        /dev/nvidiactl
7f9ffc400000-7f9ffc800000 rw-s 00000000 00:07 911                        /dev/nvidiactl
7f9ffc800000-7f9ffca00000 rw-s 00000000 00:07 911                        /dev/nvidiactl
7f9ffca00000-7f9ffcc00000 rw-s 00000000 00:07 911                        /dev/nvidiactl
7f9ffcc00000-7f9ffce00000 rw-s 00000000 00:07 911                        /dev/nvidiactl
7f9ffce00000-7f9ffd1f2000 r--s 00000000 00:20 9792                       /var/cache/fontconfig/923e285e415b1073c8df160bee08820f-le64.cache-11
7f9ffd2b3000-7f9ffd2b6000 r--p 00000000 00:20 43121                      /usr/lib/libpcre2-8.so.0.15.0
7f9ffd2b6000-7f9ffd334000 r-xp 00003000 00:20 43121                      /usr/lib/libpcre2-8.so.0.15.0
7f9ffd334000-7f9ffd35f000 r--p 00081000 00:20 43121                      /usr/lib/libpcre2-8.so.0.15.0
7f9ffd35f000-7f9ffd360000 r--p 000ab000 00:20 43121                      /usr/lib/libpcre2-8.so.0.15.0
7f9ffd360000-7f9ffd361000 rw-p 000ac000 00:20 43121                      /usr/lib/libpcre2-8.so.0.15.0
7f9ffd361000-7f9ffd37f000 r--p 00000000 00:20 816823                     /usr/lib/libglib-2.0.so.0.8800.1
7f9ffd37f000-7f9ffd42d000 r-xp 0001e000 00:20 816823                     /usr/lib/libglib-2.0.so.0.8800.1
7f9ffd42d000-7f9ffd4c1000 r--p 000cc000 00:20 816823                     /usr/lib/libglib-2.0.so.0.8800.1
7f9ffd4c1000-7f9ffd4c2000 r--p 00160000 00:20 816823                     /usr/lib/libglib-2.0.so.0.8800.1
7f9ffd4c2000-7f9ffd4c3000 rw-p 00161000 00:20 816823                     /usr/lib/libglib-2.0.so.0.8800.1
7f9ffd4c3000-7f9ffd4c4000 rw-p 00000000 00:00 0 
7f9ffd4c4000-7f9ffd4d1000 r--p 00000000 00:20 878112                     /usr/lib/libharfbuzz.so.0.61421.0
7f9ffd4d1000-7f9ffd5c7000 r-xp 0000d000 00:20 878112                     /usr/lib/libharfbuzz.so.0.61421.0
7f9ffd5c7000-7f9ffd5fb000 r--p 00103000 00:20 878112                     /usr/lib/libharfbuzz.so.0.61421.0
7f9ffd5fb000-7f9ffd5fd000 r--p 00136000 00:20 878112                     /usr/lib/libharfbuzz.so.0.61421.0
7f9ffd5fd000-7f9ffd5fe000 rw-p 00138000 00:20 878112                     /usr/lib/libharfbuzz.so.0.61421.0
7f9ffd5fe000-7f9ffd700000 rw-p 00000000 00:00 0 
7f9ffd700000-7f9ffd704000 ---p 00000000 00:00 0 
7f9ffd704000-7f9ffd800000 rw-p 00000000 00:00 0 
7f9ffd800000-7f9ffd848000 r--p 00000000 00:20 539029                     /usr/lib/libicuuc.so.78.3
7f9ffd848000-7f9ffd965000 r-xp 00048000 00:20 539029                     /usr/lib/libicuuc.so.78.3
7f9ffd965000-7f9ffd9f8000 r--p 00165000 00:20 539029                     /usr/lib/libicuuc.so.78.3
7f9ffd9f8000-7f9ffda0b000 r--p 001f8000 00:20 539029                     /usr/lib/libicuuc.so.78.3
7f9ffda0b000-7f9ffda0c000 rw-p 0020b000 00:20 539029                     /usr/lib/libicuuc.so.78.3
7f9ffda0c000-7f9ffda0e000 rw-p 00000000 00:00 0 
7f9ffda90000-7f9ffda9d000 r--p 00000000 00:20 535195                     /usr/lib/libncursesw.so.6.6
7f9ffda9d000-7f9ffdae5000 r-xp 0000d000 00:20 535195                     /usr/lib/libncursesw.so.6.6
7f9ffdae5000-7f9ffdafb000 r--p 00055000 00:20 535195                     /usr/lib/libncursesw.so.6.6
7f9ffdafb000-7f9ffdb00000 r--p 0006a000 00:20 535195                     /usr/lib/libncursesw.so.6.6
7f9ffdb00000-7f9ffdb01000 rw-p 0006f000 00:20 535195                     /usr/lib/libncursesw.so.6.6
7f9ffdb01000-7f9ffdb1b000 r--p 00000000 00:20 550973                     /usr/lib/libxml2.so.16.1.3
7f9ffdb1b000-7f9ffdbef000 r-xp 0001a000 00:20 550973                     /usr/lib/libxml2.so.16.1.3
7f9ffdbef000-7f9ffdc2c000 r--p 000ee000 00:20 550973                     /usr/lib/libxml2.so.16.1.3
7f9ffdc2c000-7f9ffdc35000 r--p 0012b000 00:20 550973                     /usr/lib/libxml2.so.16.1.3
7f9ffdc35000-7f9ffdc36000 rw-p 00134000 00:20 550973                     /usr/lib/libxml2.so.16.1.3
7f9ffdc36000-7f9ffdc37000 rw-p 00000000 00:00 0 
7f9ffdc37000-7f9ffdc4e000 r--p 00000000 00:20 879981                     /usr/lib/libSPIRV-Tools.so
7f9ffdc4e000-7f9ffdd7a000 r-xp 00017000 00:20 879981                     /usr/lib/libSPIRV-Tools.so
7f9ffdd7a000-7f9ffddfc000 r--p 00143000 00:20 879981                     /usr/lib/libSPIRV-Tools.so
7f9ffddfc000-7f9ffddff000 r--p 001c5000 00:20 879981                     /usr/lib/libSPIRV-Tools.so
7f9ffddff000-7f9ffde00000 rw-p 001c8000 00:20 879981                     /usr/lib/libSPIRV-Tools.so
7f9ffde00000-7f9ffdec5000 r--p 00000000 00:31 11648                      /tmp/skija_0.143.16_x64/libskija.so
7f9ffdec5000-7f9ffebf5000 r-xp 000c5000 00:31 11648                      /tmp/skija_0.143.16_x64/libskija.so
7f9ffebf5000-7f9fff88e000 r--p 00df5000 00:31 11648                      /tmp/skija_0.143.16_x64/libskija.so
7f9fff88e000-7f9fff8ca000 r--p 01a8d000 00:31 11648                      /tmp/skija_0.143.16_x64/libskija.so
7f9fff8ca000-7f9fff8ce000 rw-p 01ac9000 00:31 11648                      /tmp/skija_0.143.16_x64/libskija.so
7f9fff8ce000-7f9fff8d7000 rw-p 00000000 00:00 0 
7f9fff8f1000-7f9fff91a000 r--s 00000000 00:20 9748                       /var/cache/fontconfig/f2e43df3287529323e79e7929dc44cc9-le64.cache-11
7f9fff91a000-7f9fff926000 r--p 00000000 00:20 329226                     /usr/lib/libzstd.so.1.5.7
7f9fff926000-7f9fff9ed000 r-xp 0000c000 00:20 329226                     /usr/lib/libzstd.so.1.5.7
7f9fff9ed000-7f9fff9fe000 r--p 000d3000 00:20 329226                     /usr/lib/libzstd.so.1.5.7
7f9fff9fe000-7f9fff9ff000 r--p 000e4000 00:20 329226                     /usr/lib/libzstd.so.1.5.7
7f9fff9ff000-7f9fffa00000 rw-p 000e5000 00:20 329226                     /usr/lib/libzstd.so.1.5.7
7f9fffa00000-7f9fffcab000 r--p 00000000 00:20 741882                     /usr/lib/libnvidia-gpucomp.so.580.142
7f9fffcab000-7fa002d99000 r-xp 002ab000 00:20 741882                     /usr/lib/libnvidia-gpucomp.so.580.142
7fa002d99000-7fa003c09000 r--p 03399000 00:20 741882                     /usr/lib/libnvidia-gpucomp.so.580.142
7fa003c09000-7fa003c0a000 ---p 04209000 00:20 741882                     /usr/lib/libnvidia-gpucomp.so.580.142
7fa003c0a000-7fa003de1000 r--p 04209000 00:20 741882                     /usr/lib/libnvidia-gpucomp.so.580.142
7fa003de1000-7fa003eec000 rw-p 043e0000 00:20 741882                     /usr/lib/libnvidia-gpucomp.so.580.142
7fa003eec000-7fa003f8c000 rw-p 00000000 00:00 0 
7fa003fa7000-7fa003fc4000 r--s 00000000 00:20 9736                       /var/cache/fontconfig/f6b893a7224233d96cb72fd88691c0b4-le64.cache-11
7fa003fc4000-7fa003fca000 r--p 00000000 00:20 879874                     /usr/lib/libedit.so.0.0.78
7fa003fca000-7fa003fec000 r-xp 00006000 00:20 879874                     /usr/lib/libedit.so.0.0.78
7fa003fec000-7fa003ff9000 r--p 00028000 00:20 879874                     /usr/lib/libedit.so.0.0.78
7fa003ff9000-7fa003ffc000 r--p 00034000 00:20 879874                     /usr/lib/libedit.so.0.0.78
7fa003ffc000-7fa003ffd000 rw-p 00037000 00:20 879874                     /usr/lib/libedit.so.0.0.78
7fa003ffd000-7fa0050a0000 rw-p 00000000 00:00 0 
7fa0050a0000-7fa008000000 ---p 00000000 00:00 0 
7fa008007000-7fa008009000 r--p 00000000 00:20 878041                     /usr/lib/libgraphite2.so.3.3.1
7fa008009000-7fa008022000 r-xp 00002000 00:20 878041                     /usr/lib/libgraphite2.so.3.3.1
7fa008022000-7fa008027000 r--p 0001b000 00:20 878041                     /usr/lib/libgraphite2.so.3.3.1
7fa008027000-7fa008029000 r--p 0001f000 00:20 878041                     /usr/lib/libgraphite2.so.3.3.1
7fa008029000-7fa00802a000 rw-p 00021000 00:20 878041                     /usr/lib/libgraphite2.so.3.3.1
7fa00802a000-7fa00802c000 r--p 00000000 00:20 551097                     /usr/lib/libpciaccess.so.0.11.1
7fa00802c000-7fa008031000 r-xp 00002000 00:20 551097                     /usr/lib/libpciaccess.so.0.11.1
7fa008031000-7fa008033000 r--p 00007000 00:20 551097                     /usr/lib/libpciaccess.so.0.11.1
7fa008033000-7fa008034000 r--p 00008000 00:20 551097                     /usr/lib/libpciaccess.so.0.11.1
7fa008034000-7fa008035000 rw-p 00009000 00:20 551097                     /usr/lib/libpciaccess.so.0.11.1
7fa008035000-7fa008038000 r--p 00000000 00:20 878182                     /usr/lib/libdrm_intel.so.1.134.0
7fa008038000-7fa00804f000 r-xp 00003000 00:20 878182                     /usr/lib/libdrm_intel.so.1.134.0
7fa00804f000-7fa008059000 r--p 0001a000 00:20 878182                     /usr/lib/libdrm_intel.so.1.134.0
7fa008059000-7fa00805a000 r--p 00023000 00:20 878182                     /usr/lib/libdrm_intel.so.1.134.0
7fa00805a000-7fa00805b000 rw-p 00024000 00:20 878182                     /usr/lib/libdrm_intel.so.1.134.0
7fa00805b000-7fa00805e000 r--p 00000000 00:20 879789                     /usr/lib/libelf-0.195.so
7fa00805e000-7fa008072000 r-xp 00003000 00:20 879789                     /usr/lib/libelf-0.195.so
7fa008072000-7fa008076000 r--p 00017000 00:20 879789                     /usr/lib/libelf-0.195.so
7fa008076000-7fa008077000 r--p 0001b000 00:20 879789                     /usr/lib/libelf-0.195.so
7fa008077000-7fa008078000 rw-p 0001c000 00:20 879789                     /usr/lib/libelf-0.195.so
7fa008078000-7fa00899a000 rw-p 00000000 00:00 0 
7fa00899a000-7fa00919b000 rw-p 00000000 00:00 0 
7fa00919b000-7fa0091cf000 r--p 00000000 00:20 741840                     /usr/lib/libEGL_nvidia.so.580.142
7fa0091cf000-7fa009266000 r-xp 00034000 00:20 741840                     /usr/lib/libEGL_nvidia.so.580.142
7fa009266000-7fa0092ba000 r--p 000cb000 00:20 741840                     /usr/lib/libEGL_nvidia.so.580.142
7fa0092ba000-7fa0092bb000 ---p 0011f000 00:20 741840                     /usr/lib/libEGL_nvidia.so.580.142
7fa0092bb000-7fa0092c3000 r--p 0011f000 00:20 741840                     /usr/lib/libEGL_nvidia.so.580.142
7fa0092c3000-7fa0092d9000 rw-p 00127000 00:20 741840                     /usr/lib/libEGL_nvidia.so.580.142
7fa0092d9000-7fa009c00000 rw-p 00000000 00:00 0 
7fa009c00000-7fa009e59000 r-xp 00000000 00:20 741876                     /usr/lib/libnvidia-glcore.so.580.142
7fa009e59000-7fa009e7a000 rwxp 00259000 00:20 741876                     /usr/lib/libnvidia-glcore.so.580.142
7fa009e7a000-7fa00a000000 r-xp 0027a000 00:20 741876                     /usr/lib/libnvidia-glcore.so.580.142
7fa00a000000-7fa00ac00000 r-xp 00400000 00:20 741876                     /usr/lib/libnvidia-glcore.so.580.142
7fa00ac00000-7fa00bd7a000 r-xp 01000000 00:20 741876                     /usr/lib/libnvidia-glcore.so.580.142
7fa00bd7a000-7fa00bd7b000 ---p 0217a000 00:20 741876                     /usr/lib/libnvidia-glcore.so.580.142
7fa00bd7b000-7fa00bef6000 r--p 0217a000 00:20 741876                     /usr/lib/libnvidia-glcore.so.580.142
7fa00bef6000-7fa00bf59000 rw-p 022f5000 00:20 741876                     /usr/lib/libnvidia-glcore.so.580.142
7fa00bf59000-7fa00bf79000 rw-p 00000000 00:00 0 
7fa00bf82000-7fa00bf85000 r--p 00000000 00:20 878179                     /usr/lib/libdrm_amdgpu.so.1.134.0
7fa00bf85000-7fa00bf8b000 r-xp 00003000 00:20 878179                     /usr/lib/libdrm_amdgpu.so.1.134.0
7fa00bf8b000-7fa00bf8d000 r--p 00009000 00:20 878179                     /usr/lib/libdrm_amdgpu.so.1.134.0
7fa00bf8d000-7fa00bf8e000 r--p 0000a000 00:20 878179                     /usr/lib/libdrm_amdgpu.so.1.134.0
7fa00bf8e000-7fa00bf8f000 rw-p 0000b000 00:20 878179                     /usr/lib/libdrm_amdgpu.so.1.134.0
7fa00bf8f000-7fa00bf91000 r--p 00000000 00:20 43223                      /usr/lib/libsensors.so.5.0.0
7fa00bf91000-7fa00bf99000 r-xp 00002000 00:20 43223                      /usr/lib/libsensors.so.5.0.0
7fa00bf99000-7fa00bf9d000 r--p 0000a000 00:20 43223                      /usr/lib/libsensors.so.5.0.0
7fa00bf9d000-7fa00bf9e000 r--p 0000e000 00:20 43223                      /usr/lib/libsensors.so.5.0.0
7fa00bf9e000-7fa00bf9f000 rw-p 0000f000 00:20 43223                      /usr/lib/libsensors.so.5.0.0
7fa00bf9f000-7fa00bfa5000 r--p 00000000 00:20 880062                     /usr/lib/libEGL_mesa.so.0.0.0
7fa00bfa5000-7fa00bfdf000 r-xp 00006000 00:20 880062                     /usr/lib/libEGL_mesa.so.0.0.0
7fa00bfdf000-7fa00bff1000 r--p 00040000 00:20 880062                     /usr/lib/libEGL_mesa.so.0.0.0
7fa00bff1000-7fa00bffe000 r--p 00052000 00:20 880062                     /usr/lib/libEGL_mesa.so.0.0.0
7fa00bffe000-7fa00bfff000 rw-p 0005f000 00:20 880062                     /usr/lib/libEGL_mesa.so.0.0.0
7fa00bfff000-7fa00c021000 rw-p 00000000 00:00 0 
7fa00c021000-7fa010000000 ---p 00000000 00:00 0 
7fa010000000-7fa010021000 rw-p 00000000 00:00 0 
7fa010021000-7fa014000000 ---p 00000000 00:00 0 
7fa014000000-7fa014021000 rw-p 00000000 00:00 0 
7fa014021000-7fa018000000 ---p 00000000 00:00 0 
7fa018000000-7fa018021000 rw-p 00000000 00:00 0 
7fa018021000-7fa01c000000 ---p 00000000 00:00 0 
7fa01c000000-7fa01c021000 rw-p 00000000 00:00 0 
7fa01c021000-7fa020000000 ---p 00000000 00:00 0 
7fa020000000-7fa020021000 rw-p 00000000 00:00 0 
7fa020021000-7fa024000000 ---p 00000000 00:00 0 
7fa024000000-7fa02402a000 rw-p 00000000 00:00 0 
7fa02402a000-7fa028000000 ---p 00000000 00:00 0 
7fa028000000-7fa028021000 rw-p 00000000 00:00 0 
7fa028021000-7fa02c000000 ---p 00000000 00:00 0 
7fa02c000000-7fa02d600000 rw-p 00000000 00:00 0 
7fa02d600000-7fa030000000 ---p 00000000 00:00 0 
7fa030000000-7fa030021000 rw-p 00000000 00:00 0 
7fa030021000-7fa034000000 ---p 00000000 00:00 0 
7fa034000000-7fa034021000 rw-p 00000000 00:00 0 
7fa034021000-7fa038000000 ---p 00000000 00:00 0 
7fa038000000-7fa038021000 rw-p 00000000 00:00 0 
7fa038021000-7fa03c000000 ---p 00000000 00:00 0 
7fa03c000000-7fa03f381000 rw-p 00000000 00:00 0 
7fa03f381000-7fa040000000 ---p 00000000 00:00 0 
7fa040000000-7fa040827000 rw-p 00000000 00:00 0 
7fa040827000-7fa044000000 ---p 00000000 00:00 0 
7fa044000000-7fa044021000 rw-p 00000000 00:00 0 
7fa044021000-7fa048000000 ---p 00000000 00:00 0 
7fa048000000-7fa048021000 rw-p 00000000 00:00 0 
7fa048021000-7fa04c000000 ---p 00000000 00:00 0 
7fa04c000000-7fa04c021000 rw-p 00000000 00:00 0 
7fa04c021000-7fa050000000 ---p 00000000 00:00 0 
7fa050000000-7fa050021000 rw-p 00000000 00:00 0 
7fa050021000-7fa054000000 ---p 00000000 00:00 0 
7fa054000000-7fa054021000 rw-p 00000000 00:00 0 
7fa054021000-7fa058000000 ---p 00000000 00:00 0 
7fa058000000-7fa058021000 rw-p 00000000 00:00 0 
7fa058021000-7fa05c000000 ---p 00000000 00:00 0 
7fa05c000000-7fa05c400000 rw-p 00000000 00:00 0 
7fa05c400000-7fa05cf80000 rw-p 00000000 00:00 0 
7fa05cf80000-7fa05d000000 rw-p 00000000 00:00 0 
7fa05d000000-7fa05d690000 rw-p 00000000 00:00 0 
7fa05d690000-7fa05d700000 ---p 00000000 00:00 0 
7fa05d700000-7fa05d710000 rw-p 00000000 00:00 0 
7fa05d710000-7fa060000000 ---p 00000000 00:00 0 
7fa060000000-7fa060021000 rw-p 00000000 00:00 0 
7fa060021000-7fa064000000 ---p 00000000 00:00 0 
7fa064006000-7fa064007000 r--p 00000000 00:20 43467                      /usr/lib/libxshmfence.so.1.0.0
7fa064007000-7fa064008000 r-xp 00001000 00:20 43467                      /usr/lib/libxshmfence.so.1.0.0
7fa064008000-7fa064009000 r--p 00002000 00:20 43467                      /usr/lib/libxshmfence.so.1.0.0
7fa064009000-7fa06400a000 r--p 00002000 00:20 43467                      /usr/lib/libxshmfence.so.1.0.0
7fa06400a000-7fa06400b000 rw-p 00003000 00:20 43467                      /usr/lib/libxshmfence.so.1.0.0
7fa064033000-7fa064035000 r--p 00000000 00:20 880070                     /usr/lib/libgbm.so.1.0.0
7fa064035000-7fa064036000 r-xp 00002000 00:20 880070                     /usr/lib/libgbm.so.1.0.0
7fa064036000-7fa064037000 r--p 00003000 00:20 880070                     /usr/lib/libgbm.so.1.0.0
7fa064037000-7fa064038000 r--p 00003000 00:20 880070                     /usr/lib/libgbm.so.1.0.0
7fa064038000-7fa064039000 rw-p 00004000 00:20 880070                     /usr/lib/libgbm.so.1.0.0
7fa064041000-7fa064043000 r--p 00000000 00:20 42553                      /usr/lib/libffi.so.8.2.0
7fa064043000-7fa06404a000 r-xp 00002000 00:20 42553                      /usr/lib/libffi.so.8.2.0
7fa06404a000-7fa06404b000 r--p 00009000 00:20 42553                      /usr/lib/libffi.so.8.2.0
7fa06404b000-7fa06404c000 r--p 0000a000 00:20 42553                      /usr/lib/libffi.so.8.2.0
7fa06404c000-7fa06404d000 rw-p 0000b000 00:20 42553                      /usr/lib/libffi.so.8.2.0
7fa06404d000-7fa064052000 r--p 00000000 00:20 551078                     /usr/lib/libwayland-server.so.0.25.0
7fa064052000-7fa06405b000 r-xp 00005000 00:20 551078                     /usr/lib/libwayland-server.so.0.25.0
7fa06405b000-7fa06405f000 r--p 0000e000 00:20 551078                     /usr/lib/libwayland-server.so.0.25.0
7fa06405f000-7fa064061000 r--p 00012000 00:20 551078                     /usr/lib/libwayland-server.so.0.25.0
7fa064061000-7fa064062000 rw-p 00014000 00:20 551078                     /usr/lib/libwayland-server.so.0.25.0
7fa064076000-7fa06407c000 r--s 00000000 00:20 9744                       /var/cache/fontconfig/b67b32625a2bb51b023d3814a918f351-le64.cache-11
7fa06407c000-7fa064088000 r--s 00000000 00:20 9734                       /var/cache/fontconfig/4b31aef11cb0687b6d280d34cbe23592-le64.cache-11
7fa064088000-7fa064091000 r--s 00000000 00:20 124722                     /home/timer/.cache/fontconfig/b7b00c0a2e1172bf404c9af60c313552-le64.cache-11
7fa064091000-7fa064092000 r--p 00000000 00:20 42398                      /usr/lib/libbrotlicommon.so.1.2.0
7fa064092000-7fa064093000 r-xp 00001000 00:20 42398                      /usr/lib/libbrotlicommon.so.1.2.0
7fa064093000-7fa0640b2000 r--p 00002000 00:20 42398                      /usr/lib/libbrotlicommon.so.1.2.0
7fa0640b2000-7fa0640b3000 r--p 00021000 00:20 42398                      /usr/lib/libbrotlicommon.so.1.2.0
7fa0640b3000-7fa0640b4000 rw-p 00022000 00:20 42398                      /usr/lib/libbrotlicommon.so.1.2.0
7fa0640b4000-7fa0640b5000 r--p 00000000 00:20 42399                      /usr/lib/libbrotlidec.so.1.2.0
7fa0640b5000-7fa0640be000 r-xp 00001000 00:20 42399                      /usr/lib/libbrotlidec.so.1.2.0
7fa0640be000-7fa0640c1000 r--p 0000a000 00:20 42399                      /usr/lib/libbrotlidec.so.1.2.0
7fa0640c1000-7fa0640c2000 r--p 0000c000 00:20 42399                      /usr/lib/libbrotlidec.so.1.2.0
7fa0640c2000-7fa0640c3000 rw-p 0000d000 00:20 42399                      /usr/lib/libbrotlidec.so.1.2.0
7fa0640c3000-7fa0640c9000 r--p 00000000 00:20 538631                     /usr/lib/libpng16.so.16.58.0
7fa0640c9000-7fa0640f3000 r-xp 00006000 00:20 538631                     /usr/lib/libpng16.so.16.58.0
7fa0640f3000-7fa0640fc000 r--p 00030000 00:20 538631                     /usr/lib/libpng16.so.16.58.0
7fa0640fc000-7fa0640fd000 r--p 00039000 00:20 538631                     /usr/lib/libpng16.so.16.58.0
7fa0640fd000-7fa0640fe000 rw-p 0003a000 00:20 538631                     /usr/lib/libpng16.so.16.58.0
7fa0640fe000-7fa064100000 r--p 00000000 00:20 42408                      /usr/lib/libbz2.so.1.0.8
7fa064100000-7fa06410d000 r-xp 00002000 00:20 42408                      /usr/lib/libbz2.so.1.0.8
7fa06410d000-7fa06410f000 r--p 0000f000 00:20 42408                      /usr/lib/libbz2.so.1.0.8
7fa06410f000-7fa064110000 r--p 00010000 00:20 42408                      /usr/lib/libbz2.so.1.0.8
7fa064110000-7fa064111000 rw-p 00011000 00:20 42408                      /usr/lib/libbz2.so.1.0.8
7fa064111000-7fa064113000 r--p 00000000 00:20 877680                     /usr/lib/libexpat.so.1.12.1
7fa064113000-7fa064133000 r-xp 00002000 00:20 877680                     /usr/lib/libexpat.so.1.12.1
7fa064133000-7fa06413b000 r--p 00022000 00:20 877680                     /usr/lib/libexpat.so.1.12.1
7fa06413b000-7fa06413d000 r--p 0002a000 00:20 877680                     /usr/lib/libexpat.so.1.12.1
7fa06413d000-7fa06413e000 rw-p 0002c000 00:20 877680                     /usr/lib/libexpat.so.1.12.1
7fa06413e000-7fa064144000 r--p 00000000 00:20 538700                     /usr/lib/libfreetype.so.6.20.6
7fa064144000-7fa0641dc000 r-xp 00006000 00:20 538700                     /usr/lib/libfreetype.so.6.20.6
7fa0641dc000-7fa064205000 r--p 0009e000 00:20 538700                     /usr/lib/libfreetype.so.6.20.6
7fa064205000-7fa06420d000 r--p 000c6000 00:20 538700                     /usr/lib/libfreetype.so.6.20.6
7fa06420d000-7fa06420e000 rw-p 000ce000 00:20 538700                     /usr/lib/libfreetype.so.6.20.6
7fa06420e000-7fa064214000 r--p 00000000 00:20 877709                     /usr/lib/libfontconfig.so.1.17.0
7fa064214000-7fa064248000 r-xp 00006000 00:20 877709                     /usr/lib/libfontconfig.so.1.17.0
7fa064248000-7fa064261000 r--p 0003a000 00:20 877709                     /usr/lib/libfontconfig.so.1.17.0
7fa064261000-7fa06426a000 r--p 00053000 00:20 877709                     /usr/lib/libfontconfig.so.1.17.0
7fa06426a000-7fa06426b000 rw-p 0005c000 00:20 877709                     /usr/lib/libfontconfig.so.1.17.0
7fa06426b000-7fa06426d000 r--p 00000000 00:20 41650                      /usr/lib/libEGL.so.1.1.0
7fa06426d000-7fa064277000 r-xp 00002000 00:20 41650                      /usr/lib/libEGL.so.1.1.0
7fa064277000-7fa06427b000 r--p 0000c000 00:20 41650                      /usr/lib/libEGL.so.1.1.0
7fa06427b000-7fa06427c000 r--p 0000f000 00:20 41650                      /usr/lib/libEGL.so.1.1.0
7fa06427c000-7fa06427d000 rw-p 00010000 00:20 41650                      /usr/lib/libEGL.so.1.1.0
7fa06427d000-7fa0642ac000 r--p 00000000 00:20 41655                      /usr/lib/libGL.so.1.7.0
7fa0642ac000-7fa0642cb000 r-xp 0002f000 00:20 41655                      /usr/lib/libGL.so.1.7.0
7fa0642cb000-7fa0642df000 r--p 0004e000 00:20 41655                      /usr/lib/libGL.so.1.7.0
7fa0642df000-7fa0642ed000 r--p 00062000 00:20 41655                      /usr/lib/libGL.so.1.7.0
7fa0642ed000-7fa0642ee000 rw-p 00070000 00:20 41655                      /usr/lib/libGL.so.1.7.0
7fa0642ee000-7fa0642ef000 rw-p 00000000 00:00 0 
7fa0642f3000-7fa0642f6000 r--p 00000000 00:20 551069                     /usr/lib/libwayland-client.so.0.25.0
7fa0642f6000-7fa0642fd000 r-xp 00003000 00:20 551069                     /usr/lib/libwayland-client.so.0.25.0
7fa0642fd000-7fa064300000 r--p 0000a000 00:20 551069                     /usr/lib/libwayland-client.so.0.25.0
7fa064300000-7fa064302000 r--p 0000c000 00:20 551069                     /usr/lib/libwayland-client.so.0.25.0
7fa064302000-7fa064303000 rw-p 0000e000 00:20 551069                     /usr/lib/libwayland-client.so.0.25.0
7fa064317000-7fa06431e000 r--s 00000000 00:20 816026                     /usr/lib/gconv/gconv-modules.cache
7fa06431e000-7fa064351000 r--p 00000000 00:31 11645                      /tmp/lwjgl_timer/3.3.3+5/x64/liblwjgl_opengl.so
7fa064351000-7fa064365000 r-xp 00033000 00:31 11645                      /tmp/lwjgl_timer/3.3.3+5/x64/liblwjgl_opengl.so
7fa064365000-7fa064375000 r--p 00047000 00:31 11645                      /tmp/lwjgl_timer/3.3.3+5/x64/liblwjgl_opengl.so
7fa064375000-7fa064376000 r--p 00056000 00:31 11645                      /tmp/lwjgl_timer/3.3.3+5/x64/liblwjgl_opengl.so
7fa064376000-7fa064377000 rw-p 00057000 00:31 11645                      /tmp/lwjgl_timer/3.3.3+5/x64/liblwjgl_opengl.so
7fa064377000-7fa0643f7000 rw-s 00000000 00:07 911                        /dev/nvidiactl
7fa0643f7000-7fa0644f7000 rw-s 00000000 00:07 911                        /dev/nvidiactl
7fa0644f7000-7fa06450a000 rw-s 00000000 00:07 911                        /dev/nvidiactl
7fa06450a000-7fa06454a000 rw-s 00000000 00:07 911                        /dev/nvidiactl
7fa06454a000-7fa06456a000 rw-s 00000000 00:07 911                        /dev/nvidiactl
7fa06456a000-7fa06458a000 rw-s 00000000 00:07 911                        /dev/nvidiactl
7fa06458a000-7fa0645ca000 rw-s 00000000 00:07 911                        /dev/nvidiactl
7fa0645ca000-7fa0645ea000 rw-s 00000000 00:07 911                        /dev/nvidiactl
7fa0645ea000-7fa06462a000 rw-s 00000000 00:07 911                        /dev/nvidiactl
7fa06462a000-7fa06464a000 rw-s 00000000 00:07 911                        /dev/nvidiactl
7fa06464a000-7fa06466a000 rw-s 00000000 00:07 911                        /dev/nvidiactl
7fa06466a000-7fa06468a000 rw-s 00000000 00:07 911                        /dev/nvidiactl
7fa06468a000-7fa06468d000 r--p 00000000 00:20 741861                     /usr/lib/libnvidia-allocator.so.580.142
7fa06468d000-7fa0646a6000 r-xp 00003000 00:20 741861                     /usr/lib/libnvidia-allocator.so.580.142
7fa0646a6000-7fa0646b1000 r--p 0001c000 00:20 741861                     /usr/lib/libnvidia-allocator.so.580.142
7fa0646b1000-7fa0646b2000 r--p 00026000 00:20 741861                     /usr/lib/libnvidia-allocator.so.580.142
7fa0646b2000-7fa0646b3000 rw-p 00027000 00:20 741861                     /usr/lib/libnvidia-allocator.so.580.142
7fa0646b3000-7fa0646b4000 rw-p 00000000 00:00 0 
7fa0646b4000-7fa0646b9000 r--p 00000000 00:20 878176                     /usr/lib/libdrm.so.2.134.0
7fa0646b9000-7fa0646c5000 r-xp 00005000 00:20 878176                     /usr/lib/libdrm.so.2.134.0
7fa0646c5000-7fa0646c9000 r--p 00011000 00:20 878176                     /usr/lib/libdrm.so.2.134.0
7fa0646c9000-7fa0646ca000 r--p 00015000 00:20 878176                     /usr/lib/libdrm.so.2.134.0
7fa0646ca000-7fa0646cb000 rw-p 00016000 00:20 878176                     /usr/lib/libdrm.so.2.134.0
7fa0646cb000-7fa0646e0000 r--p 00000000 00:20 874895                     /usr/lib/libsystemd.so.0.43.0
7fa0646e0000-7fa0647b0000 r-xp 00015000 00:20 874895                     /usr/lib/libsystemd.so.0.43.0
7fa0647b0000-7fa0647fb000 r--p 000e5000 00:20 874895                     /usr/lib/libsystemd.so.0.43.0
7fa0647fb000-7fa064804000 r--p 0012f000 00:20 874895                     /usr/lib/libsystemd.so.0.43.0
7fa064804000-7fa064805000 rw-p 00138000 00:20 874895                     /usr/lib/libsystemd.so.0.43.0
7fa064805000-7fa064806000 rw-p 00000000 00:00 0 
7fa064806000-7fa064814000 r--p 00000000 00:20 42465                      /usr/lib/libdbus-1.so.3.38.3
7fa064814000-7fa064845000 r-xp 0000e000 00:20 42465                      /usr/lib/libdbus-1.so.3.38.3
7fa064845000-7fa064856000 r--p 0003f000 00:20 42465                      /usr/lib/libdbus-1.so.3.38.3
7fa064856000-7fa064858000 r--p 0004f000 00:20 42465                      /usr/lib/libdbus-1.so.3.38.3
7fa064858000-7fa064859000 rw-p 00051000 00:20 42465                      /usr/lib/libdbus-1.so.3.38.3
7fa064859000-7fa06485c000 r--p 00000000 00:20 43448                      /usr/lib/libxcb-xfixes.so.0.0.0
7fa06485c000-7fa06485f000 r-xp 00003000 00:20 43448                      /usr/lib/libxcb-xfixes.so.0.0.0
7fa06485f000-7fa064860000 r--p 00006000 00:20 43448                      /usr/lib/libxcb-xfixes.so.0.0.0
7fa064860000-7fa064861000 r--p 00007000 00:20 43448                      /usr/lib/libxcb-xfixes.so.0.0.0
7fa064861000-7fa064862000 rw-p 00008000 00:20 43448                      /usr/lib/libxcb-xfixes.so.0.0.0
7fa064862000-7fa064869000 r--p 00000000 00:20 43437                      /usr/lib/libxcb-randr.so.0.1.0
7fa064869000-7fa06486f000 r-xp 00007000 00:20 43437                      /usr/lib/libxcb-randr.so.0.1.0
7fa06486f000-7fa064872000 r--p 0000d000 00:20 43437                      /usr/lib/libxcb-randr.so.0.1.0
7fa064872000-7fa064873000 r--p 00010000 00:20 43437                      /usr/lib/libxcb-randr.so.0.1.0
7fa064873000-7fa064874000 rw-p 00011000 00:20 43437                      /usr/lib/libxcb-randr.so.0.1.0
7fa064874000-7fa065075000 rw-p 00000000 00:00 0 
7fa065075000-7fa065085000 r--p 00000000 00:20 741878                     /usr/lib/libnvidia-glsi.so.580.142
7fa065085000-7fa0650e5000 r-xp 00010000 00:20 741878                     /usr/lib/libnvidia-glsi.so.580.142
7fa0650e5000-7fa065102000 r--p 00070000 00:20 741878                     /usr/lib/libnvidia-glsi.so.580.142
7fa065102000-7fa065108000 r--p 0008c000 00:20 741878                     /usr/lib/libnvidia-glsi.so.580.142
7fa065108000-7fa065109000 rw-p 00092000 00:20 741878                     /usr/lib/libnvidia-glsi.so.580.142
7fa065109000-7fa065111000 rw-p 00000000 00:00 0 
7fa065111000-7fa065162000 r--p 00000000 00:20 741849                     /usr/lib/libGLX_nvidia.so.580.142
7fa065162000-7fa0651bf000 r-xp 00051000 00:20 741849                     /usr/lib/libGLX_nvidia.so.580.142
7fa0651bf000-7fa0651f4000 rwxp 000ae000 00:20 741849                     /usr/lib/libGLX_nvidia.so.580.142
7fa0651f4000-7fa0651f5000 r-xp 000e3000 00:20 741849                     /usr/lib/libGLX_nvidia.so.580.142
7fa0651f5000-7fa065215000 r--p 000e4000 00:20 741849                     /usr/lib/libGLX_nvidia.so.580.142
7fa065215000-7fa065235000 r--p 00103000 00:20 741849                     /usr/lib/libGLX_nvidia.so.580.142
7fa065235000-7fa06523a000 rw-p 00123000 00:20 741849                     /usr/lib/libGLX_nvidia.so.580.142
7fa06523a000-7fa06523c000 rw-p 00000000 00:00 0 
7fa06523c000-7fa06523e000 r--p 00000000 00:20 41663                      /usr/lib/libGLdispatch.so.0.0.0
7fa06523e000-7fa065241000 r-xp 00002000 00:20 41663                      /usr/lib/libGLdispatch.so.0.0.0
7fa065241000-7fa06527c000 r-xp 00005000 00:20 41663                      /usr/lib/libGLdispatch.so.0.0.0
7fa06527c000-7fa06527d000 r-xp 00040000 00:20 41663                      /usr/lib/libGLdispatch.so.0.0.0
7fa06527d000-7fa065290000 r--p 00041000 00:20 41663                      /usr/lib/libGLdispatch.so.0.0.0
7fa065290000-7fa0652ac000 r--p 00054000 00:20 41663                      /usr/lib/libGLdispatch.so.0.0.0
7fa0652ac000-7fa0652ad000 rw-p 00070000 00:20 41663                      /usr/lib/libGLdispatch.so.0.0.0
7fa0652ad000-7fa0652b5000 rw-p 00000000 00:00 0 
7fa0652b5000-7fa0652cc000 r--p 00000000 00:20 342963                     /usr/lib/libX11.so.6.4.0
7fa0652cc000-7fa065361000 r-xp 00017000 00:20 342963                     /usr/lib/libX11.so.6.4.0
7fa065361000-7fa0653f0000 r--p 000ac000 00:20 342963                     /usr/lib/libX11.so.6.4.0
7fa0653f0000-7fa0653f3000 r--p 0013a000 00:20 342963                     /usr/lib/libX11.so.6.4.0
7fa0653f3000-7fa0653f7000 rw-p 0013d000 00:20 342963                     /usr/lib/libX11.so.6.4.0
7fa0653f7000-7fa065405000 r--p 00000000 00:31 11644                      /tmp/lwjgl_timer/3.3.3+5/x64/libglfw.so
7fa065405000-7fa065424000 r-xp 0000e000 00:31 11644                      /tmp/lwjgl_timer/3.3.3+5/x64/libglfw.so
7fa065424000-7fa065457000 r--p 0002d000 00:31 11644                      /tmp/lwjgl_timer/3.3.3+5/x64/libglfw.so
7fa065457000-7fa065458000 ---p 00060000 00:31 11644                      /tmp/lwjgl_timer/3.3.3+5/x64/libglfw.so
7fa065458000-7fa06545b000 r--p 00060000 00:31 11644                      /tmp/lwjgl_timer/3.3.3+5/x64/libglfw.so
7fa06545b000-7fa06545e000 rw-p 00063000 00:31 11644                      /tmp/lwjgl_timer/3.3.3+5/x64/libglfw.so
7fa06545e000-7fa065481000 rw-p 00000000 00:00 0 
7fa065481000-7fa0654aa000 r--p 00000000 00:31 11643                      /tmp/lwjgl_timer/3.3.3+5/x64/liblwjgl.so
7fa0654aa000-7fa0654dc000 r-xp 00029000 00:31 11643                      /tmp/lwjgl_timer/3.3.3+5/x64/liblwjgl.so
7fa0654dc000-7fa0654f5000 r--p 0005b000 00:31 11643                      /tmp/lwjgl_timer/3.3.3+5/x64/liblwjgl.so
7fa0654f5000-7fa0654f6000 r--p 00073000 00:31 11643                      /tmp/lwjgl_timer/3.3.3+5/x64/liblwjgl.so
7fa0654f6000-7fa0654f7000 rw-p 00074000 00:31 11643                      /tmp/lwjgl_timer/3.3.3+5/x64/liblwjgl.so
7fa0654f7000-7fa0654f8000 rw-p 00000000 00:00 0 
7fa0654f8000-7fa0654fc000 ---p 00000000 00:00 0 
7fa0654fc000-7fa0655f9000 rw-p 00000000 00:00 0 
7fa0655f9000-7fa0655fd000 ---p 00000000 00:00 0 
7fa0655fd000-7fa0656fa000 rw-p 00000000 00:00 0 
7fa0656fa000-7fa0656fe000 ---p 00000000 00:00 0 
7fa0656fe000-7fa0657fb000 rw-p 00000000 00:00 0 
7fa0657fb000-7fa0657ff000 ---p 00000000 00:00 0 
7fa0657ff000-7fa0658fc000 rw-p 00000000 00:00 0 
7fa0658fc000-7fa065900000 ---p 00000000 00:00 0 
7fa065900000-7fa065e00000 rw-p 00000000 00:00 0 
7fa065e00000-7fa065e03000 r-xp 00000000 00:31 13796                      /tmp/jansi-2.4.3-9330ce57a73ad52e-libjansi.so (deleted)
7fa065e03000-7fa066002000 ---p 00003000 00:31 13796                      /tmp/jansi-2.4.3-9330ce57a73ad52e-libjansi.so (deleted)
7fa066002000-7fa066003000 r--p 00002000 00:31 13796                      /tmp/jansi-2.4.3-9330ce57a73ad52e-libjansi.so (deleted)
7fa066003000-7fa066004000 rw-p 00003000 00:31 13796                      /tmp/jansi-2.4.3-9330ce57a73ad52e-libjansi.so (deleted)
7fa066004000-7fa066005000 r--p 00000000 00:20 43444                      /usr/lib/libxcb-shm.so.0.0.0
7fa066005000-7fa066006000 r-xp 00001000 00:20 43444                      /usr/lib/libxcb-shm.so.0.0.0
7fa066006000-7fa066007000 r--p 00002000 00:20 43444                      /usr/lib/libxcb-shm.so.0.0.0
7fa066007000-7fa066008000 r--p 00002000 00:20 43444                      /usr/lib/libxcb-shm.so.0.0.0
7fa066008000-7fa066009000 rw-p 00003000 00:20 43444                      /usr/lib/libxcb-shm.so.0.0.0
7fa066009000-7fa066015000 r--p 00000000 00:20 43432                      /usr/lib/libxcb-glx.so.0.0.0
7fa066015000-7fa06601e000 r-xp 0000c000 00:20 43432                      /usr/lib/libxcb-glx.so.0.0.0
7fa06601e000-7fa066023000 r--p 00015000 00:20 43432                      /usr/lib/libxcb-glx.so.0.0.0
7fa066023000-7fa066025000 r--p 0001a000 00:20 43432                      /usr/lib/libxcb-glx.so.0.0.0
7fa066025000-7fa066026000 rw-p 0001c000 00:20 43432                      /usr/lib/libxcb-glx.so.0.0.0
7fa066026000-7fa066027000 rw-p 00000000 00:00 0 
7fa066027000-7fa06602b000 ---p 00000000 00:00 0 
7fa06602b000-7fa066128000 rw-p 00000000 00:00 0 
7fa066128000-7fa06612c000 ---p 00000000 00:00 0 
7fa06612c000-7fa066229000 rw-p 00000000 00:00 0 
7fa066229000-7fa06622d000 ---p 00000000 00:00 0 
7fa06622d000-7fa06632a000 rw-p 00000000 00:00 0 
7fa06632a000-7fa06632e000 ---p 00000000 00:00 0 
7fa06632e000-7fa06642a000 rw-p 00000000 00:00 0 
7fa06642a000-7fa06642f000 r--p 00000000 00:20 776279                     /usr/lib/jvm/java-21-openjdk/lib/libjsvml.so
7fa06642f000-7fa066470000 r-xp 00005000 00:20 776279                     /usr/lib/jvm/java-21-openjdk/lib/libjsvml.so
7fa066470000-7fa0664f9000 r--p 00046000 00:20 776279                     /usr/lib/jvm/java-21-openjdk/lib/libjsvml.so
7fa0664f9000-7fa0664fa000 r--p 000ce000 00:20 776279                     /usr/lib/jvm/java-21-openjdk/lib/libjsvml.so
7fa0664fa000-7fa0664fb000 rw-p 000cf000 00:20 776279                     /usr/lib/jvm/java-21-openjdk/lib/libjsvml.so
7fa0664fb000-7fa0664fc000 rw-p 00000000 00:00 0 
7fa0664fc000-7fa066500000 ---p 00000000 00:00 0 
7fa066500000-7fa0665fd000 rw-p 00000000 00:00 0 
7fa0665fd000-7fa066601000 ---p 00000000 00:00 0 
7fa066601000-7fa0666fe000 rw-p 00000000 00:00 0 
7fa0666fe000-7fa066702000 ---p 00000000 00:00 0 
7fa066702000-7fa0667ff000 rw-p 00000000 00:00 0 
7fa0667ff000-7fa066803000 ---p 00000000 00:00 0 
7fa066803000-7fa066900000 rw-p 00000000 00:00 0 
7fa066900000-7fa066904000 ---p 00000000 00:00 0 
7fa066904000-7fa066a00000 rw-p 00000000 00:00 0 
7fa066a00000-7fa066ff4000 r--p 00000000 00:20 816024                     /usr/lib/locale/locale-archive
7fa066ff7000-7fa066ffa000 r--p 00000000 00:20 43445                      /usr/lib/libxcb-sync.so.1.0.0
7fa066ffa000-7fa066ffd000 r-xp 00003000 00:20 43445                      /usr/lib/libxcb-sync.so.1.0.0
7fa066ffd000-7fa066ffe000 r--p 00006000 00:20 43445                      /usr/lib/libxcb-sync.so.1.0.0
7fa066ffe000-7fa066fff000 r--p 00007000 00:20 43445                      /usr/lib/libxcb-sync.so.1.0.0
7fa066fff000-7fa067000000 rw-p 00008000 00:20 43445                      /usr/lib/libxcb-sync.so.1.0.0
7fa067000000-7fa067c9b000 rw-p 00001000 00:20 776305                     /usr/lib/jvm/java-21-openjdk/lib/server/classes.jsa
7fa067c9b000-7fa068000000 ---p 00000000 00:00 0 
7fa068000000-7fa068040000 rw-p 00000000 00:00 0 
7fa068040000-7fa068080000 rw-p 00000000 00:00 0 
7fa068080000-7fa0681c0000 rw-p 00000000 00:00 0 
7fa0681c0000-7fa0681f0000 rw-p 00000000 00:00 0 
7fa0681f0000-7fa068200000 ---p 00000000 00:00 0 
7fa068200000-7fa068320000 rw-p 00000000 00:00 0 
7fa068320000-7fa0a8000000 ---p 00000000 00:00 0 
7fa0a8000000-7fa0a8021000 rw-p 00000000 00:00 0 
7fa0a8021000-7fa0ac000000 ---p 00000000 00:00 0 
7fa0ac000000-7fa0ac021000 rw-p 00000000 00:00 0 
7fa0ac021000-7fa0b0000000 ---p 00000000 00:00 0 
7fa0b0000000-7fa0b0021000 rw-p 00000000 00:00 0 
7fa0b0021000-7fa0b4000000 ---p 00000000 00:00 0 
7fa0b4000000-7fa0b4021000 rw-p 00000000 00:00 0 
7fa0b4021000-7fa0b8000000 ---p 00000000 00:00 0 
7fa0b8000000-7fa0b8021000 rw-p 00000000 00:00 0 
7fa0b8021000-7fa0bc000000 ---p 00000000 00:00 0 
7fa0bc001000-7fa0bc002000 r--p 00000000 00:20 43436                      /usr/lib/libxcb-present.so.0.0.0
7fa0bc002000-7fa0bc003000 r-xp 00001000 00:20 43436                      /usr/lib/libxcb-present.so.0.0.0
7fa0bc003000-7fa0bc004000 r--p 00002000 00:20 43436                      /usr/lib/libxcb-present.so.0.0.0
7fa0bc004000-7fa0bc005000 r--p 00002000 00:20 43436                      /usr/lib/libxcb-present.so.0.0.0
7fa0bc005000-7fa0bc006000 rw-p 00003000 00:20 43436                      /usr/lib/libxcb-present.so.0.0.0
7fa0bc006000-7fa0bc008000 r--p 00000000 00:20 43430                      /usr/lib/libxcb-dri3.so.0.1.0
7fa0bc008000-7fa0bc00a000 r-xp 00002000 00:20 43430                      /usr/lib/libxcb-dri3.so.0.1.0
7fa0bc00a000-7fa0bc00b000 r--p 00004000 00:20 43430                      /usr/lib/libxcb-dri3.so.0.1.0
7fa0bc00b000-7fa0bc00c000 r--p 00004000 00:20 43430                      /usr/lib/libxcb-dri3.so.0.1.0
7fa0bc00c000-7fa0bc00d000 rw-p 00005000 00:20 43430                      /usr/lib/libxcb-dri3.so.0.1.0
7fa0bc00d000-7fa0bc00e000 r--p 00000000 00:20 741912                     /usr/lib/libnvidia-tls.so.580.142
7fa0bc00e000-7fa0bc010000 r-xp 00001000 00:20 741912                     /usr/lib/libnvidia-tls.so.580.142
7fa0bc010000-7fa0bc011000 r--p 00003000 00:20 741912                     /usr/lib/libnvidia-tls.so.580.142
7fa0bc011000-7fa0bc012000 r--p 00003000 00:20 741912                     /usr/lib/libnvidia-tls.so.580.142
7fa0bc012000-7fa0bc013000 rw-p 00004000 00:20 741912                     /usr/lib/libnvidia-tls.so.580.142
7fa0bc013000-7fa0bc015000 r--p 00000000 00:20 41660                      /usr/lib/libGLX.so.0.0.0
7fa0bc015000-7fa0bc02f000 r-xp 00002000 00:20 41660                      /usr/lib/libGLX.so.0.0.0
7fa0bc02f000-7fa0bc032000 r--p 0001c000 00:20 41660                      /usr/lib/libGLX.so.0.0.0
7fa0bc032000-7fa0bc033000 r--p 0001f000 00:20 41660                      /usr/lib/libGLX.so.0.0.0
7fa0bc033000-7fa0bc034000 rw-p 00020000 00:20 41660                      /usr/lib/libGLX.so.0.0.0
7fa0bc034000-7fa0bc044000 rw-p 00000000 00:00 0 
7fa0bc044000-7fa0bc045000 r--p 00000000 00:20 342960                     /usr/lib/libX11-xcb.so.1.0.0
7fa0bc045000-7fa0bc046000 r-xp 00001000 00:20 342960                     /usr/lib/libX11-xcb.so.1.0.0
7fa0bc046000-7fa0bc047000 r--p 00002000 00:20 342960                     /usr/lib/libX11-xcb.so.1.0.0
7fa0bc047000-7fa0bc048000 r--p 00002000 00:20 342960                     /usr/lib/libX11-xcb.so.1.0.0
7fa0bc048000-7fa0bc049000 rw-p 00003000 00:20 342960                     /usr/lib/libX11-xcb.so.1.0.0
7fa0bc049000-7fa0bc04a000 r--p 00000000 00:20 418203                     /usr/lib/libXinerama.so.1.0.0
7fa0bc04a000-7fa0bc04b000 r-xp 00001000 00:20 418203                     /usr/lib/libXinerama.so.1.0.0
7fa0bc04b000-7fa0bc04c000 r--p 00002000 00:20 418203                     /usr/lib/libXinerama.so.1.0.0
7fa0bc04c000-7fa0bc04d000 r--p 00002000 00:20 418203                     /usr/lib/libXinerama.so.1.0.0
7fa0bc04d000-7fa0bc04e000 rw-p 00003000 00:20 418203                     /usr/lib/libXinerama.so.1.0.0
7fa0bc04e000-7fa0bc051000 r--p 00000000 00:20 42198                      /usr/lib/libXcursor.so.1.0.2
7fa0bc051000-7fa0bc057000 r-xp 00003000 00:20 42198                      /usr/lib/libXcursor.so.1.0.2
7fa0bc057000-7fa0bc059000 r--p 00009000 00:20 42198                      /usr/lib/libXcursor.so.1.0.2
7fa0bc059000-7fa0bc05a000 r--p 0000a000 00:20 42198                      /usr/lib/libXcursor.so.1.0.2
7fa0bc05a000-7fa0bc05b000 rw-p 0000b000 00:20 42198                      /usr/lib/libXcursor.so.1.0.2
7fa0bc05b000-7fa0bc05d000 r--p 00000000 00:20 42215                      /usr/lib/libXrender.so.1.3.0
7fa0bc05d000-7fa0bc064000 r-xp 00002000 00:20 42215                      /usr/lib/libXrender.so.1.3.0
7fa0bc064000-7fa0bc065000 r--p 00009000 00:20 42215                      /usr/lib/libXrender.so.1.3.0
7fa0bc065000-7fa0bc066000 r--p 00009000 00:20 42215                      /usr/lib/libXrender.so.1.3.0
7fa0bc066000-7fa0bc067000 rw-p 0000a000 00:20 42215                      /usr/lib/libXrender.so.1.3.0
7fa0bc067000-7fa0bc069000 r--p 00000000 00:20 412073                     /usr/lib/libXrandr.so.2.2.0
7fa0bc069000-7fa0bc070000 r-xp 00002000 00:20 412073                     /usr/lib/libXrandr.so.2.2.0
7fa0bc070000-7fa0bc072000 r--p 00009000 00:20 412073                     /usr/lib/libXrandr.so.2.2.0
7fa0bc072000-7fa0bc073000 r--p 0000a000 00:20 412073                     /usr/lib/libXrandr.so.2.2.0
7fa0bc073000-7fa0bc074000 rw-p 0000b000 00:20 412073                     /usr/lib/libXrandr.so.2.2.0
7fa0bc074000-7fa0bc075000 rw-p 00000000 00:00 0 
7fa0bc075000-7fa0bc079000 ---p 00000000 00:00 0 
7fa0bc079000-7fa0bc176000 rw-p 00000000 00:00 0 
7fa0bc176000-7fa0bc17a000 ---p 00000000 00:00 0 
7fa0bc17a000-7fa0bc478000 rw-p 00000000 00:00 0 
7fa0bc478000-7fa0bc4f9000 rw-p 00000000 00:00 0 
7fa0bc4f9000-7fa0bc6fb000 rw-p 00000000 00:00 0 
7fa0bc6fb000-7fa0bec00000 rw-p 00000000 00:00 0 
7fa0bec00000-7fa0bec03000 r--s 00000000 00:20 9738                       /var/cache/fontconfig/6ba42ae0000f58711b5caaf10d690066-le64.cache-11
7fa0bec03000-7fa0bec05000 r--p 00000000 00:20 42202                      /usr/lib/libXfixes.so.3.1.0
7fa0bec05000-7fa0bec08000 r-xp 00002000 00:20 42202                      /usr/lib/libXfixes.so.3.1.0
7fa0bec08000-7fa0bec09000 r--p 00005000 00:20 42202                      /usr/lib/libXfixes.so.3.1.0
7fa0bec09000-7fa0bec0a000 r--p 00005000 00:20 42202                      /usr/lib/libXfixes.so.3.1.0
7fa0bec0a000-7fa0bec0b000 rw-p 00006000 00:20 42202                      /usr/lib/libXfixes.so.3.1.0
7fa0bec0b000-7fa0bec0e000 r--p 00000000 00:20 944180                     /usr/lib/libXi.so.6.1.0
7fa0bec0e000-7fa0bec1b000 r-xp 00003000 00:20 944180                     /usr/lib/libXi.so.6.1.0
7fa0bec1b000-7fa0bec1e000 r--p 00010000 00:20 944180                     /usr/lib/libXi.so.6.1.0
7fa0bec1e000-7fa0bec1f000 r--p 00012000 00:20 944180                     /usr/lib/libXi.so.6.1.0
7fa0bec1f000-7fa0bec20000 rw-p 00013000 00:20 944180                     /usr/lib/libXi.so.6.1.0
7fa0bec20000-7fa0bec2c000 r--p 00000000 00:20 43455                      /usr/lib/libxcb.so.1.1.0
7fa0bec2c000-7fa0bec40000 r-xp 0000c000 00:20 43455                      /usr/lib/libxcb.so.1.1.0
7fa0bec40000-7fa0bec49000 r--p 00020000 00:20 43455                      /usr/lib/libxcb.so.1.1.0
7fa0bec49000-7fa0bec4a000 r--p 00028000 00:20 43455                      /usr/lib/libxcb.so.1.1.0
7fa0bec4a000-7fa0bec4b000 rw-p 00029000 00:20 43455                      /usr/lib/libxcb.so.1.1.0
7fa0bec4b000-7fa0beda7000 rw-p 00000000 00:00 0 
7fa0beda7000-7fa0bf0aa000 rw-p 00000000 00:00 0 
7fa0bf0aa000-7fa0bf2e3000 rw-p 00000000 00:00 0 
7fa0bf2e3000-7fa0bf403000 ---p 00000000 00:00 0 
7fa0bf403000-7fa0bf41b000 rw-p 00000000 00:00 0 
7fa0bf41b000-7fa0bf43b000 ---p 00000000 00:00 0 
7fa0bf43b000-7fa0bf453000 rw-p 00000000 00:00 0 
7fa0bf453000-7fa0bf50b000 ---p 00000000 00:00 0 
7fa0bf50b000-7fa0bf513000 rw-p 00000000 00:00 0 
7fa0bf513000-7fa0c2f2b000 ---p 00000000 00:00 0 
7fa0c2f2b000-7fa0c2fa2000 rw-p 00000000 00:00 0 
7fa0c2fa2000-7fa0c2fc6000 ---p 00000000 00:00 0 
7fa0c2fc6000-7fa0c2fc9000 rw-p 00000000 00:00 0 
7fa0c2fc9000-7fa0c2fcd000 ---p 00000000 00:00 0 
7fa0c2fcd000-7fa0c2fd0000 rw-p 00000000 00:00 0 
7fa0c2fd0000-7fa0c2fe7000 ---p 00000000 00:00 0 
7fa0c2fe7000-7fa0c2fe8000 rw-p 00000000 00:00 0 
7fa0c2fe8000-7fa0c372b000 ---p 00000000 00:00 0 
7fa0c372b000-7fa0c376a000 rw-p 00000000 00:00 0 
7fa0c376a000-7fa0c378e000 ---p 00000000 00:00 0 
7fa0c378e000-7fa0c3791000 rw-p 00000000 00:00 0 
7fa0c3791000-7fa0c3795000 ---p 00000000 00:00 0 
7fa0c3795000-7fa0c3798000 rw-p 00000000 00:00 0 
7fa0c3798000-7fa0c37af000 ---p 00000000 00:00 0 
7fa0c37af000-7fa0c37b0000 rw-p 00000000 00:00 0 
7fa0c37b0000-7fa0c3ef3000 ---p 00000000 00:00 0 
7fa0c3ef3000-7fa0c4400000 rw-p 00000000 00:00 0 
7fa0c4400000-7fa0c5010000 rwxp 00000000 00:00 0 
7fa0c5010000-7fa0cb937000 ---p 00000000 00:00 0 
7fa0cb937000-7fa0cbba7000 rwxp 00000000 00:00 0 
7fa0cbba7000-7fa0cbec8000 ---p 00000000 00:00 0 
7fa0cbec8000-7fa0cc238000 rwxp 00000000 00:00 0 
7fa0cc238000-7fa0d3400000 ---p 00000000 00:00 0 
7fa0d3400000-7fa0dbecf000 r--s 00000000 00:20 776296                     /usr/lib/jvm/java-21-openjdk/lib/modules
7fa0dbed0000-7fa0dbed1000 rw-p 00000000 00:00 0 
7fa0dbed1000-7fa0dbed2000 rw-p 00000000 00:00 0 
7fa0dbed2000-7fa0dbed5000 rw-s 00000000 00:07 911                        /dev/nvidiactl
7fa0dbed5000-7fa0dbed7000 rw-s 00000000 00:01 2964                       /memfd:/.glXXXXXX (deleted)
7fa0dbed7000-7fa0dbedb000 rw-s 00000000 00:07 911                        /dev/nvidiactl
7fa0dbedb000-7fa0dbedf000 rw-s 00000000 00:07 911                        /dev/nvidiactl
7fa0dbedf000-7fa0dbeff000 rw-s 00000000 00:07 911                        /dev/nvidiactl
7fa0dbeff000-7fa0dca8e000 rw-p 00000000 00:00 0 
7fa0dca8e000-7fa0e0000000 ---p 00000000 00:00 0 
7fa0e0001000-7fa0e0002000 rw-s 00000000 00:07 913                        /dev/nvidia0
7fa0e0002000-7fa0e0006000 r--p 00000000 00:20 344133                     /usr/lib/libXext.so.6.4.0
7fa0e0006000-7fa0e0011000 r-xp 00004000 00:20 344133                     /usr/lib/libXext.so.6.4.0
7fa0e0011000-7fa0e0014000 r--p 0000f000 00:20 344133                     /usr/lib/libXext.so.6.4.0
7fa0e0014000-7fa0e0015000 r--p 00011000 00:20 344133                     /usr/lib/libXext.so.6.4.0
7fa0e0015000-7fa0e0016000 rw-p 00012000 00:20 344133                     /usr/lib/libXext.so.6.4.0
7fa0e0016000-7fa0e0017000 r--p 00000000 00:20 346313                     /usr/lib/libXxf86vm.so.1.0.0
7fa0e0017000-7fa0e001a000 r-xp 00001000 00:20 346313                     /usr/lib/libXxf86vm.so.1.0.0
7fa0e001a000-7fa0e001b000 r--p 00004000 00:20 346313                     /usr/lib/libXxf86vm.so.1.0.0
7fa0e001b000-7fa0e001c000 r--p 00004000 00:20 346313                     /usr/lib/libXxf86vm.so.1.0.0
7fa0e001c000-7fa0e001d000 rw-p 00005000 00:20 346313                     /usr/lib/libXxf86vm.so.1.0.0
7fa0e001d000-7fa0e001f000 r--p 00000000 00:20 551107                     /usr/lib/libXdmcp.so.6.0.0
7fa0e001f000-7fa0e0021000 r-xp 00002000 00:20 551107                     /usr/lib/libXdmcp.so.6.0.0
7fa0e0021000-7fa0e0023000 r--p 00004000 00:20 551107                     /usr/lib/libXdmcp.so.6.0.0
7fa0e0023000-7fa0e0024000 r--p 00005000 00:20 551107                     /usr/lib/libXdmcp.so.6.0.0
7fa0e0024000-7fa0e0025000 rw-p 00006000 00:20 551107                     /usr/lib/libXdmcp.so.6.0.0
7fa0e0025000-7fa0e0026000 r--p 00000000 00:20 42194                      /usr/lib/libXau.so.6.0.0
7fa0e0026000-7fa0e0027000 r-xp 00001000 00:20 42194                      /usr/lib/libXau.so.6.0.0
7fa0e0027000-7fa0e0028000 r--p 00002000 00:20 42194                      /usr/lib/libXau.so.6.0.0
7fa0e0028000-7fa0e0029000 r--p 00002000 00:20 42194                      /usr/lib/libXau.so.6.0.0
7fa0e0029000-7fa0e002a000 rw-p 00003000 00:20 42194                      /usr/lib/libXau.so.6.0.0
7fa0e002a000-7fa0e0031000 rw-p 00000000 00:00 0 
7fa0e0031000-7fa0e0115000 ---p 00000000 00:00 0 
7fa0e0115000-7fa0e012e000 rw-p 00000000 00:00 0 
7fa0e012e000-7fa0e0200000 ---p 00000000 00:00 0 
7fa0e0200000-7fa0e029a000 r--p 00000000 00:20 816040                     /usr/lib/libstdc++.so.6.0.35
7fa0e029a000-7fa0e041d000 r-xp 0009a000 00:20 816040                     /usr/lib/libstdc++.so.6.0.35
7fa0e041d000-7fa0e04bd000 r--p 0021d000 00:20 816040                     /usr/lib/libstdc++.so.6.0.35
7fa0e04bd000-7fa0e04ce000 r--p 002bc000 00:20 816040                     /usr/lib/libstdc++.so.6.0.35
7fa0e04ce000-7fa0e04cf000 rw-p 002cd000 00:20 816040                     /usr/lib/libstdc++.so.6.0.35
7fa0e04cf000-7fa0e04d3000 rw-p 00000000 00:00 0 
7fa0e04d3000-7fa0e04d5000 rw-s 00000000 00:07 911                        /dev/nvidiactl
7fa0e04d5000-7fa0e04d6000 rw-s 00000000 00:07 913                        /dev/nvidia0
7fa0e04d6000-7fa0e04d7000 rw-s 00000000 00:07 913                        /dev/nvidia0
7fa0e04d7000-7fa0e04d8000 r--p 00000000 00:20 815337                     /usr/lib/librt.so.1
7fa0e04d8000-7fa0e04d9000 r-xp 00001000 00:20 815337                     /usr/lib/librt.so.1
7fa0e04d9000-7fa0e04da000 r--p 00002000 00:20 815337                     /usr/lib/librt.so.1
7fa0e04da000-7fa0e04db000 r--p 00002000 00:20 815337                     /usr/lib/librt.so.1
7fa0e04db000-7fa0e04dc000 rw-p 00003000 00:20 815337                     /usr/lib/librt.so.1
7fa0e04dc000-7fa0e04de000 r--p 00000000 00:20 776294                     /usr/lib/jvm/java-21-openjdk/lib/libverify.so
7fa0e04de000-7fa0e04e5000 r-xp 00002000 00:20 776294                     /usr/lib/jvm/java-21-openjdk/lib/libverify.so
7fa0e04e5000-7fa0e04e7000 r--p 00009000 00:20 776294                     /usr/lib/jvm/java-21-openjdk/lib/libverify.so
7fa0e04e7000-7fa0e04e9000 r--p 0000a000 00:20 776294                     /usr/lib/jvm/java-21-openjdk/lib/libverify.so
7fa0e04e9000-7fa0e04ea000 rw-p 0000c000 00:20 776294                     /usr/lib/jvm/java-21-openjdk/lib/libverify.so
7fa0e04ea000-7fa0e04f1000 r--p 00000000 00:20 776287                     /usr/lib/jvm/java-21-openjdk/lib/libnio.so
7fa0e04f1000-7fa0e04fa000 r-xp 00007000 00:20 776287                     /usr/lib/jvm/java-21-openjdk/lib/libnio.so
7fa0e04fa000-7fa0e04fe000 r--p 00010000 00:20 776287                     /usr/lib/jvm/java-21-openjdk/lib/libnio.so
7fa0e04fe000-7fa0e04ff000 r--p 00014000 00:20 776287                     /usr/lib/jvm/java-21-openjdk/lib/libnio.so
7fa0e04ff000-7fa0e0500000 rw-p 00015000 00:20 776287                     /usr/lib/jvm/java-21-openjdk/lib/libnio.so
7fa0e0500000-7fa0e0504000 ---p 00000000 00:00 0 
7fa0e0504000-7fa0e0600000 rw-p 00000000 00:00 0 
7fa0e0600000-7fa0e0610000 r--p 00000000 00:20 776308                     /usr/lib/jvm/java-21-openjdk/lib/server/libjvm.so
7fa0e0610000-7fa0e1517000 r-xp 00010000 00:20 776308                     /usr/lib/jvm/java-21-openjdk/lib/server/libjvm.so
7fa0e1517000-7fa0e17f1000 r--p 00f17000 00:20 776308                     /usr/lib/jvm/java-21-openjdk/lib/server/libjvm.so
7fa0e17f1000-7fa0e18c7000 r--p 011f0000 00:20 776308                     /usr/lib/jvm/java-21-openjdk/lib/server/libjvm.so
7fa0e18c7000-7fa0e18f7000 rw-p 012c6000 00:20 776308                     /usr/lib/jvm/java-21-openjdk/lib/server/libjvm.so
7fa0e18f7000-7fa0e195d000 rw-p 00000000 00:00 0 
7fa0e195d000-7fa0e195e000 rw-s 00000000 00:07 911                        /dev/nvidiactl
7fa0e195e000-7fa0e195f000 r--p 00000000 00:20 815332                     /usr/lib/libpthread.so.0
7fa0e195f000-7fa0e1960000 r-xp 00001000 00:20 815332                     /usr/lib/libpthread.so.0
7fa0e1960000-7fa0e1961000 r--p 00002000 00:20 815332                     /usr/lib/libpthread.so.0
7fa0e1961000-7fa0e1962000 r--p 00002000 00:20 815332                     /usr/lib/libpthread.so.0
7fa0e1962000-7fa0e1963000 rw-p 00003000 00:20 815332                     /usr/lib/libpthread.so.0
7fa0e1963000-7fa0e1964000 r--p 00000000 00:20 815310                     /usr/lib/libdl.so.2
7fa0e1964000-7fa0e1965000 r-xp 00001000 00:20 815310                     /usr/lib/libdl.so.2
7fa0e1965000-7fa0e1966000 r--p 00002000 00:20 815310                     /usr/lib/libdl.so.2
7fa0e1966000-7fa0e1967000 r--p 00002000 00:20 815310                     /usr/lib/libdl.so.2
7fa0e1967000-7fa0e1968000 rw-p 00003000 00:20 815310                     /usr/lib/libdl.so.2
7fa0e1968000-7fa0e196a000 r--p 00000000 00:20 776295                     /usr/lib/jvm/java-21-openjdk/lib/libzip.so
7fa0e196a000-7fa0e196e000 r-xp 00002000 00:20 776295                     /usr/lib/jvm/java-21-openjdk/lib/libzip.so
7fa0e196e000-7fa0e1970000 r--p 00006000 00:20 776295                     /usr/lib/jvm/java-21-openjdk/lib/libzip.so
7fa0e1970000-7fa0e1971000 r--p 00007000 00:20 776295                     /usr/lib/jvm/java-21-openjdk/lib/libzip.so
7fa0e1971000-7fa0e1972000 rw-p 00008000 00:20 776295                     /usr/lib/jvm/java-21-openjdk/lib/libzip.so
7fa0e1972000-7fa0e19b3000 rw-p 00000000 00:00 0 
7fa0e19b3000-7fa0e19bd000 r--p 00000000 00:20 776271                     /usr/lib/jvm/java-21-openjdk/lib/libjava.so
7fa0e19bd000-7fa0e19cb000 r-xp 0000a000 00:20 776271                     /usr/lib/jvm/java-21-openjdk/lib/libjava.so
7fa0e19cb000-7fa0e19d0000 r--p 00018000 00:20 776271                     /usr/lib/jvm/java-21-openjdk/lib/libjava.so
7fa0e19d0000-7fa0e19d1000 r--p 0001d000 00:20 776271                     /usr/lib/jvm/java-21-openjdk/lib/libjava.so
7fa0e19d1000-7fa0e19d2000 rw-p 0001e000 00:20 776271                     /usr/lib/jvm/java-21-openjdk/lib/libjava.so
7fa0e19d2000-7fa0e19d3000 rw-p 00000000 00:00 0 
7fa0e19d3000-7fa0e19d7000 r--p 00000000 00:20 816030                     /usr/lib/libgcc_s.so.1
7fa0e19d7000-7fa0e19fa000 r-xp 00004000 00:20 816030                     /usr/lib/libgcc_s.so.1
7fa0e19fa000-7fa0e19fe000 r--p 00027000 00:20 816030                     /usr/lib/libgcc_s.so.1
7fa0e19fe000-7fa0e19ff000 r--p 0002b000 00:20 816030                     /usr/lib/libgcc_s.so.1
7fa0e19ff000-7fa0e1a00000 rw-p 0002c000 00:20 816030                     /usr/lib/libgcc_s.so.1
7fa0e1a00000-7fa0e1a24000 r--p 00000000 00:20 815305                     /usr/lib/libc.so.6
7fa0e1a24000-7fa0e1b9a000 r-xp 00024000 00:20 815305                     /usr/lib/libc.so.6
7fa0e1b9a000-7fa0e1c0f000 r--p 0019a000 00:20 815305                     /usr/lib/libc.so.6
7fa0e1c0f000-7fa0e1c13000 r--p 0020e000 00:20 815305                     /usr/lib/libc.so.6
7fa0e1c13000-7fa0e1c15000 rw-p 00212000 00:20 815305                     /usr/lib/libc.so.6
7fa0e1c15000-7fa0e1c1d000 rw-p 00000000 00:00 0 
7fa0e1c1d000-7fa0e1c1e000 rw-s 00000000 00:07 911                        /dev/nvidiactl
7fa0e1c1e000-7fa0e1c1f000 rw-s 00000000 00:07 911                        /dev/nvidiactl
7fa0e1c1f000-7fa0e1c20000 r--s 00000000 00:07 911                        /dev/nvidiactl
7fa0e1c20000-7fa0e1c21000 r--p 00000000 00:20 815341                     /usr/lib/libutil.so.1
7fa0e1c21000-7fa0e1c22000 r-xp 00001000 00:20 815341                     /usr/lib/libutil.so.1
7fa0e1c22000-7fa0e1c23000 r--p 00002000 00:20 815341                     /usr/lib/libutil.so.1
7fa0e1c23000-7fa0e1c24000 r--p 00002000 00:20 815341                     /usr/lib/libutil.so.1
7fa0e1c24000-7fa0e1c25000 rw-p 00003000 00:20 815341                     /usr/lib/libutil.so.1
7fa0e1c25000-7fa0e1c35000 r--p 00000000 00:20 815315                     /usr/lib/libm.so.6
7fa0e1c35000-7fa0e1cce000 r-xp 00010000 00:20 815315                     /usr/lib/libm.so.6
7fa0e1cce000-7fa0e1d56000 r--p 000a9000 00:20 815315                     /usr/lib/libm.so.6
7fa0e1d56000-7fa0e1d57000 r--p 00130000 00:20 815315                     /usr/lib/libm.so.6
7fa0e1d57000-7fa0e1d58000 rw-p 00131000 00:20 815315                     /usr/lib/libm.so.6
7fa0e1d58000-7fa0e1d5b000 rw-p 00000000 00:00 0 
7fa0e1d5b000-7fa0e1d5e000 r--p 00000000 00:20 535138                     /usr/lib/libz.so.1.3.2
7fa0e1d5e000-7fa0e1d6e000 r-xp 00003000 00:20 535138                     /usr/lib/libz.so.1.3.2
7fa0e1d6e000-7fa0e1d74000 r--p 00013000 00:20 535138                     /usr/lib/libz.so.1.3.2
7fa0e1d74000-7fa0e1d75000 r--p 00018000 00:20 535138                     /usr/lib/libz.so.1.3.2
7fa0e1d75000-7fa0e1d76000 rw-p 00019000 00:20 535138                     /usr/lib/libz.so.1.3.2
7fa0e1d76000-7fa0e1d77000 rw-p 00000000 00:00 0 
7fa0e1d77000-7fa0e1d78000 r-xp 00059000 00:31 11643                      /tmp/lwjgl_timer/3.3.3+5/x64/liblwjgl.so
7fa0e1d78000-7fa0e1d79000 rw-p 00000000 00:00 0 
7fa0e1d79000-7fa0e1d7c000 r--p 00000000 00:20 776286                     /usr/lib/jvm/java-21-openjdk/lib/libnet.so
7fa0e1d7c000-7fa0e1d84000 r-xp 00003000 00:20 776286                     /usr/lib/jvm/java-21-openjdk/lib/libnet.so
7fa0e1d84000-7fa0e1d86000 r--p 0000b000 00:20 776286                     /usr/lib/jvm/java-21-openjdk/lib/libnet.so
7fa0e1d86000-7fa0e1d87000 r--p 0000c000 00:20 776286                     /usr/lib/jvm/java-21-openjdk/lib/libnet.so
7fa0e1d87000-7fa0e1d88000 rw-p 0000d000 00:20 776286                     /usr/lib/jvm/java-21-openjdk/lib/libnet.so
7fa0e1d88000-7fa0e1d8d000 rw-p 00000000 00:00 0 
7fa0e1d8d000-7fa0e1d94000 ---p 00000000 00:00 0 
7fa0e1d94000-7fa0e1d9c000 rw-s 00000000 00:31 13794                      /tmp/hsperfdata_timer/61924 (deleted)
7fa0e1d9c000-7fa0e1d9d000 ---p 00000000 00:00 0 
7fa0e1d9d000-7fa0e1d9e000 r--p 00000000 00:00 0 
7fa0e1d9e000-7fa0e1d9f000 ---p 00000000 00:00 0 
7fa0e1d9f000-7fa0e1da0000 r--p 00000000 00:20 776275                     /usr/lib/jvm/java-21-openjdk/lib/libjimage.so
7fa0e1da0000-7fa0e1da2000 r-xp 00001000 00:20 776275                     /usr/lib/jvm/java-21-openjdk/lib/libjimage.so
7fa0e1da2000-7fa0e1da3000 r--p 00003000 00:20 776275                     /usr/lib/jvm/java-21-openjdk/lib/libjimage.so
7fa0e1da3000-7fa0e1da4000 r--p 00004000 00:20 776275                     /usr/lib/jvm/java-21-openjdk/lib/libjimage.so
7fa0e1da4000-7fa0e1da5000 rw-p 00005000 00:20 776275                     /usr/lib/jvm/java-21-openjdk/lib/libjimage.so
7fa0e1da5000-7fa0e1da7000 r--p 00000000 00:20 776276                     /usr/lib/jvm/java-21-openjdk/lib/libjli.so
7fa0e1da7000-7fa0e1db1000 r-xp 00002000 00:20 776276                     /usr/lib/jvm/java-21-openjdk/lib/libjli.so
7fa0e1db1000-7fa0e1db4000 r--p 0000c000 00:20 776276                     /usr/lib/jvm/java-21-openjdk/lib/libjli.so
7fa0e1db4000-7fa0e1db5000 r--p 0000f000 00:20 776276                     /usr/lib/jvm/java-21-openjdk/lib/libjli.so
7fa0e1db5000-7fa0e1db6000 rw-p 00010000 00:20 776276                     /usr/lib/jvm/java-21-openjdk/lib/libjli.so
7fa0e1db6000-7fa0e1db8000 rw-p 00000000 00:00 0 
7fa0e1db8000-7fa0e1dbc000 r--p 00000000 00:00 0                          [vvar]
7fa0e1dbc000-7fa0e1dbe000 r--p 00000000 00:00 0                          [vvar_vclock]
7fa0e1dbe000-7fa0e1dc0000 r-xp 00000000 00:00 0                          [vdso]
7fa0e1dc0000-7fa0e1dc1000 r--p 00000000 00:20 815296                     /usr/lib/ld-linux-x86-64.so.2
7fa0e1dc1000-7fa0e1deb000 r-xp 00001000 00:20 815296                     /usr/lib/ld-linux-x86-64.so.2
7fa0e1deb000-7fa0e1dfa000 r--p 0002b000 00:20 815296                     /usr/lib/ld-linux-x86-64.so.2
7fa0e1dfa000-7fa0e1dfc000 r--p 00039000 00:20 815296                     /usr/lib/ld-linux-x86-64.so.2
7fa0e1dfc000-7fa0e1dfd000 rw-p 0003b000 00:20 815296                     /usr/lib/ld-linux-x86-64.so.2
7fa0e1dfd000-7fa0e1dfe000 rw-p 00000000 00:00 0 
7fff26ca2000-7fff26cc3000 rw-p 00000000 00:00 0                          [stack]
ffffffffff600000-ffffffffff601000 --xp 00000000 00:00 0                  [vsyscall]
Total number of mappings: 723

JVMTI agents: none


VM Arguments:
jvm_args: --enable-native-access=ALL-UNNAMED -Dclassworlds.conf=/usr/share/java/maven/bin/m2.conf -Dmaven.home=/usr/share/java/maven -Dlibrary.jansi.path=/usr/share/java/maven/lib/jansi-native -Dmaven.multiModuleProjectDirectory=/home/timer/projects/qml4j 
java_command: org.codehaus.plexus.classworlds.launcher.Launcher -pl qml4j-demo-desktop exec:java
java_class_path (initial): /usr/share/java/maven/boot/plexus-classworlds-2.11.0.jar
Launcher Type: SUN_STANDARD

[Global flags]
     intx CICompilerCount                          = 3                                         {product} {ergonomic}
     uint ConcGCThreads                            = 2                                         {product} {ergonomic}
     uint G1ConcRefinementThreads                  = 6                                         {product} {ergonomic}
   size_t G1HeapRegionSize                         = 2097152                                   {product} {ergonomic}
    uintx GCDrainStackTargetSize                   = 64                                        {product} {ergonomic}
   size_t InitialHeapSize                          = 262144000                                 {product} {ergonomic}
   size_t MarkStackSize                            = 4194304                                   {product} {ergonomic}
   size_t MaxHeapSize                              = 4177526784                                {product} {ergonomic}
   size_t MaxNewSize                               = 2506096640                                {product} {ergonomic}
   size_t MinHeapDeltaBytes                        = 2097152                                   {product} {ergonomic}
   size_t MinHeapSize                              = 8388608                                   {product} {ergonomic}
    uintx NonNMethodCodeHeapSize                   = 5832780                                {pd product} {ergonomic}
    uintx NonProfiledCodeHeapSize                  = 122912730                              {pd product} {ergonomic}
    uintx ProfiledCodeHeapSize                     = 122912730                              {pd product} {ergonomic}
    uintx ReservedCodeCacheSize                    = 251658240                              {pd product} {ergonomic}
     bool SegmentedCodeCache                       = true                                      {product} {ergonomic}
   size_t SoftMaxHeapSize                          = 4177526784                             {manageable} {ergonomic}
     bool UseCompressedOops                        = true                           {product lp64_product} {ergonomic}
     bool UseG1GC                                  = true                                      {product} {ergonomic}

Logging:
Log output configuration:
 #0: 
[error occurred during error reporting (printing log configuration), id 0xb, SIGSEGV (0xb) at pc=0x00007fa0e0f61fac]
Release file:
IMPLEMENTOR="Arch Linux"
JAVA_RUNTIME_VERSION="21.0.11+10"
JAVA_VERSION="21.0.11"
JAVA_VERSION_DATE="2026-04-21"
LIBC="gnu"
MODULES="java.base java.compiler java.datatransfer java.xml java.prefs java.desktop java.instrument java.logging java.management java.security.sasl java.naming java.rmi java.management.rmi java.net.http java.scripting java.security.jgss java.transaction.xa java.sql java.sql.rowset java.xml.crypto java.se java.smartcardio jdk.accessibility jdk.internal.jvmstat jdk.attach jdk.charsets jdk.internal.opt jdk.zipfs jdk.compiler jdk.crypto.ec jdk.crypto.cryptoki jdk.dynalink jdk.internal.ed jdk.editpad jdk.hotspot.agent jdk.httpserver jdk.incubator.vector jdk.internal.le jdk.internal.vm.ci jdk.internal.vm.compiler jdk.internal.vm.compiler.management jdk.jartool jdk.javadoc jdk.jcmd jdk.management jdk.management.agent jdk.jconsole jdk.jdeps jdk.jdwp.agent jdk.jdi jdk.jfr jdk.jlink jdk.jpackage jdk.jshell jdk.jsobject jdk.jstatd jdk.localedata jdk.management.jfr jdk.naming.dns jdk.naming.rmi jdk.net jdk.nio.mapmode jdk.random jdk.sctp jdk.security.auth jdk.security.jgss jdk.unsupported jdk.unsupported.desktop jdk.xml.dom"
OS_ARCH="x86_64"
OS_NAME="Linux"
SOURCE=""

Environment Variables:
PATH=/home/timer/.local/bin:/usr/local/sbin:/usr/local/bin:/usr/bin:/usr/lib/jvm/default/bin:/usr/bin/site_perl:/usr/bin/vendor_perl:/usr/bin/core_perl:/usr/lib/rustup/bin:/home/timer/.local/share/JetBrains/Toolbox/scripts
SHELL=/usr/bin/fish
DISPLAY=:1
WAYLAND_DISPLAY=wayland-1
LANG=zh_CN.UTF-8
LC_NUMERIC=zh_CN.UTF-8
LC_TIME=zh_CN.UTF-8
TERM=xterm-kitty

Active Locale:
LC_ALL=zh_CN.UTF-8
LC_COLLATE=zh_CN.UTF-8
LC_CTYPE=zh_CN.UTF-8
LC_MESSAGES=zh_CN.UTF-8
LC_MONETARY=zh_CN.UTF-8
LC_NUMERIC=zh_CN.UTF-8
LC_TIME=zh_CN.UTF-8

Signal Handlers:
   SIGSEGV: 0x00007fa0e140e240 in libjvm.so+14737984, mask=11100100010111111101111111111110, flags=SA_RESTART|SA_SIGINFO, unblocked
    SIGBUS: 0x00007fa0e140e240 in libjvm.so+14737984, mask=11100100010111111101111111111110, flags=SA_RESTART|SA_SIGINFO, unblocked
    SIGFPE: 0x00007fa0e140e240 in libjvm.so+14737984, mask=11100100010111111101111111111110, flags=SA_RESTART|SA_SIGINFO, unblocked
   SIGPIPE: 0x00007fa0e1267700 in libjvm.so+13006592, mask=11100100010111111101111111111110, flags=SA_RESTART|SA_SIGINFO, blocked
   SIGXFSZ: 0x00007fa0e1267700 in libjvm.so+13006592, mask=11100100010111111101111111111110, flags=SA_RESTART|SA_SIGINFO, blocked
    SIGILL: 0x00007fa0e140e240 in libjvm.so+14737984, mask=11100100010111111101111111111110, flags=SA_RESTART|SA_SIGINFO, unblocked
   SIGUSR2: 0x00007fa0e1269020 in libjvm.so+13013024, mask=00000000000000000000000000000000, flags=SA_RESTART|SA_SIGINFO, blocked
    SIGHUP: 0x00007fa0e1266a60 in libjvm.so+13003360, mask=11100100010111111101111111111110, flags=SA_RESTART|SA_SIGINFO, blocked
    SIGINT: 0x00007fa0e1266a60 in libjvm.so+13003360, mask=11100100010111111101111111111110, flags=SA_RESTART|SA_SIGINFO, blocked
   SIGTERM: 0x00007fa0e1266a60 in libjvm.so+13003360, mask=11100100010111111101111111111110, flags=SA_RESTART|SA_SIGINFO, blocked
   SIGQUIT: 0x00007fa0e1266a60 in libjvm.so+13003360, mask=11100100010111111101111111111110, flags=SA_RESTART|SA_SIGINFO, blocked
   SIGTRAP: 0x00007fa0e140e240 in libjvm.so+14737984, mask=11100100010111111101111111111110, flags=SA_RESTART|SA_SIGINFO, unblocked


Periodic native trim disabled

---------------  S Y S T E M  ---------------

OS:
DISTRIB_ID="EndeavourOS"
DISTRIB_RELEASE="rolling"
DISTRIB_DESCRIPTION="EndeavourOS Linux"
DISTRIB_CODENAME="rolling"
uname: Linux 7.0.11-arch1-1 #1 SMP PREEMPT_DYNAMIC Tue, 02 Jun 2026 18:26:58 +0000 x86_64
OS uptime: 0 days 2:27 hours
libc: glibc 2.43 NPTL 2.43 
rlimit (soft/hard): STACK 8192k/infinity , CORE infinity/infinity , NPROC 63201/63201 , NOFILE 524288/524288 , AS infinity/infinity , CPU infinity/infinity , DATA infinity/infinity , FSIZE infinity/infinity , MEMLOCK 8192k/8192k
load average: 0.91 1.22 1.01

/proc/meminfo:
MemTotal:       16311800 kB
MemFree:          833388 kB
MemAvailable:    6849964 kB
Buffers:              24 kB
Cached:          6560660 kB
SwapCached:         2580 kB
Active:          5515564 kB
Inactive:        8268524 kB
Active(anon):    4501524 kB
Inactive(anon):  3265156 kB
Active(file):    1014040 kB
Inactive(file):  5003368 kB
Unevictable:      154376 kB
Mlocked:              32 kB
SwapTotal:        524284 kB
SwapFree:          11840 kB
Zswap:            158956 kB
Zswapped:         485540 kB
Dirty:              3524 kB
Writeback:             0 kB
AnonPages:       7091832 kB
Mapped:          2607376 kB
Shmem:            389168 kB
KReclaimable:     344012 kB
Slab:             561440 kB
SReclaimable:     344012 kB
SUnreclaim:       217428 kB
KernelStack:       23808 kB
PageTables:        87084 kB
SecPageTables:      1028 kB
NFS_Unstable:          0 kB
Bounce:                0 kB
WritebackTmp:          0 kB
CommitLimit:     8680184 kB
Committed_AS:   33261704 kB
VmallocTotal:   34359738367 kB
VmallocUsed:      226400 kB
VmallocChunk:          0 kB
Percpu:             4832 kB
HardwareCorrupted:     0 kB
AnonHugePages:   1216512 kB
ShmemHugePages:   122880 kB
ShmemPmdMapped:   118784 kB
FileHugePages:    272384 kB
FilePmdMapped:    272384 kB
CmaTotal:              0 kB
CmaFree:               0 kB
Unaccepted:            0 kB
Balloon:               0 kB
HugePages_Total:       0
HugePages_Free:        0
HugePages_Rsvd:        0
HugePages_Surp:        0
Hugepagesize:       2048 kB
Hugetlb:               0 kB
DirectMap4k:     1829268 kB
DirectMap2M:    14891008 kB
DirectMap1G:           0 kB

/sys/kernel/mm/transparent_hugepage/enabled: [always] madvise never
/sys/kernel/mm/transparent_hugepage/hpage_pmd_size: 2097152
/sys/kernel/mm/transparent_hugepage/defrag (defrag/compaction efforts parameter): always defer defer+madvise [madvise] never

Process Memory:
Virtual Size: 8448740K (peak: 8457040K)
Resident Set Size: 628468K (peak: 630188K) (anon: 364464K, file: 256260K, shmem: 7744K)
Swapped out: 0K
C-Heap outstanding allocations: 99706K, retained: 66295K
glibc malloc tunables: (default)

/proc/sys/kernel/threads-max (system-wide limit on the number of threads): 126403
/proc/sys/vm/max_map_count (maximum number of memory map areas a process may have): 1048576
/proc/sys/vm/swappiness (control to define how aggressively the kernel swaps out anonymous memory): 60
/proc/sys/kernel/pid_max (system-wide limit on number of process identifiers): 4194304

container information not found.
Steal ticks since vm start: 0
Steal ticks percentage since vm start:  0.000

CPU: total 6 (initial active 6) (6 cores per cpu, 1 threads per core) family 6 model 158 stepping 10 microcode 0xfa, cx8, cmov, fxsr, mmx, 3dnowpref, sse, sse2, sse3, ssse3, sse4.1, sse4.2, popcnt, lzcnt, tsc, tscinvbit, avx, avx2, aes, erms, clmul, bmi1, bmi2, adx, fma, vzeroupper, clflush, clflushopt, rdtscp, f16c
CPU Model and flags from /proc/cpuinfo:
model name	: Intel(R) Core(TM) i5-9400 CPU @ 2.90GHz
flags		: fpu vme de pse tsc msr pae mce cx8 apic sep mtrr pge mca cmov pat pse36 clflush dts acpi mmx fxsr sse sse2 ss ht tm pbe syscall nx pdpe1gb rdtscp lm constant_tsc art arch_perfmon pebs bts rep_good nopl xtopology nonstop_tsc cpuid aperfmperf pni pclmulqdq dtes64 monitor ds_cpl vmx est tm2 ssse3 sdbg fma cx16 xtpr pdcm pcid sse4_1 sse4_2 x2apic movbe popcnt tsc_deadline_timer aes xsave avx f16c rdrand lahf_lm abm 3dnowprefetch cpuid_fault pti ssbd ibrs ibpb stibp tpr_shadow flexpriority ept vpid ept_ad fsgsbase tsc_adjust bmi1 avx2 smep bmi2 erms invpcid mpx rdseed adx smap clflushopt intel_pt xsaveopt xsavec xgetbv1 xsaves dtherm ida arat pln pts hwp hwp_notify hwp_act_window hwp_epp vnmi md_clear flush_l1d arch_capabilities

Online cpus: 0-5
Offline cpus: 
BIOS frequency limitation: <Not Available>
Frequency switch latency (ns): 0
Available cpu frequencies: <Not Available>
Current governor: powersave
Core performance/turbo boost: <Not Available>

Memory: 4k page, physical 16311800k(6849964k free), swap 524284k(11840k free)
Page Sizes: 4k

vm_info: OpenJDK 64-Bit Server VM (21.0.11+10) for linux-amd64 JRE (21.0.11+10), built on 2026-04-21T21:02:55Z by "builduser" with gcc 15.2.1 20260209

END.
