#
# A fatal error has been detected by the Java Runtime Environment:
#
#  SIGSEGV (0xb) at pc=0x00007f595874b60e, pid=55964, tid=56042
#
# JRE version: OpenJDK Runtime Environment (21.0.11+10) (build 21.0.11+10)
# Java VM: OpenJDK 64-Bit Server VM (21.0.11+10, mixed mode, sharing, tiered, compressed oops, compressed class ptrs, g1 gc, linux-amd64)
# Problematic frame:
# C  [libEGL_nvidia.so.0+0xb660e]
#
# Core dump will be written. Default location: Core dumps may be processed with "/usr/lib/systemd/systemd-coredump %P %u %g %s %t %c %h %d %F" (or dumping to /home/timer/projects/qml4j/core.55964)
#
# If you would like to submit a bug report, please visit:
#   https://bugreport.java.com/bugreport/crash.jsp
#

---------------  S U M M A R Y ------------

Command Line: --enable-native-access=ALL-UNNAMED -Dclassworlds.conf=/usr/share/java/maven/bin/m2.conf -Dmaven.home=/usr/share/java/maven -Dlibrary.jansi.path=/usr/share/java/maven/lib/jansi-native -Dmaven.multiModuleProjectDirectory=/home/timer/projects/qml4j org.codehaus.plexus.classworlds.launcher.Launcher -q -pl qml4j-demo-desktop exec:java -Dexec.args=segmented

Host: Intel(R) Core(TM) i5-9400 CPU @ 2.90GHz, 6 cores, 15G, EndeavourOS Linux
Time: Sat Jun  6 08:30:44 2026 CST elapsed time: 30.277310 seconds (0d 0h 0m 30s)

---------------  T H R E A D  ---------------

Current thread is native thread

Stack: [0x00007f59045cb000,0x00007f5905200000],  sp=0x00007f59051fedc0,  free space=12495k
Native frames: (J=compiled Java code, j=interpreted, Vv=VM code, C=native code)
C  [libEGL_nvidia.so.0+0xb660e]

siginfo: si_signo: 11 (SIGSEGV), si_code: 1 (SEGV_MAPERR), si_addr: 0x0000000000000040

Registers:
RAX=0x0000000000000000, RBX=0x00007f58fddfef80, RCX=0x0000000000000001, RDX=0x00007f58fff7d7dc
RSP=0x00007f59051fedc0, RBP=0x00007f58fd4de040, RSI=0x00007f595873e840, RDI=0x00007f59587d74a8
R8 =0x0000000000c6c744, R9 =0x00007f59051fedb0, R10=0x0000000000000000, R11=0x00007f59e07a0000
R12=0x00007f58fff82a60, R13=0x00007f58fd4de040, R14=0x00007f58fddff380, R15=0x0000000000000000
RIP=0x00007f595874b60e, EFLAGS=0x0000000000010206, CSGSFS=0x002b000000000033, ERR=0x0000000000000004
  TRAPNO=0x000000000000000e

XMM[0]=0x0000000000000000 0x000000004bdb07ae
XMM[1]=0x0000000000000000 0x0000000000000000
XMM[2]=0x0000000000000000 0x00000000000000ff
XMM[3]=0x0000000000000000 0x00000000000000ff
XMM[4]=0x0000000000000000 0x0000000000000000
XMM[5]=0x0000000000000000 0x0000000000000000
XMM[6]=0x0000000000000000 0x0000000000000000
XMM[7]=0x0000000000000000 0x0000000000000000
XMM[8]=0x00007f58fe4089f0 0x00007f58fe4089e0
XMM[9]=0x0000000000200000 0x0000000000202020
XMM[10]=0x3f3f3f3f3f3f3f3f 0x3f3f3f3f3f3f3f3f
XMM[11]=0x9999999999999999 0x9999999999999999
XMM[12]=0x2020202020202020 0x2020202020202020
XMM[13]=0x0000000000000000 0x0000001001000000
XMM[14]=0x0000000000000000 0x0000000000000100
XMM[15]=0x0000000000000000 0x0000000000000000
  MXCSR=0x00001fa2


Top of Stack: (sp=0x00007f59051fedc0)
0x00007f59051fedc0:   00007f58fff7f8c0 00007f58fe81100a   ....X.......X...
0x00007f59051fedd0:   00007f58fff7f8c0 00007f58fe63729f   ....X....rc.X...
0x00007f59051fede0:   00007f59108e4c80 00007f58fff2bce0   .L..Y.......X...
0x00007f59051fedf0:   00007f59051ff6c0 00017f5800000000   ....Y.......X...
0x00007f59051fee00:   00007f59108e3080 00007f58fddff380   .0..Y.......X...
0x00007f59051fee10:   00007f58fe8124b0 0000000000000021   .$..X...!.......
0x00007f59051fee20:   00007f59acff5250 0000000000000000   PR..Y...........
0x00007f59051fee30:   00007f59acff5357 00007f58fe81348a   WS..Y....4..X...
0x00007f59051fee40:   0000000000000000 00007f59051ffce4   ............Y...
0x00007f59051fee50:   00007f59051fef70 00007f59e04981b9   p...Y.....I.Y...
0x00007f59051fee60:   0000000000000000 0000000000c36000   .........`......
0x00007f59051fee70:   0000000000c36000 00007f59051ff6c0   .`..........Y...
0x00007f59051fee80:   ffffffffffffff40 441a78152ed277f3   @........w...x.D
0x00007f59051fee90:   0000000000000021 00007f59acff5250   !.......PR..Y...
0x00007f59051feea0:   0000000000000000 00007f59acff5357   ........WS..Y...
0x00007f59051feeb0:   441a78152cf277f3 441bb2b80e8477f3   .w.,.x.D.w.....D
0x00007f59051feec0:   0000000000000000 0000000000000000   ................
0x00007f59051feed0:   0000000000000000 0000000000000000   ................
0x00007f59051feee0:   0000000000000000 0000000000000000   ................
0x00007f59051feef0:   203a6362696c6720 2064616572687470    glibc: pthread 
0x00007f59051fef00:   35203a6b63617473 0000000032343036   stack: 56042....
0x00007f59051fef10:   0000000000000000 0000000000000000   ................
0x00007f59051fef20:   0000000000000000 0000000000000000   ................
0x00007f59051fef30:   0000000000000000 0000000000000000   ................
0x00007f59051fef40:   0000000000000000 178025c3a26ec400   ..........n..%..
0x00007f59051fef50:   0000000000000000 00007f59e0497e20   ........ ~I.Y...
0x00007f59051fef60:   00007f59051ff6c0 0000000000000000   ....Y...........
0x00007f59051fef70:   0000000000000000 00007f59e051d21c   ..........Q.Y...
0x00007f59051fef80:   0000000000000000 0000000000000000   ................
0x00007f59051fef90:   0000000000000000 0000000000000000   ................
0x00007f59051fefa0:   0000000000000000 0000000000000000   ................
0x00007f59051fefb0:   0000000000000000 0000000000000000   ................

Instructions: (pc=0x00007f595874b60e)
0x00007f595874b50e:   4c 24 08 48 85 c0 48 89 c2 74 61 48 89 08 49 8b
0x00007f595874b51e:   44 24 40 48 83 c2 08 48 85 c0 74 41 41 8b 4c 24
0x00007f595874b52e:   34 31 c0 85 c9 74 19 49 8b 74 24 40 89 c1 83 c0
0x00007f595874b53e:   01 48 8b 34 ce 48 89 34 ca 41 39 44 24 34 77 e7
0x00007f595874b54e:   49 8b 44 24 40 48 85 c0 74 13 48 8d 78 f8 48 89
0x00007f595874b55e:   54 24 08 e8 1a a8 00 00 48 8b 54 24 08 45 89 7c
0x00007f595874b56e:   24 34 49 89 54 24 40 e9 9a fe ff ff 45 8b 74 24
0x00007f595874b57e:   34 e9 90 fe ff ff 66 2e 0f 1f 84 00 00 00 00 00
0x00007f595874b58e:   66 90 48 8b 07 48 39 f0 74 58 55 48 89 fd 53 48
0x00007f595874b59e:   89 f3 48 83 ec 08 48 85 c0 74 15 48 8d 78 08 ff
0x00007f595874b5ae:   50 18 85 c0 75 0a 48 8b 7d 00 48 8b 07 ff 50 08
0x00007f595874b5be:   48 89 5d 00 48 85 db 74 19 48 8b 43 10 48 83 c4
0x00007f595874b5ce:   08 48 8d 7b 08 5b 5d ff e0 66 0f 1f 84 00 00 00
0x00007f595874b5de:   00 00 48 83 c4 08 5b 5d c3 66 0f 1f 84 00 00 00
0x00007f595874b5ee:   00 00 c3 66 66 2e 0f 1f 84 00 00 00 00 00 0f 1f
0x00007f595874b5fe:   40 00 48 83 ec 08 bf 01 00 00 00 e8 62 4a ff ff
0x00007f595874b60e:   8b 70 40 48 8d 78 30 48 83 c4 08 e9 62 68 f8 ff
0x00007f595874b61e:   66 90 48 83 ec 18 48 8b 87 b0 04 00 00 ba 04 00
0x00007f595874b62e:   00 00 be 01 00 00 00 48 8d 4c 24 0c bf 01 00 00
0x00007f595874b63e:   00 ff 90 d8 00 00 00 48 83 c4 18 c3 66 0f 1f 44
0x00007f595874b64e:   00 00 49 89 fa 41 89 d1 40 0f b6 fe 89 ca 49 8b
0x00007f595874b65e:   82 b0 04 00 00 4c 89 c1 44 89 ce 48 8b 80 d8 00
0x00007f595874b66e:   00 00 ff e0 66 66 2e 0f 1f 84 00 00 00 00 00 0f
0x00007f595874b67e:   1f 00 55 40 0f b6 f6 53 48 89 fb 48 83 ec 08 48
0x00007f595874b68e:   8b af b0 04 00 00 e8 b7 ff ff ff ff 95 00 01 00
0x00007f595874b69e:   00 8b 10 89 53 28 48 83 c4 08 5b 5d c3 0f 1f 44
0x00007f595874b6ae:   00 00 41 57 41 56 49 89 fe bf 01 00 00 00 41 55
0x00007f595874b6be:   49 89 f5 41 54 55 53 48 83 ec 58 48 89 14 24 e8
0x00007f595874b6ce:   9e 49 ff ff 48 c7 44 24 18 00 00 00 00 83 b8 a0
0x00007f595874b6de:   04 00 00 03 4c 8b b8 b0 04 00 00 48 89 c3 44 8b
0x00007f595874b6ee:   60 38 0f 84 02 01 00 00 48 8d 4c 24 20 48 8d 70
0x00007f595874b6fe:   30 ba 01 00 00 00 48 89 cf 48 89 4c 24 08 e8 7f



---------------  P R O C E S S  ---------------

VM state: at safepoint (shutting down)

VM Mutex/Monitor currently owned by a thread:  ([mutex/lock_event])
[0x00007f59e03290f8] Threads_lock - owner thread: 0x00007f59d8143910
[0x00007f59e0328ff8] Heap_lock - owner thread: 0x00007f5944001090

Heap address: 0x0000000707000000, size: 3984 MB, Compressed Oops mode: Zero based, Oop shift amount: 3

CDS archive(s) mapped at: [0x00007f595f000000-0x00007f595fc9b000-0x00007f595fc9b000), size 13217792, SharedBaseAddress: 0x00007f595f000000, ArchiveRelocationMode: 1.
Compressed class space mapped at: 0x00007f5960000000-0x00007f59a0000000, reserved size: 1073741824
Narrow klass base: 0x00007f595f000000, Narrow klass shift: 0, Narrow klass range: 0x100000000

GC Precious Log:
<Skipped>

Heap:
 garbage-first heap   total 104448K, used 61833K [0x0000000707000000, 0x0000000800000000)
  region size 2048K, 28 young (57344K), 4 survivors (8192K)
 Metaspace       used 24875K, committed 25152K, reserved 1114112K
  class space    used 2821K, committed 2944K, reserved 1048576K

Heap Regions: E=young(eden), S=young(survivor), O=old, HS=humongous(starts), HC=humongous(continues), CS=collection set, F=free, TAMS=top-at-mark-start, PB=parsable bottom
|   0|0x0000000707000000, 0x0000000707000000, 0x0000000707200000|  0%| F|  |TAMS 0x0000000707000000| PB 0x0000000707000000| Untracked 
|   1|0x0000000707200000, 0x0000000707200000, 0x0000000707400000|  0%| F|  |TAMS 0x0000000707200000| PB 0x0000000707200000| Untracked 
|   2|0x0000000707400000, 0x0000000707400000, 0x0000000707600000|  0%| F|  |TAMS 0x0000000707400000| PB 0x0000000707400000| Untracked 
|   3|0x0000000707600000, 0x0000000707600000, 0x0000000707800000|  0%| F|  |TAMS 0x0000000707600000| PB 0x0000000707600000| Untracked 
|   4|0x0000000707800000, 0x0000000707800000, 0x0000000707a00000|  0%| F|  |TAMS 0x0000000707800000| PB 0x0000000707800000| Untracked 
|   5|0x0000000707a00000, 0x0000000707a00000, 0x0000000707c00000|  0%| F|  |TAMS 0x0000000707a00000| PB 0x0000000707a00000| Untracked 
|   6|0x0000000707c00000, 0x0000000707c00000, 0x0000000707e00000|  0%| F|  |TAMS 0x0000000707c00000| PB 0x0000000707c00000| Untracked 
|   7|0x0000000707e00000, 0x0000000707e00000, 0x0000000708000000|  0%| F|  |TAMS 0x0000000707e00000| PB 0x0000000707e00000| Untracked 
|   8|0x0000000708000000, 0x0000000708000000, 0x0000000708200000|  0%| F|  |TAMS 0x0000000708000000| PB 0x0000000708000000| Untracked 
|   9|0x0000000708200000, 0x0000000708200000, 0x0000000708400000|  0%| F|  |TAMS 0x0000000708200000| PB 0x0000000708200000| Untracked 
|  10|0x0000000708400000, 0x0000000708400000, 0x0000000708600000|  0%| F|  |TAMS 0x0000000708400000| PB 0x0000000708400000| Untracked 
|  11|0x0000000708600000, 0x0000000708600000, 0x0000000708800000|  0%| F|  |TAMS 0x0000000708600000| PB 0x0000000708600000| Untracked 
|  12|0x0000000708800000, 0x0000000708800000, 0x0000000708a00000|  0%| F|  |TAMS 0x0000000708800000| PB 0x0000000708800000| Untracked 
|  13|0x0000000708a00000, 0x0000000708a00000, 0x0000000708c00000|  0%| F|  |TAMS 0x0000000708a00000| PB 0x0000000708a00000| Untracked 
|  14|0x0000000708c00000, 0x0000000708c00000, 0x0000000708e00000|  0%| F|  |TAMS 0x0000000708c00000| PB 0x0000000708c00000| Untracked 
|  15|0x0000000708e00000, 0x0000000708e00000, 0x0000000709000000|  0%| F|  |TAMS 0x0000000708e00000| PB 0x0000000708e00000| Untracked 
|  16|0x0000000709000000, 0x0000000709000000, 0x0000000709200000|  0%| F|  |TAMS 0x0000000709000000| PB 0x0000000709000000| Untracked 
|  17|0x0000000709200000, 0x0000000709200000, 0x0000000709400000|  0%| F|  |TAMS 0x0000000709200000| PB 0x0000000709200000| Untracked 
|  18|0x0000000709400000, 0x0000000709400000, 0x0000000709600000|  0%| F|  |TAMS 0x0000000709400000| PB 0x0000000709400000| Untracked 
|  19|0x0000000709600000, 0x00000007096b1898, 0x0000000709800000| 34%| E|  |TAMS 0x0000000709600000| PB 0x0000000709600000| Complete 
|  20|0x0000000709800000, 0x0000000709a00000, 0x0000000709a00000|100%| E|CS|TAMS 0x0000000709800000| PB 0x0000000709800000| Complete 
|  21|0x0000000709a00000, 0x0000000709c00000, 0x0000000709c00000|100%| E|CS|TAMS 0x0000000709a00000| PB 0x0000000709a00000| Complete 
|  22|0x0000000709c00000, 0x0000000709e00000, 0x0000000709e00000|100%| E|CS|TAMS 0x0000000709c00000| PB 0x0000000709c00000| Complete 
|  23|0x0000000709e00000, 0x000000070a000000, 0x000000070a000000|100%| E|CS|TAMS 0x0000000709e00000| PB 0x0000000709e00000| Complete 
|  24|0x000000070a000000, 0x000000070a200000, 0x000000070a200000|100%| E|CS|TAMS 0x000000070a000000| PB 0x000000070a000000| Complete 
|  25|0x000000070a200000, 0x000000070a400000, 0x000000070a400000|100%| E|CS|TAMS 0x000000070a200000| PB 0x000000070a200000| Complete 
|  26|0x000000070a400000, 0x000000070a600000, 0x000000070a600000|100%| E|CS|TAMS 0x000000070a400000| PB 0x000000070a400000| Complete 
|  27|0x000000070a600000, 0x000000070a800000, 0x000000070a800000|100%| E|CS|TAMS 0x000000070a600000| PB 0x000000070a600000| Complete 
|  28|0x000000070a800000, 0x000000070aa00000, 0x000000070aa00000|100%| E|CS|TAMS 0x000000070a800000| PB 0x000000070a800000| Complete 
|  29|0x000000070aa00000, 0x000000070ac00000, 0x000000070ac00000|100%| E|CS|TAMS 0x000000070aa00000| PB 0x000000070aa00000| Complete 
|  30|0x000000070ac00000, 0x000000070ae00000, 0x000000070ae00000|100%| E|CS|TAMS 0x000000070ac00000| PB 0x000000070ac00000| Complete 
|  31|0x000000070ae00000, 0x000000070b000000, 0x000000070b000000|100%| E|CS|TAMS 0x000000070ae00000| PB 0x000000070ae00000| Complete 
|  32|0x000000070b000000, 0x000000070b200000, 0x000000070b200000|100%| E|CS|TAMS 0x000000070b000000| PB 0x000000070b000000| Complete 
|  33|0x000000070b200000, 0x000000070b400000, 0x000000070b400000|100%| E|CS|TAMS 0x000000070b200000| PB 0x000000070b200000| Complete 
|  34|0x000000070b400000, 0x000000070b600000, 0x000000070b600000|100%| E|CS|TAMS 0x000000070b400000| PB 0x000000070b400000| Complete 
|  35|0x000000070b600000, 0x000000070b800000, 0x000000070b800000|100%| E|CS|TAMS 0x000000070b600000| PB 0x000000070b600000| Complete 
|  36|0x000000070b800000, 0x000000070ba00000, 0x000000070ba00000|100%| S|CS|TAMS 0x000000070b800000| PB 0x000000070b800000| Complete 
|  37|0x000000070ba00000, 0x000000070bc00000, 0x000000070bc00000|100%| S|CS|TAMS 0x000000070ba00000| PB 0x000000070ba00000| Complete 
|  38|0x000000070bc00000, 0x000000070be00000, 0x000000070be00000|100%| S|CS|TAMS 0x000000070bc00000| PB 0x000000070bc00000| Complete 
|  39|0x000000070be00000, 0x000000070bf5c4e0, 0x000000070c000000| 68%| S|CS|TAMS 0x000000070be00000| PB 0x000000070be00000| Complete 
|  87|0x0000000711e00000, 0x0000000712000000, 0x0000000712000000|100%| E|CS|TAMS 0x0000000711e00000| PB 0x0000000711e00000| Complete 
|  88|0x0000000712000000, 0x0000000712200000, 0x0000000712200000|100%| E|CS|TAMS 0x0000000712000000| PB 0x0000000712000000| Complete 
|  89|0x0000000712200000, 0x0000000712400000, 0x0000000712400000|100%| E|CS|TAMS 0x0000000712200000| PB 0x0000000712200000| Complete 
|  90|0x0000000712400000, 0x0000000712600000, 0x0000000712600000|100%| E|CS|TAMS 0x0000000712400000| PB 0x0000000712400000| Complete 
|  91|0x0000000712600000, 0x0000000712800000, 0x0000000712800000|100%| E|CS|TAMS 0x0000000712600000| PB 0x0000000712600000| Complete 
|  92|0x0000000712800000, 0x0000000712a00000, 0x0000000712a00000|100%| E|CS|TAMS 0x0000000712800000| PB 0x0000000712800000| Complete 
| 124|0x0000000716800000, 0x0000000716a00000, 0x0000000716a00000|100%| E|CS|TAMS 0x0000000716800000| PB 0x0000000716800000| Complete 
|1988|0x00000007ff800000, 0x00000007ff9f9b58, 0x00000007ffa00000| 98%| O|  |TAMS 0x00000007ff800000| PB 0x00000007ff800000| Untracked 
|1989|0x00000007ffa00000, 0x00000007ffc00000, 0x00000007ffc00000|100%| O|  |TAMS 0x00000007ffa00000| PB 0x00000007ffa00000| Untracked 
|1990|0x00000007ffc00000, 0x00000007ffe00000, 0x00000007ffe00000|100%| O|  |TAMS 0x00000007ffc00000| PB 0x00000007ffc00000| Untracked 
|1991|0x00000007ffe00000, 0x00000007fff0c570, 0x0000000800000000| 52%| O|Cm|TAMS 0x00000007ffe00000| PB 0x00000007ffe00000| Complete 

Card table byte_map: [0x00007f59dd361000,0x00007f59ddb29000] _byte_map_base: 0x00007f59d9b29000

Marking Bits: (CMBitMap*) 0x00007f59d8082a10
 Bits: [0x00007f59bc5c0000, 0x00007f59c0400000)

Polling page: 0x00007f59e0784000

Metaspace:

Usage:
  Non-class:     21.54 MB used.
      Class:      2.76 MB used.
       Both:     24.29 MB used.

Virtual space:
  Non-class space:       64.00 MB reserved,      21.69 MB ( 34%) committed,  1 nodes.
      Class space:        1.00 GB reserved,       2.88 MB ( <1%) committed,  1 nodes.
             Both:        1.06 GB reserved,      24.56 MB (  2%) committed. 

Chunk freelists:
   Non-Class:  9.94 MB
       Class:  13.00 MB
        Both:  22.94 MB

MaxMetaspaceSize: unlimited
CompressedClassSpaceSize: 1.00 GB
Initial GC threshold: 21.00 MB
Current GC threshold: 35.31 MB
CDS: on
 - commit_granule_bytes: 65536.
 - commit_granule_words: 8192.
 - virtual_space_node_default_size: 8388608.
 - enlarge_chunks_in_place: 1.
 - use_allocation_guard: 0.


Internal statistics:

num_allocs_failed_limit: 3.
num_arena_births: 244.
num_arena_deaths: 0.
num_vsnodes_births: 2.
num_vsnodes_deaths: 0.
num_space_committed: 391.
num_space_uncommitted: 0.
num_chunks_returned_to_freelist: 3.
num_chunks_taken_from_freelist: 1140.
num_chunk_merges: 3.
num_chunk_splits: 789.
num_chunks_enlarged: 623.
num_inconsistent_stats: 0.

CodeHeap 'non-profiled nmethods': size=120032Kb used=2515Kb max_used=2515Kb free=117516Kb
 bounds [0x00007f59c7ec8000, 0x00007f59c8148000, 0x00007f59cf400000]
CodeHeap 'profiled nmethods': size=120028Kb used=10109Kb max_used=10109Kb free=109918Kb
 bounds [0x00007f59c0400000, 0x00007f59c0de0000, 0x00007f59c7937000]
CodeHeap 'non-nmethods': size=5700Kb used=2218Kb max_used=2383Kb free=3481Kb
 bounds [0x00007f59c7937000, 0x00007f59c7ba7000, 0x00007f59c7ec8000]
CodeCache: size=245760Kb, used=14842Kb, max_used=15007Kb, free=230915Kb
 total_blobs=5922, nmethods=4720, adapters=1107, full_count=0
Compilation: enabled, stopped_count=0, restarted_count=0

Compilation events (20 events):
Event: 23.159 Thread 0x00007f59d8155a30 nmethod 4713 0x00007f59c0dde510 code [0x00007f59c0dde6a0, 0x00007f59c0dde800]
Event: 23.159 Thread 0x00007f59d8155a30 4714       3       java.util.Formatter$FormatSpecifier::print (234 bytes)
Event: 23.159 Thread 0x00007f59d8155a30 nmethod 4714 0x00007f59c0dde890 code [0x00007f59c0ddeb20, 0x00007f59c0ddf2b0]
Event: 23.175 Thread 0x00007f59d8154360 nmethod 4706 0x00007f59c8131610 code [0x00007f59c8131880, 0x00007f59c8132f30]
Event: 23.175 Thread 0x00007f59d8154360 4708       4       java.util.regex.Pattern$Start::match (90 bytes)
Event: 23.177 Thread 0x00007f59d8154360 nmethod 4708 0x00007f59c8133c90 code [0x00007f59c8133e20, 0x00007f59c8133fb8]
Event: 23.177 Thread 0x00007f59d8154360 4712       4       java.lang.invoke.LambdaForm$MH/0x00007f5960008800::invoke (25 bytes)
Event: 23.177 Thread 0x00007f59d8154360 nmethod 4712 0x00007f59c8134110 code [0x00007f59c81342c0, 0x00007f59c8134400]
Event: 23.357 Thread 0x00007f59d8154360 4715   !   4       io.qml4j.render.Renderer::measureText (554 bytes)
Event: 23.397 Thread 0x00007f59d8154360 nmethod 4715 0x00007f59c8134590 code [0x00007f59c8134b00, 0x00007f59c8138508]
Event: 24.007 Thread 0x00007f59d8154360 4716       4       io.github.humbleui.skija.Canvas::clipRect (98 bytes)
Event: 24.008 Thread 0x00007f59d8154360 nmethod 4716 0x00007f59c813aa90 code [0x00007f59c813ac20, 0x00007f59c813ad68]
Event: 24.591 Thread 0x00007f59d8154360 4717       4       io.qml4j.render.items.Row::layout (191 bytes)
Event: 24.598 Thread 0x00007f59d8154360 nmethod 4717 0x00007f59c813ae90 code [0x00007f59c813b100, 0x00007f59c813bbe0]
Event: 24.991 Thread 0x00007f59d8154360 4718       4       java.lang.Character::toChars (59 bytes)
Event: 24.991 Thread 0x00007f59d8154360 nmethod 4718 0x00007f59c813c590 code [0x00007f59c813c720, 0x00007f59c813c838]
Event: 25.391 Thread 0x00007f59d8154360 4719       4       io.qml4j.render.Renderer::applyAlpha (48 bytes)
Event: 25.391 Thread 0x00007f59d8154360 nmethod 4719 0x00007f59c813c910 code [0x00007f59c813caa0, 0x00007f59c813cbb8]
Event: 29.960 Thread 0x00007f59d8155a30 4720       1       java.util.concurrent.CopyOnWriteArrayList::getArray (5 bytes)
Event: 29.960 Thread 0x00007f59d8155a30 nmethod 4720 0x00007f59c813cc10 code [0x00007f59c813cda0, 0x00007f59c813ce68]

GC Heap History (8 events):
Event: 0.309 GC heap before
{Heap before GC invocations=0 (full 0):
 garbage-first heap   total 258048K, used 21553K [0x0000000707000000, 0x0000000800000000)
  region size 2048K, 10 young (20480K), 0 survivors (0K)
 Metaspace       used 5487K, committed 5696K, reserved 1114112K
  class space    used 646K, committed 768K, reserved 1048576K
}
Event: 0.311 GC heap after
{Heap after GC invocations=1 (full 0):
 garbage-first heap   total 258048K, used 4118K [0x0000000707000000, 0x0000000800000000)
  region size 2048K, 2 young (4096K), 2 survivors (4096K)
 Metaspace       used 5487K, committed 5696K, reserved 1114112K
  class space    used 646K, committed 768K, reserved 1048576K
}
Event: 0.884 GC heap before
{Heap before GC invocations=1 (full 0):
 garbage-first heap   total 258048K, used 53270K [0x0000000707000000, 0x0000000800000000)
  region size 2048K, 27 young (55296K), 2 survivors (4096K)
 Metaspace       used 12775K, committed 12928K, reserved 1114112K
  class space    used 1580K, committed 1664K, reserved 1048576K
}
Event: 0.894 GC heap after
{Heap after GC invocations=2 (full 0):
 garbage-first heap   total 258048K, used 7537K [0x0000000707000000, 0x0000000800000000)
  region size 2048K, 4 young (8192K), 4 survivors (8192K)
 Metaspace       used 12775K, committed 12928K, reserved 1114112K
  class space    used 1580K, committed 1664K, reserved 1048576K
}
Event: 1.695 GC heap before
{Heap before GC invocations=2 (full 0):
 garbage-first heap   total 258048K, used 62833K [0x0000000707000000, 0x0000000800000000)
  region size 2048K, 32 young (65536K), 4 survivors (8192K)
 Metaspace       used 21235K, committed 21504K, reserved 1114112K
  class space    used 2457K, committed 2560K, reserved 1048576K
}
Event: 1.702 GC heap after
{Heap after GC invocations=3 (full 0):
 garbage-first heap   total 258048K, used 12276K [0x0000000707000000, 0x0000000800000000)
  region size 2048K, 6 young (12288K), 6 survivors (12288K)
 Metaspace       used 21235K, committed 21504K, reserved 1114112K
  class space    used 2457K, committed 2560K, reserved 1048576K
}
Event: 3.974 GC heap before
{Heap before GC invocations=4 (full 0):
 garbage-first heap   total 90112K, used 86004K [0x0000000707000000, 0x0000000800000000)
  region size 2048K, 17 young (34816K), 6 survivors (12288K)
 Metaspace       used 24586K, committed 24960K, reserved 1114112K
  class space    used 2797K, committed 2944K, reserved 1048576K
}
Event: 3.980 GC heap after
{Heap after GC invocations=5 (full 0):
 garbage-first heap   total 104448K, used 14729K [0x0000000707000000, 0x0000000800000000)
  region size 2048K, 4 young (8192K), 4 survivors (8192K)
 Metaspace       used 24586K, committed 24960K, reserved 1114112K
  class space    used 2797K, committed 2944K, reserved 1048576K
}

Dll operation events (11 events):
Event: 0.001 Loaded shared library /usr/lib/jvm/java-21-openjdk/lib/libjava.so
Event: 0.018 Loaded shared library /usr/lib/jvm/java-21-openjdk/lib/libjsvml.so
Event: 0.024 Loaded shared library /usr/lib/jvm/java-21-openjdk/lib/libnio.so
Event: 0.026 Loaded shared library /usr/lib/jvm/java-21-openjdk/lib/libzip.so
Event: 0.031 Loaded shared library /usr/lib/jvm/java-21-openjdk/lib/libnet.so
Event: 0.100 Loaded shared library /usr/lib/jvm/java-21-openjdk/lib/libjimage.so
Event: 0.104 Loaded shared library /tmp/jansi-2.4.3-2b40b48c7ee89c68-libjansi.so
Event: 0.112 Loaded shared library /usr/lib/jvm/java-21-openjdk/lib/libverify.so
Event: 1.277 Loaded shared library /tmp/lwjgl_timer/3.3.3+5/x64/liblwjgl.so
Event: 1.460 Loaded shared library /tmp/lwjgl_timer/3.3.3+5/x64/liblwjgl_opengl.so
Event: 1.538 Loaded shared library /tmp/skija_0.143.16_x64/libskija.so

Deoptimization events (20 events):
Event: 22.657 Thread 0x00007f59d8a9c8f0 Uncommon trap: trap_request=0xffffffc6 fr.pc=0x00007f59c80bb9ac relative=0x00000000000013ec
Event: 22.657 Thread 0x00007f59d8a9c8f0 Uncommon trap: reason=bimorphic_or_optimized_type_check action=maybe_recompile pc=0x00007f59c80bb9ac method=io.qml4j.engine.binding.Property.setInternal(Ljava/lang/Object;)V @ 99 c2
Event: 22.657 Thread 0x00007f59d8a9c8f0 DEOPT PACKING pc=0x00007f59c80bb9ac sp=0x00007f59acff6d10
Event: 22.657 Thread 0x00007f59d8a9c8f0 DEOPT UNPACKING pc=0x00007f59c798af99 sp=0x00007f59acff6ce8 mode 2
Event: 29.959 Thread 0x00007f5944001090 Uncommon trap: trap_request=0xffffff66 fr.pc=0x00007f59c8093484 relative=0x0000000000000064
Event: 29.959 Thread 0x00007f5944001090 Uncommon trap: reason=speculate_class_check action=maybe_recompile pc=0x00007f59c8093484 method=java.lang.invoke.Invokers$Holder.linkToTargetMethod(Ljava/lang/Object;Ljava/lang/Object;)Ljava/lang/Object; @ 1 c2
Event: 29.959 Thread 0x00007f5944001090 DEOPT PACKING pc=0x00007f59c8093484 sp=0x00007f59bc1ea150
Event: 29.959 Thread 0x00007f5944001090 DEOPT UNPACKING pc=0x00007f59c798af99 sp=0x00007f59bc1ea110 mode 2
Event: 29.959 Thread 0x00007f5944001090 Uncommon trap: trap_request=0xffffff66 fr.pc=0x00007f59c8093484 relative=0x0000000000000064
Event: 29.959 Thread 0x00007f5944001090 Uncommon trap: reason=speculate_class_check action=maybe_recompile pc=0x00007f59c8093484 method=java.lang.invoke.Invokers$Holder.linkToTargetMethod(Ljava/lang/Object;Ljava/lang/Object;)Ljava/lang/Object; @ 1 c2
Event: 29.959 Thread 0x00007f5944001090 DEOPT PACKING pc=0x00007f59c8093484 sp=0x00007f59bc1e9f70
Event: 29.959 Thread 0x00007f5944001090 DEOPT UNPACKING pc=0x00007f59c798af99 sp=0x00007f59bc1e9f30 mode 2
Event: 29.959 Thread 0x00007f5944001090 Uncommon trap: trap_request=0xffffff66 fr.pc=0x00007f59c8093484 relative=0x0000000000000064
Event: 29.959 Thread 0x00007f5944001090 Uncommon trap: reason=speculate_class_check action=maybe_recompile pc=0x00007f59c8093484 method=java.lang.invoke.Invokers$Holder.linkToTargetMethod(Ljava/lang/Object;Ljava/lang/Object;)Ljava/lang/Object; @ 1 c2
Event: 29.959 Thread 0x00007f5944001090 DEOPT PACKING pc=0x00007f59c8093484 sp=0x00007f59bc1ea0c0
Event: 29.959 Thread 0x00007f5944001090 DEOPT UNPACKING pc=0x00007f59c798af99 sp=0x00007f59bc1ea080 mode 2
Event: 29.959 Thread 0x00007f5944001090 Uncommon trap: trap_request=0xffffff66 fr.pc=0x00007f59c8093484 relative=0x0000000000000064
Event: 29.959 Thread 0x00007f5944001090 Uncommon trap: reason=speculate_class_check action=maybe_recompile pc=0x00007f59c8093484 method=java.lang.invoke.Invokers$Holder.linkToTargetMethod(Ljava/lang/Object;Ljava/lang/Object;)Ljava/lang/Object; @ 1 c2
Event: 29.959 Thread 0x00007f5944001090 DEOPT PACKING pc=0x00007f59c8093484 sp=0x00007f59bc1ea0c0
Event: 29.959 Thread 0x00007f5944001090 DEOPT UNPACKING pc=0x00007f59c798af99 sp=0x00007f59bc1ea080 mode 2

Classes loaded (20 events):
Event: 20.776 Loading class jdk/internal/reflect/MethodHandleDoubleFieldAccessorImpl
Event: 20.776 Loading class jdk/internal/reflect/MethodHandleDoubleFieldAccessorImpl done
Event: 29.958 Loading class jdk/internal/misc/Signal$1
Event: 29.958 Loading class jdk/internal/misc/Signal$1 done
Event: 29.958 Loading class jdk/internal/logger/LazyLoggers
Event: 29.958 Loading class jdk/internal/logger/LazyLoggers done
Event: 29.958 Loading class jdk/internal/logger/LazyLoggers$1
Event: 29.959 Loading class jdk/internal/logger/LazyLoggers$1 done
Event: 29.959 Loading class jdk/internal/logger/LazyLoggers$LazyLoggerFactories
Event: 29.959 Loading class jdk/internal/logger/LazyLoggers$LazyLoggerFactories done
Event: 29.959 Loading class jdk/internal/logger/LoggerFinderLoader
Event: 29.959 Loading class jdk/internal/logger/LoggerFinderLoader done
Event: 29.959 Loading class jdk/internal/logger/LoggerFinderLoader$TemporaryLoggerFinder
Event: 29.959 Loading class jdk/internal/logger/LoggerFinderLoader$TemporaryLoggerFinder done
Event: 29.959 Loading class sun/util/logging/internal/LoggingProviderImpl$JULWrapper
Event: 29.959 Loading class sun/util/logging/PlatformLogger$ConfigurableBridge$LoggerConfiguration
Event: 29.959 Loading class sun/util/logging/PlatformLogger$ConfigurableBridge$LoggerConfiguration done
Event: 29.959 Loading class sun/util/logging/internal/LoggingProviderImpl$JULWrapper done
Event: 29.959 Loading class java/lang/System$Logger$Level
Event: 29.959 Loading class java/lang/System$Logger$Level done

Classes unloaded (0 events):
No events

Classes redefined (0 events):
No events

Internal exceptions (20 events):
Event: 1.269 Thread 0x00007f59d8a9c8f0 Exception <a 'java/lang/NoSuchMethodError'{0x00000007149edb98}: 'void java.lang.System.load(java.lang.String, java.lang.Class)'> (0x00000007149edb98) 
thrown [/usr/src/debug/java21-openjdk/jdk21u-jdk-21.0.11-10/src/hotspot/share/interpreter/linkResolver.cpp, line 772]
Event: 1.270 Thread 0x00007f59d8a9c8f0 Exception <a 'java/lang/NoSuchMethodError'{0x00000007149f7ea8}: 'java.lang.Object java.lang.invoke.DirectMethodHandle$Holder.invokeStatic(java.lang.Object, java.lang.Object, int)'> (0x00000007149f7ea8) 
thrown [/usr/src/debug/java21-openjdk/jdk21u-jdk-21.0.11-10/src/hotspot/share/interpreter/linkResolver.cpp, line 772]
Event: 1.270 Thread 0x00007f59d8a9c8f0 Exception <a 'java/lang/NoSuchMethodError'{0x00000007149fc628}: 'void java.lang.invoke.DirectMethodHandle$Holder.invokeStatic(java.lang.Object, java.lang.Object, int, java.lang.Object)'> (0x00000007149fc628) 
thrown [/usr/src/debug/java21-openjdk/jdk21u-jdk-21.0.11-10/src/hotspot/share/interpreter/linkResolver.cpp, line 772]
Event: 1.270 Thread 0x00007f59d8a9c8f0 Exception <a 'java/lang/NoSuchMethodError'{0x0000000714603a80}: 'void java.lang.invoke.DelegatingMethodHandle$Holder.delegate(java.lang.Object, java.lang.Object, int, java.lang.Object)'> (0x0000000714603a80) 
thrown [/usr/src/debug/java21-openjdk/jdk21u-jdk-21.0.11-10/src/hotspot/share/interpreter/linkResolver.cpp, line 772]
Event: 1.272 Thread 0x00007f59d8a9c8f0 Exception <a 'java/lang/NoSuchMethodError'{0x000000071461cd58}: 'void java.lang.System.loadLibrary(java.lang.String, java.lang.Class)'> (0x000000071461cd58) 
thrown [/usr/src/debug/java21-openjdk/jdk21u-jdk-21.0.11-10/src/hotspot/share/interpreter/linkResolver.cpp, line 772]
Event: 1.298 Thread 0x00007f59d8a9c8f0 Exception <a 'java/lang/NoSuchMethodError'{0x000000071469e600}: 'int java.lang.invoke.DirectMethodHandle$Holder.invokeStaticInit(java.lang.Object, java.lang.Object, int, long)'> (0x000000071469e600) 
thrown [/usr/src/debug/java21-openjdk/jdk21u-jdk-21.0.11-10/src/hotspot/share/interpreter/linkResolver.cpp, line 772]
Event: 1.298 Thread 0x00007f59d8a9c8f0 Exception <a 'java/lang/NoSuchMethodError'{0x00000007146a3658}: 'java.lang.Object java.lang.invoke.DirectMethodHandle$Holder.newInvokeSpecial(java.lang.Object, java.lang.Object, int)'> (0x00000007146a3658) 
thrown [/usr/src/debug/java21-openjdk/jdk21u-jdk-21.0.11-10/src/hotspot/share/interpreter/linkResolver.cpp, line 772]
Event: 1.299 Thread 0x00007f59d8a9c8f0 Exception <a 'java/lang/NoSuchMethodError'{0x00000007146b17c0}: 'int java.lang.invoke.DirectMethodHandle$Holder.invokeStaticInit(java.lang.Object, java.lang.Object, long, long)'> (0x00000007146b17c0) 
thrown [/usr/src/debug/java21-openjdk/jdk21u-jdk-21.0.11-10/src/hotspot/share/interpreter/linkResolver.cpp, line 772]
Event: 1.299 Thread 0x00007f59d8a9c8f0 Exception <a 'java/lang/NoSuchMethodError'{0x00000007146b6f68}: 'java.lang.Object java.lang.invoke.DirectMethodHandle$Holder.newInvokeSpecial(java.lang.Object, java.lang.Object, long)'> (0x00000007146b6f68) 
thrown [/usr/src/debug/java21-openjdk/jdk21u-jdk-21.0.11-10/src/hotspot/share/interpreter/linkResolver.cpp, line 772]
Event: 1.299 Thread 0x00007f59d8a9c8f0 Exception <a 'java/lang/NoSuchMethodError'{0x00000007146babd0}: 'java.lang.Object java.lang.invoke.Invokers$Holder.linkToTargetMethod(java.lang.Object, long, java.lang.Object)'> (0x00000007146babd0) 
thrown [/usr/src/debug/java21-openjdk/jdk21u-jdk-21.0.11-10/src/hotspot/share/interpreter/linkResolver.cpp, line 772]
Event: 1.300 Thread 0x00007f59d8a9c8f0 Exception <a 'java/lang/NoSuchMethodError'{0x00000007146c1c48}: 'int java.lang.invoke.DirectMethodHandle$Holder.invokeStaticInit(java.lang.Object, java.lang.Object, java.lang.Object, long)'> (0x00000007146c1c48) 
thrown [/usr/src/debug/java21-openjdk/jdk21u-jdk-21.0.11-10/src/hotspot/share/interpreter/linkResolver.cpp, line 772]
Event: 1.317 Thread 0x00007f59d8a9c8f0 Exception <a 'java/lang/NoSuchMethodError'{0x00000007147671a8}: 'int java.lang.invoke.Invokers$Holder.invokeExact_MT(java.lang.Object, java.lang.Object)'> (0x00000007147671a8) 
thrown [/usr/src/debug/java21-openjdk/jdk21u-jdk-21.0.11-10/src/hotspot/share/interpreter/linkResolver.cpp, line 772]
Event: 1.458 Thread 0x00007f59d8a9c8f0 Exception <a 'java/lang/NoSuchMethodError'{0x00000007147ce570}: 'void java.lang.System.load(java.lang.String, java.lang.Class)'> (0x00000007147ce570) 
thrown [/usr/src/debug/java21-openjdk/jdk21u-jdk-21.0.11-10/src/hotspot/share/interpreter/linkResolver.cpp, line 772]
Event: 1.458 Thread 0x00007f59d8a9c8f0 Exception <a 'java/lang/NoSuchMethodError'{0x00000007147d0fa0}: 'void java.lang.System.loadLibrary(java.lang.String, java.lang.Class)'> (0x00000007147d0fa0) 
thrown [/usr/src/debug/java21-openjdk/jdk21u-jdk-21.0.11-10/src/hotspot/share/interpreter/linkResolver.cpp, line 772]
Event: 1.708 Thread 0x00007f59d8a9c8f0 Exception <a 'java/lang/NoSuchMethodError'{0x0000000716849768}: 'java.lang.Object java.lang.invoke.DirectMethodHandle$Holder.newInvokeSpecial(java.lang.Object, java.lang.Object, java.lang.Object, java.lang.Object, java.lang.Object, java.lang.Object, java.lang.Object, java.lang.Object, java.lang.Object, java.lang.Object, java.lang.Object)'> (0x0000000716849768) 
thrown [/usr/src/debug/java21-openjdk/jdk21u-jdk-21.0.11-10/src/hotspot/share/interpreter/linkResolver.cpp, line 772]
Event: 1.794 Thread 0x00007f59d8a9c8f0 Exception <a 'java/lang/NoSuchMethodError'{0x0000000708846820}: 'java.lang.Object java.lang.invoke.DirectMethodHandle$Holder.invokeStaticInit(java.lang.Object, java.lang.Object, java.lang.Object, java.lang.Object, java.lang.Object)'> (0x0000000708846820) 
thrown [/usr/src/debug/java21-openjdk/jdk21u-jdk-21.0.11-10/src/hotspot/share/interpreter/linkResolver.cpp, line 772]
Event: 1.914 Thread 0x00007f59d8a9c8f0 Exception <a 'java/lang/NoSuchMethodError'{0x00000007085fe238}: 'double java.lang.invoke.DirectMethodHandle$Holder.invokeStatic(java.lang.Object, java.lang.Object)'> (0x00000007085fe238) 
thrown [/usr/src/debug/java21-openjdk/jdk21u-jdk-21.0.11-10/src/hotspot/share/interpreter/linkResolver.cpp, line 772]
Event: 20.776 Thread 0x00007f59d8a9c8f0 Exception <a 'java/lang/NoSuchMethodError'{0x000000070b233ea8}: 'double java.lang.invoke.DelegatingMethodHandle$Holder.reinvoke_L(java.lang.Object, java.lang.Object)'> (0x000000070b233ea8) 
thrown [/usr/src/debug/java21-openjdk/jdk21u-jdk-21.0.11-10/src/hotspot/share/interpreter/linkResolver.cpp, line 772]
Event: 20.776 Thread 0x00007f59d8a9c8f0 Exception <a 'java/lang/NoSuchMethodError'{0x000000070b23a570}: 'double java.lang.invoke.Invokers$Holder.invokeExact_MT(java.lang.Object, java.lang.Object, java.lang.Object)'> (0x000000070b23a570) 
thrown [/usr/src/debug/java21-openjdk/jdk21u-jdk-21.0.11-10/src/hotspot/share/interpreter/linkResolver.cpp, line 772]
Event: 20.777 Thread 0x00007f59d8a9c8f0 Exception <a 'java/lang/NoSuchMethodError'{0x000000070b240620}: 'java.lang.Object java.lang.invoke.DirectMethodHandle$Holder.invokeVirtual(java.lang.Object, java.lang.Object, java.lang.Object, java.lang.Object)'> (0x000000070b240620) 
thrown [/usr/src/debug/java21-openjdk/jdk21u-jdk-21.0.11-10/src/hotspot/share/interpreter/linkResolver.cpp, line 772]

ZGC Phase Switch (0 events):
No events

VM Operations (20 events):
Event: 2.713 Executing safepoint VM operation: Cleanup done
Event: 3.713 Executing safepoint VM operation: Cleanup
Event: 3.713 Executing safepoint VM operation: Cleanup done
Event: 3.974 Executing safepoint VM operation: G1CollectForAllocation (G1 Evacuation Pause)
Event: 3.980 Executing safepoint VM operation: G1CollectForAllocation (G1 Evacuation Pause) done
Event: 4.981 Executing safepoint VM operation: Cleanup
Event: 4.981 Executing safepoint VM operation: Cleanup done
Event: 7.981 Executing safepoint VM operation: Cleanup
Event: 7.981 Executing safepoint VM operation: Cleanup done
Event: 11.981 Executing safepoint VM operation: Cleanup
Event: 11.981 Executing safepoint VM operation: Cleanup done
Event: 20.982 Executing safepoint VM operation: Cleanup
Event: 20.982 Executing safepoint VM operation: Cleanup done
Event: 21.982 Executing safepoint VM operation: Cleanup
Event: 21.982 Executing safepoint VM operation: Cleanup done
Event: 22.982 Executing safepoint VM operation: Cleanup
Event: 22.982 Executing safepoint VM operation: Cleanup done
Event: 23.983 Executing safepoint VM operation: Cleanup
Event: 23.983 Executing safepoint VM operation: Cleanup done
Event: 29.960 Executing safepoint VM operation: Exit

Memory protections (20 events):
Event: 0.016 Protecting memory [0x00007f59dc4d3000,0x00007f59dc4d7000] with protection modes 0
Event: 0.016 Protecting memory [0x00007f59dc3d2000,0x00007f59dc3d6000] with protection modes 0
Event: 0.017 Protecting memory [0x00007f59dc2d1000,0x00007f59dc2d5000] with protection modes 0
Event: 0.017 Protecting memory [0x00007f59dc1d0000,0x00007f59dc1d4000] with protection modes 0
Event: 0.017 Protecting memory [0x00007f59dc0cf000,0x00007f59dc0d3000] with protection modes 0
Event: 0.017 Protecting memory [0x00007f59d7f00000,0x00007f59d7f04000] with protection modes 0
Event: 0.017 Protecting memory [0x00007f59bc4c0000,0x00007f59bc4c4000] with protection modes 0
Event: 0.023 Protecting memory [0x00007f59bc2ee000,0x00007f59bc2f2000] with protection modes 0
Event: 0.024 Protecting memory [0x00007f59bc1ed000,0x00007f59bc1f1000] with protection modes 0
Event: 0.079 Protecting memory [0x00007f59bc0ec000,0x00007f59bc0f0000] with protection modes 0
Event: 0.099 Protecting memory [0x00007f59ad900000,0x00007f59ad904000] with protection modes 0
Event: 1.254 Protecting memory [0x00007f59ad0fc000,0x00007f59ad100000] with protection modes 0
Event: 1.254 Protecting memory [0x00007f59acffb000,0x00007f59acfff000] with protection modes 0
Event: 1.257 Protecting memory [0x00007f59acefa000,0x00007f59acefe000] with protection modes 0
Event: 1.468 Protecting memory [0x00007f59bc0ec000,0x00007f59bc0f0000] with protection modes 0
Event: 1.582 Protecting memory [0x00007f59044ca000,0x00007f59044ce000] with protection modes 0
Event: 20.848 Protecting memory [0x00007f59bc0ec000,0x00007f59bc0f0000] with protection modes 0
Event: 29.958 Protecting memory [0x00007f59bc0ec000,0x00007f59bc0f0000] with protection modes 0
Event: 29.960 Protecting memory [0x00007f58fc0e4000,0x00007f58fc0e8000] with protection modes 0
Event: 29.960 Protecting memory [0x00007f58f4900000,0x00007f58f4904000] with protection modes 0

Nmethod flushes (0 events):
No events

Events (20 events):
Event: 0.024 Thread 0x00007f59d8019f90 Thread added: 0x00007f59d81ba1b0
Event: 0.079 Thread 0x00007f59d8155a30 Thread added: 0x00007f59341a55f0
Event: 0.099 Thread 0x00007f59d8019f90 Thread added: 0x00007f59d8418b60
Event: 0.102 Thread 0x00007f59d8418b60 Thread exited: 0x00007f59d8418b60
Event: 1.254 Thread 0x00007f59d8019f90 Thread added: 0x00007f59d8a97e00
Event: 1.254 Thread 0x00007f59d8a97e00 Thread added: 0x00007f5918000f50
Event: 1.257 Thread 0x00007f59d8019f90 Thread added: 0x00007f59d8a9c8f0
Event: 1.457 Thread 0x00007f59341a55f0 Thread exited: 0x00007f59341a55f0
Event: 1.468 Thread 0x00007f59d8155a30 Thread added: 0x00007f5934454fa0
Event: 1.582 Thread 0x00007f59d8a9c8f0 Thread added: 0x00007f591099c230
Event: 2.257 Thread 0x00007f5934454fa0 Thread exited: 0x00007f5934454fa0
Event: 20.848 Thread 0x00007f59d8155a30 Thread added: 0x00007f59341e94f0
Event: 21.424 Thread 0x00007f59341e94f0 Thread exited: 0x00007f59341e94f0
Event: 29.958 Thread 0x00007f59d814fc10 Thread added: 0x00007f5944001090
Event: 29.960 Thread 0x00007f5944001090 Thread added: 0x00007f593001a510
Event: 29.960 Thread 0x00007f5944001090 Thread added: 0x00007f593001aff0
Event: 29.960 Thread 0x00007f593001a510 Thread exited: 0x00007f593001a510
Event: 29.960 Thread 0x00007f593001aff0 Thread exited: 0x00007f593001aff0
Event: 29.960 Thread 0x00007f5944001090 Before exit entered
Event: 29.960 Thread 0x00007f59d814fc10 Thread exited: 0x00007f59d814fc10


Dynamic libraries:
410c5000-410c7000 r-xs 00000000 00:01 4810                               /memfd:/.glXXXXXX (deleted)
41b79000-41c28000 rw-p 00000000 00:00 0 
707000000-70c000000 rw-p 00000000 00:00 0 
70c000000-711e00000 ---p 00000000 00:00 0 
711e00000-712a00000 rw-p 00000000 00:00 0 
712a00000-716800000 ---p 00000000 00:00 0 
716800000-716a00000 rw-p 00000000 00:00 0 
716a00000-7ff800000 ---p 00000000 00:00 0 
7ff800000-7ffe00000 rw-p 00000000 00:00 0 
7ffe00000-7fff0d000 rw-p 00cda000 00:20 776305                           /usr/lib/jvm/java-21-openjdk/lib/server/classes.jsa
7fff0d000-800000000 rw-p 00000000 00:00 0 
556551152000-556551153000 r--p 00000000 00:20 776031                     /usr/lib/jvm/java-21-openjdk/bin/java
556551153000-556551154000 r-xp 00001000 00:20 776031                     /usr/lib/jvm/java-21-openjdk/bin/java
556551154000-556551155000 r--p 00002000 00:20 776031                     /usr/lib/jvm/java-21-openjdk/bin/java
556551155000-556551156000 r--p 00002000 00:20 776031                     /usr/lib/jvm/java-21-openjdk/bin/java
556551156000-556551157000 rw-p 00003000 00:20 776031                     /usr/lib/jvm/java-21-openjdk/bin/java
5565740a8000-5565740ef000 rw-p 00000000 00:00 0                          [heap]
7f58d0000000-7f58d0021000 rw-p 00000000 00:00 0 
7f58d0021000-7f58d4000000 ---p 00000000 00:00 0 
7f58d8000000-7f58d8021000 rw-p 00000000 00:00 0 
7f58d8021000-7f58dc000000 ---p 00000000 00:00 0 
7f58dc000000-7f58dc021000 rw-p 00000000 00:00 0 
7f58dc021000-7f58e0000000 ---p 00000000 00:00 0 
7f58e2400000-7f58e2800000 rw-s 00000000 00:07 911                        /dev/nvidiactl
7f58e2800000-7f58e2c00000 rw-s 00000000 00:07 911                        /dev/nvidiactl
7f58e2c00000-7f58e3e96000 r--p 00000000 00:20 125631                     /usr/share/fonts/noto-cjk/NotoSansCJK-Regular.ttc
7f58e4000000-7f58e4021000 rw-p 00000000 00:00 0 
7f58e4021000-7f58e8000000 ---p 00000000 00:00 0 
7f58e8000000-7f58e8200000 rw-s 00000000 00:07 911                        /dev/nvidiactl
7f58e8200000-7f58e8400000 rw-s 00000000 00:07 911                        /dev/nvidiactl
7f58e8400000-7f58ea394000 r--p 00000000 00:20 539014                     /usr/lib/libicudata.so.78.3
7f58ea394000-7f58ea395000 r--p 01f93000 00:20 539014                     /usr/lib/libicudata.so.78.3
7f58ea400000-7f58ea95b000 r--p 00000000 00:20 879929                     /usr/lib/libLLVM.so.22.1
7f58ea95b000-7f58f060a000 r-xp 0055b000 00:20 879929                     /usr/lib/libLLVM.so.22.1
7f58f060a000-7f58f4558000 r--p 0620a000 00:20 879929                     /usr/lib/libLLVM.so.22.1
7f58f4558000-7f58f4774000 r--p 0a158000 00:20 879929                     /usr/lib/libLLVM.so.22.1
7f58f4774000-7f58f477e000 rw-p 0a374000 00:20 879929                     /usr/lib/libLLVM.so.22.1
7f58f477e000-7f58f484e000 rw-p 00000000 00:00 0 
7f58f48ff000-7f58f4900000 rw-p 00000000 00:00 0 
7f58f4900000-7f58f4904000 ---p 00000000 00:00 0 
7f58f4904000-7f58f4a00000 rw-p 00000000 00:00 0 
7f58f4a00000-7f58f4a1a000 r--p 00000000 00:20 880067                     /usr/lib/libgallium-26.1.2-arch1.1.so
7f58f4a1a000-7f58f69d1000 r-xp 0001a000 00:20 880067                     /usr/lib/libgallium-26.1.2-arch1.1.so
7f58f69d1000-7f58f7bc2000 r--p 01fd1000 00:20 880067                     /usr/lib/libgallium-26.1.2-arch1.1.so
7f58f7bc2000-7f58f7d33000 r--p 031c1000 00:20 880067                     /usr/lib/libgallium-26.1.2-arch1.1.so
7f58f7d33000-7f58f7d69000 rw-p 03332000 00:20 880067                     /usr/lib/libgallium-26.1.2-arch1.1.so
7f58f7d69000-7f58f7f36000 rw-p 00000000 00:00 0 
7f58f8000000-7f58f8021000 rw-p 00000000 00:00 0 
7f58f8021000-7f58fc000000 ---p 00000000 00:00 0 
7f58fc0e3000-7f58fc0e4000 rw-p 00000000 00:00 0 
7f58fc0e4000-7f58fc0e8000 ---p 00000000 00:00 0 
7f58fc0e8000-7f58fc1e4000 rw-p 00000000 00:00 0 
7f58fc1e4000-7f58fc3e4000 rw-s 00000000 00:07 911                        /dev/nvidiactl
7f58fc3e4000-7f58fce00000 rw-p 00000000 00:00 0 
7f58fce00000-7f58fd1f2000 r--s 00000000 00:20 9792                       /var/cache/fontconfig/923e285e415b1073c8df160bee08820f-le64.cache-11
7f58fd241000-7f58fd25f000 r--p 00000000 00:20 816823                     /usr/lib/libglib-2.0.so.0.8800.1
7f58fd25f000-7f58fd30d000 r-xp 0001e000 00:20 816823                     /usr/lib/libglib-2.0.so.0.8800.1
7f58fd30d000-7f58fd3a1000 r--p 000cc000 00:20 816823                     /usr/lib/libglib-2.0.so.0.8800.1
7f58fd3a1000-7f58fd3a2000 r--p 00160000 00:20 816823                     /usr/lib/libglib-2.0.so.0.8800.1
7f58fd3a2000-7f58fd3a3000 rw-p 00161000 00:20 816823                     /usr/lib/libglib-2.0.so.0.8800.1
7f58fd3a3000-7f58fd3a4000 rw-p 00000000 00:00 0 
7f58fd3a4000-7f58fd3b1000 r--p 00000000 00:20 878112                     /usr/lib/libharfbuzz.so.0.61421.0
7f58fd3b1000-7f58fd4a7000 r-xp 0000d000 00:20 878112                     /usr/lib/libharfbuzz.so.0.61421.0
7f58fd4a7000-7f58fd4db000 r--p 00103000 00:20 878112                     /usr/lib/libharfbuzz.so.0.61421.0
7f58fd4db000-7f58fd4dd000 r--p 00136000 00:20 878112                     /usr/lib/libharfbuzz.so.0.61421.0
7f58fd4dd000-7f58fd4de000 rw-p 00138000 00:20 878112                     /usr/lib/libharfbuzz.so.0.61421.0
7f58fd4de000-7f58fde00000 rw-p 00000000 00:00 0 
7f58fde00000-7f58fe042000 r--p 00000000 00:20 741868                     /usr/lib/libnvidia-eglcore.so.580.142
7f58fe042000-7f58fed06000 r-xp 00242000 00:20 741868                     /usr/lib/libnvidia-eglcore.so.580.142
7f58fed06000-7f58ffda8000 r--p 00f06000 00:20 741868                     /usr/lib/libnvidia-eglcore.so.580.142
7f58ffda8000-7f58fff20000 r--p 01fa7000 00:20 741868                     /usr/lib/libnvidia-eglcore.so.580.142
7f58fff20000-7f58fff74000 rw-p 0211f000 00:20 741868                     /usr/lib/libnvidia-eglcore.so.580.142
7f58fff74000-7f58fff8a000 rw-p 00000000 00:00 0 
7f5900000000-7f5900290000 rw-p 00000000 00:00 0 
7f5900290000-7f5904000000 ---p 00000000 00:00 0 
7f590407f000-7f59040ff000 rw-s 00000000 00:07 911                        /dev/nvidiactl
7f59040ff000-7f5904200000 rw-p 00000000 00:00 0 
7f5904200000-7f5904248000 r--p 00000000 00:20 539029                     /usr/lib/libicuuc.so.78.3
7f5904248000-7f5904365000 r-xp 00048000 00:20 539029                     /usr/lib/libicuuc.so.78.3
7f5904365000-7f59043f8000 r--p 00165000 00:20 539029                     /usr/lib/libicuuc.so.78.3
7f59043f8000-7f590440b000 r--p 001f8000 00:20 539029                     /usr/lib/libicuuc.so.78.3
7f590440b000-7f590440c000 rw-p 0020b000 00:20 539029                     /usr/lib/libicuuc.so.78.3
7f590440c000-7f590440e000 rw-p 00000000 00:00 0 
7f5904449000-7f59044c9000 rw-s 00000000 00:07 911                        /dev/nvidiactl
7f59044c9000-7f59044ca000 rw-p 00000000 00:00 0 
7f59044ca000-7f59044ce000 ---p 00000000 00:00 0 
7f59044ce000-7f5905200000 rw-p 00000000 00:00 0 
7f5905200000-7f59052c5000 r--p 00000000 00:31 11648                      /tmp/skija_0.143.16_x64/libskija.so
7f59052c5000-7f5905ff5000 r-xp 000c5000 00:31 11648                      /tmp/skija_0.143.16_x64/libskija.so
7f5905ff5000-7f5906c8e000 r--p 00df5000 00:31 11648                      /tmp/skija_0.143.16_x64/libskija.so
7f5906c8e000-7f5906cca000 r--p 01a8d000 00:31 11648                      /tmp/skija_0.143.16_x64/libskija.so
7f5906cca000-7f5906cce000 rw-p 01ac9000 00:31 11648                      /tmp/skija_0.143.16_x64/libskija.so
7f5906cce000-7f5906cd7000 rw-p 00000000 00:00 0 
7f5906d1c000-7f5906d1f000 r--p 00000000 00:20 43121                      /usr/lib/libpcre2-8.so.0.15.0
7f5906d1f000-7f5906d9d000 r-xp 00003000 00:20 43121                      /usr/lib/libpcre2-8.so.0.15.0
7f5906d9d000-7f5906dc8000 r--p 00081000 00:20 43121                      /usr/lib/libpcre2-8.so.0.15.0
7f5906dc8000-7f5906dc9000 r--p 000ab000 00:20 43121                      /usr/lib/libpcre2-8.so.0.15.0
7f5906dc9000-7f5906dca000 rw-p 000ac000 00:20 43121                      /usr/lib/libpcre2-8.so.0.15.0
7f5906dca000-7f5907a00000 rw-p 00000000 00:00 0 
7f5907a00000-7f5907cab000 r--p 00000000 00:20 741882                     /usr/lib/libnvidia-gpucomp.so.580.142
7f5907cab000-7f590ad99000 r-xp 002ab000 00:20 741882                     /usr/lib/libnvidia-gpucomp.so.580.142
7f590ad99000-7f590bc09000 r--p 03399000 00:20 741882                     /usr/lib/libnvidia-gpucomp.so.580.142
7f590bc09000-7f590bc0a000 ---p 04209000 00:20 741882                     /usr/lib/libnvidia-gpucomp.so.580.142
7f590bc0a000-7f590bde1000 r--p 04209000 00:20 741882                     /usr/lib/libnvidia-gpucomp.so.580.142
7f590bde1000-7f590beec000 rw-p 043e0000 00:20 741882                     /usr/lib/libnvidia-gpucomp.so.580.142
7f590beec000-7f590bf8c000 rw-p 00000000 00:00 0 
7f590c000000-7f590c021000 rw-p 00000000 00:00 0 
7f590c021000-7f5910000000 ---p 00000000 00:00 0 
7f5910000000-7f59110a1000 rw-p 00000000 00:00 0 
7f59110a1000-7f5914000000 ---p 00000000 00:00 0 
7f5914000000-7f5914021000 rw-p 00000000 00:00 0 
7f5914021000-7f5918000000 ---p 00000000 00:00 0 
7f5918000000-7f5918021000 rw-p 00000000 00:00 0 
7f5918021000-7f591c000000 ---p 00000000 00:00 0 
7f591c000000-7f591c021000 rw-p 00000000 00:00 0 
7f591c021000-7f5920000000 ---p 00000000 00:00 0 
7f5920000000-7f5920021000 rw-p 00000000 00:00 0 
7f5920021000-7f5924000000 ---p 00000000 00:00 0 
7f5924000000-7f5924021000 rw-p 00000000 00:00 0 
7f5924021000-7f5928000000 ---p 00000000 00:00 0 
7f5928000000-7f5928021000 rw-p 00000000 00:00 0 
7f5928021000-7f592c000000 ---p 00000000 00:00 0 
7f592c000000-7f592c021000 rw-p 00000000 00:00 0 
7f592c021000-7f5930000000 ---p 00000000 00:00 0 
7f5930000000-7f5931054000 rw-p 00000000 00:00 0 
7f5931054000-7f5934000000 ---p 00000000 00:00 0 
7f5934000000-7f5934c5e000 rw-p 00000000 00:00 0 
7f5934c5e000-7f5938000000 ---p 00000000 00:00 0 
7f5938000000-7f5938021000 rw-p 00000000 00:00 0 
7f5938021000-7f593c000000 ---p 00000000 00:00 0 
7f593c000000-7f593c021000 rw-p 00000000 00:00 0 
7f593c021000-7f5940000000 ---p 00000000 00:00 0 
7f5940000000-7f594129c000 rw-p 00000000 00:00 0 
7f594129c000-7f5944000000 ---p 00000000 00:00 0 
7f5944000000-7f5944021000 rw-p 00000000 00:00 0 
7f5944021000-7f5948000000 ---p 00000000 00:00 0 
7f5948000000-7f5948021000 rw-p 00000000 00:00 0 
7f5948021000-7f594c000000 ---p 00000000 00:00 0 
7f594c000000-7f594c021000 rw-p 00000000 00:00 0 
7f594c021000-7f5950000000 ---p 00000000 00:00 0 
7f5950000000-7f5950021000 rw-p 00000000 00:00 0 
7f5950021000-7f5954000000 ---p 00000000 00:00 0 
7f5954000000-7f5954021000 rw-p 00000000 00:00 0 
7f5954021000-7f5958000000 ---p 00000000 00:00 0 
7f595804f000-7f5958078000 r--s 00000000 00:20 9748                       /var/cache/fontconfig/f2e43df3287529323e79e7929dc44cc9-le64.cache-11
7f5958078000-7f5958095000 r--s 00000000 00:20 9736                       /var/cache/fontconfig/f6b893a7224233d96cb72fd88691c0b4-le64.cache-11
7f5958095000-7f5958097000 r--p 00000000 00:20 878041                     /usr/lib/libgraphite2.so.3.3.1
7f5958097000-7f59580b0000 r-xp 00002000 00:20 878041                     /usr/lib/libgraphite2.so.3.3.1
7f59580b0000-7f59580b5000 r--p 0001b000 00:20 878041                     /usr/lib/libgraphite2.so.3.3.1
7f59580b5000-7f59580b7000 r--p 0001f000 00:20 878041                     /usr/lib/libgraphite2.so.3.3.1
7f59580b7000-7f59580b8000 rw-p 00021000 00:20 878041                     /usr/lib/libgraphite2.so.3.3.1
7f59580b8000-7f59580c5000 r--p 00000000 00:20 535195                     /usr/lib/libncursesw.so.6.6
7f59580c5000-7f595810d000 r-xp 0000d000 00:20 535195                     /usr/lib/libncursesw.so.6.6
7f595810d000-7f5958123000 r--p 00055000 00:20 535195                     /usr/lib/libncursesw.so.6.6
7f5958123000-7f5958128000 r--p 0006a000 00:20 535195                     /usr/lib/libncursesw.so.6.6
7f5958128000-7f5958129000 rw-p 0006f000 00:20 535195                     /usr/lib/libncursesw.so.6.6
7f5958129000-7f595812b000 r--p 00000000 00:20 551097                     /usr/lib/libpciaccess.so.0.11.1
7f595812b000-7f5958130000 r-xp 00002000 00:20 551097                     /usr/lib/libpciaccess.so.0.11.1
7f5958130000-7f5958132000 r--p 00007000 00:20 551097                     /usr/lib/libpciaccess.so.0.11.1
7f5958132000-7f5958133000 r--p 00008000 00:20 551097                     /usr/lib/libpciaccess.so.0.11.1
7f5958133000-7f5958134000 rw-p 00009000 00:20 551097                     /usr/lib/libpciaccess.so.0.11.1
7f5958134000-7f595814e000 r--p 00000000 00:20 550973                     /usr/lib/libxml2.so.16.1.3
7f595814e000-7f5958222000 r-xp 0001a000 00:20 550973                     /usr/lib/libxml2.so.16.1.3
7f5958222000-7f595825f000 r--p 000ee000 00:20 550973                     /usr/lib/libxml2.so.16.1.3
7f595825f000-7f5958268000 r--p 0012b000 00:20 550973                     /usr/lib/libxml2.so.16.1.3
7f5958268000-7f5958269000 rw-p 00134000 00:20 550973                     /usr/lib/libxml2.so.16.1.3
7f5958269000-7f595826a000 rw-p 00000000 00:00 0 
7f595826a000-7f5958270000 r--p 00000000 00:20 879874                     /usr/lib/libedit.so.0.0.78
7f5958270000-7f5958292000 r-xp 00006000 00:20 879874                     /usr/lib/libedit.so.0.0.78
7f5958292000-7f595829f000 r--p 00028000 00:20 879874                     /usr/lib/libedit.so.0.0.78
7f595829f000-7f59582a2000 r--p 00034000 00:20 879874                     /usr/lib/libedit.so.0.0.78
7f59582a2000-7f59582a3000 rw-p 00037000 00:20 879874                     /usr/lib/libedit.so.0.0.78
7f59582a3000-7f59582a6000 rw-p 00000000 00:00 0 
7f59582a6000-7f59582a9000 r--p 00000000 00:20 878182                     /usr/lib/libdrm_intel.so.1.134.0
7f59582a9000-7f59582c0000 r-xp 00003000 00:20 878182                     /usr/lib/libdrm_intel.so.1.134.0
7f59582c0000-7f59582ca000 r--p 0001a000 00:20 878182                     /usr/lib/libdrm_intel.so.1.134.0
7f59582ca000-7f59582cb000 r--p 00023000 00:20 878182                     /usr/lib/libdrm_intel.so.1.134.0
7f59582cb000-7f59582cc000 rw-p 00024000 00:20 878182                     /usr/lib/libdrm_intel.so.1.134.0
7f59582cc000-7f59582cf000 r--p 00000000 00:20 878179                     /usr/lib/libdrm_amdgpu.so.1.134.0
7f59582cf000-7f59582d5000 r-xp 00003000 00:20 878179                     /usr/lib/libdrm_amdgpu.so.1.134.0
7f59582d5000-7f59582d7000 r--p 00009000 00:20 878179                     /usr/lib/libdrm_amdgpu.so.1.134.0
7f59582d7000-7f59582d8000 r--p 0000a000 00:20 878179                     /usr/lib/libdrm_amdgpu.so.1.134.0
7f59582d8000-7f59582d9000 rw-p 0000b000 00:20 878179                     /usr/lib/libdrm_amdgpu.so.1.134.0
7f59582d9000-7f59582dc000 r--p 00000000 00:20 879789                     /usr/lib/libelf-0.195.so
7f59582dc000-7f59582f0000 r-xp 00003000 00:20 879789                     /usr/lib/libelf-0.195.so
7f59582f0000-7f59582f4000 r--p 00017000 00:20 879789                     /usr/lib/libelf-0.195.so
7f59582f4000-7f59582f5000 r--p 0001b000 00:20 879789                     /usr/lib/libelf-0.195.so
7f59582f5000-7f59582f6000 rw-p 0001c000 00:20 879789                     /usr/lib/libelf-0.195.so
7f59582f6000-7f59582f7000 r--p 00000000 00:20 43467                      /usr/lib/libxshmfence.so.1.0.0
7f59582f7000-7f59582f8000 r-xp 00001000 00:20 43467                      /usr/lib/libxshmfence.so.1.0.0
7f59582f8000-7f59582f9000 r--p 00002000 00:20 43467                      /usr/lib/libxshmfence.so.1.0.0
7f59582f9000-7f59582fa000 r--p 00002000 00:20 43467                      /usr/lib/libxshmfence.so.1.0.0
7f59582fa000-7f59582fb000 rw-p 00003000 00:20 43467                      /usr/lib/libxshmfence.so.1.0.0
7f59582fb000-7f59582fd000 r--p 00000000 00:20 43223                      /usr/lib/libsensors.so.5.0.0
7f59582fd000-7f5958305000 r-xp 00002000 00:20 43223                      /usr/lib/libsensors.so.5.0.0
7f5958305000-7f5958309000 r--p 0000a000 00:20 43223                      /usr/lib/libsensors.so.5.0.0
7f5958309000-7f595830a000 r--p 0000e000 00:20 43223                      /usr/lib/libsensors.so.5.0.0
7f595830a000-7f595830b000 rw-p 0000f000 00:20 43223                      /usr/lib/libsensors.so.5.0.0
7f595830b000-7f5958322000 r--p 00000000 00:20 879981                     /usr/lib/libSPIRV-Tools.so
7f5958322000-7f595844e000 r-xp 00017000 00:20 879981                     /usr/lib/libSPIRV-Tools.so
7f595844e000-7f59584d0000 r--p 00143000 00:20 879981                     /usr/lib/libSPIRV-Tools.so
7f59584d0000-7f59584d3000 r--p 001c5000 00:20 879981                     /usr/lib/libSPIRV-Tools.so
7f59584d3000-7f59584d4000 rw-p 001c8000 00:20 879981                     /usr/lib/libSPIRV-Tools.so
7f59584d4000-7f59584e0000 r--p 00000000 00:20 329226                     /usr/lib/libzstd.so.1.5.7
7f59584e0000-7f59585a7000 r-xp 0000c000 00:20 329226                     /usr/lib/libzstd.so.1.5.7
7f59585a7000-7f59585b8000 r--p 000d3000 00:20 329226                     /usr/lib/libzstd.so.1.5.7
7f59585b8000-7f59585b9000 r--p 000e4000 00:20 329226                     /usr/lib/libzstd.so.1.5.7
7f59585b9000-7f59585ba000 rw-p 000e5000 00:20 329226                     /usr/lib/libzstd.so.1.5.7
7f59585ba000-7f59585bb000 r--p 00000000 00:20 43444                      /usr/lib/libxcb-shm.so.0.0.0
7f59585bb000-7f59585bc000 r-xp 00001000 00:20 43444                      /usr/lib/libxcb-shm.so.0.0.0
7f59585bc000-7f59585bd000 r--p 00002000 00:20 43444                      /usr/lib/libxcb-shm.so.0.0.0
7f59585bd000-7f59585be000 r--p 00002000 00:20 43444                      /usr/lib/libxcb-shm.so.0.0.0
7f59585be000-7f59585bf000 rw-p 00003000 00:20 43444                      /usr/lib/libxcb-shm.so.0.0.0
7f59585bf000-7f59585c5000 r--p 00000000 00:20 880062                     /usr/lib/libEGL_mesa.so.0.0.0
7f59585c5000-7f59585ff000 r-xp 00006000 00:20 880062                     /usr/lib/libEGL_mesa.so.0.0.0
7f59585ff000-7f5958611000 r--p 00040000 00:20 880062                     /usr/lib/libEGL_mesa.so.0.0.0
7f5958611000-7f595861e000 r--p 00052000 00:20 880062                     /usr/lib/libEGL_mesa.so.0.0.0
7f595861e000-7f595861f000 rw-p 0005f000 00:20 880062                     /usr/lib/libEGL_mesa.so.0.0.0
7f595861f000-7f5958620000 rw-p 00000000 00:00 0 
7f5958650000-7f5958652000 r--p 00000000 00:20 42553                      /usr/lib/libffi.so.8.2.0
7f5958652000-7f5958659000 r-xp 00002000 00:20 42553                      /usr/lib/libffi.so.8.2.0
7f5958659000-7f595865a000 r--p 00009000 00:20 42553                      /usr/lib/libffi.so.8.2.0
7f595865a000-7f595865b000 r--p 0000a000 00:20 42553                      /usr/lib/libffi.so.8.2.0
7f595865b000-7f595865c000 rw-p 0000b000 00:20 42553                      /usr/lib/libffi.so.8.2.0
7f595865c000-7f595865f000 r--p 00000000 00:20 551069                     /usr/lib/libwayland-client.so.0.25.0
7f595865f000-7f5958666000 r-xp 00003000 00:20 551069                     /usr/lib/libwayland-client.so.0.25.0
7f5958666000-7f5958669000 r--p 0000a000 00:20 551069                     /usr/lib/libwayland-client.so.0.25.0
7f5958669000-7f595866b000 r--p 0000c000 00:20 551069                     /usr/lib/libwayland-client.so.0.25.0
7f595866b000-7f595866c000 rw-p 0000e000 00:20 551069                     /usr/lib/libwayland-client.so.0.25.0
7f595866c000-7f5958671000 r--p 00000000 00:20 551078                     /usr/lib/libwayland-server.so.0.25.0
7f5958671000-7f595867a000 r-xp 00005000 00:20 551078                     /usr/lib/libwayland-server.so.0.25.0
7f595867a000-7f595867e000 r--p 0000e000 00:20 551078                     /usr/lib/libwayland-server.so.0.25.0
7f595867e000-7f5958680000 r--p 00012000 00:20 551078                     /usr/lib/libwayland-server.so.0.25.0
7f5958680000-7f5958681000 rw-p 00014000 00:20 551078                     /usr/lib/libwayland-server.so.0.25.0
7f5958695000-7f59586c9000 r--p 00000000 00:20 741840                     /usr/lib/libEGL_nvidia.so.580.142
7f59586c9000-7f5958760000 r-xp 00034000 00:20 741840                     /usr/lib/libEGL_nvidia.so.580.142
7f5958760000-7f59587b4000 r--p 000cb000 00:20 741840                     /usr/lib/libEGL_nvidia.so.580.142
7f59587b4000-7f59587b5000 ---p 0011f000 00:20 741840                     /usr/lib/libEGL_nvidia.so.580.142
7f59587b5000-7f59587bd000 r--p 0011f000 00:20 741840                     /usr/lib/libEGL_nvidia.so.580.142
7f59587bd000-7f59587d3000 rw-p 00127000 00:20 741840                     /usr/lib/libEGL_nvidia.so.580.142
7f59587d3000-7f59587d8000 rw-p 00000000 00:00 0 
7f59587d8000-7f59587d9000 r--p 00000000 00:20 42398                      /usr/lib/libbrotlicommon.so.1.2.0
7f59587d9000-7f59587da000 r-xp 00001000 00:20 42398                      /usr/lib/libbrotlicommon.so.1.2.0
7f59587da000-7f59587f9000 r--p 00002000 00:20 42398                      /usr/lib/libbrotlicommon.so.1.2.0
7f59587f9000-7f59587fa000 r--p 00021000 00:20 42398                      /usr/lib/libbrotlicommon.so.1.2.0
7f59587fa000-7f59587fb000 rw-p 00022000 00:20 42398                      /usr/lib/libbrotlicommon.so.1.2.0
7f59587fb000-7f5958801000 r--p 00000000 00:20 538631                     /usr/lib/libpng16.so.16.58.0
7f5958801000-7f595882b000 r-xp 00006000 00:20 538631                     /usr/lib/libpng16.so.16.58.0
7f595882b000-7f5958834000 r--p 00030000 00:20 538631                     /usr/lib/libpng16.so.16.58.0
7f5958834000-7f5958835000 r--p 00039000 00:20 538631                     /usr/lib/libpng16.so.16.58.0
7f5958835000-7f5958836000 rw-p 0003a000 00:20 538631                     /usr/lib/libpng16.so.16.58.0
7f5958836000-7f5958838000 r--p 00000000 00:20 42408                      /usr/lib/libbz2.so.1.0.8
7f5958838000-7f5958845000 r-xp 00002000 00:20 42408                      /usr/lib/libbz2.so.1.0.8
7f5958845000-7f5958847000 r--p 0000f000 00:20 42408                      /usr/lib/libbz2.so.1.0.8
7f5958847000-7f5958848000 r--p 00010000 00:20 42408                      /usr/lib/libbz2.so.1.0.8
7f5958848000-7f5958849000 rw-p 00011000 00:20 42408                      /usr/lib/libbz2.so.1.0.8
7f5958849000-7f595884b000 r--p 00000000 00:20 877680                     /usr/lib/libexpat.so.1.12.1
7f595884b000-7f595886b000 r-xp 00002000 00:20 877680                     /usr/lib/libexpat.so.1.12.1
7f595886b000-7f5958873000 r--p 00022000 00:20 877680                     /usr/lib/libexpat.so.1.12.1
7f5958873000-7f5958875000 r--p 0002a000 00:20 877680                     /usr/lib/libexpat.so.1.12.1
7f5958875000-7f5958876000 rw-p 0002c000 00:20 877680                     /usr/lib/libexpat.so.1.12.1
7f5958876000-7f595887c000 r--p 00000000 00:20 538700                     /usr/lib/libfreetype.so.6.20.6
7f595887c000-7f5958914000 r-xp 00006000 00:20 538700                     /usr/lib/libfreetype.so.6.20.6
7f5958914000-7f595893d000 r--p 0009e000 00:20 538700                     /usr/lib/libfreetype.so.6.20.6
7f595893d000-7f5958945000 r--p 000c6000 00:20 538700                     /usr/lib/libfreetype.so.6.20.6
7f5958945000-7f5958946000 rw-p 000ce000 00:20 538700                     /usr/lib/libfreetype.so.6.20.6
7f5958946000-7f595894c000 r--p 00000000 00:20 877709                     /usr/lib/libfontconfig.so.1.17.0
7f595894c000-7f5958980000 r-xp 00006000 00:20 877709                     /usr/lib/libfontconfig.so.1.17.0
7f5958980000-7f5958999000 r--p 0003a000 00:20 877709                     /usr/lib/libfontconfig.so.1.17.0
7f5958999000-7f59589a2000 r--p 00053000 00:20 877709                     /usr/lib/libfontconfig.so.1.17.0
7f59589a2000-7f59589a3000 rw-p 0005c000 00:20 877709                     /usr/lib/libfontconfig.so.1.17.0
7f59589a3000-7f59589a5000 r--p 00000000 00:20 41650                      /usr/lib/libEGL.so.1.1.0
7f59589a5000-7f59589af000 r-xp 00002000 00:20 41650                      /usr/lib/libEGL.so.1.1.0
7f59589af000-7f59589b3000 r--p 0000c000 00:20 41650                      /usr/lib/libEGL.so.1.1.0
7f59589b3000-7f59589b4000 r--p 0000f000 00:20 41650                      /usr/lib/libEGL.so.1.1.0
7f59589b4000-7f59589b5000 rw-p 00010000 00:20 41650                      /usr/lib/libEGL.so.1.1.0
7f59589b5000-7f59589e4000 r--p 00000000 00:20 41655                      /usr/lib/libGL.so.1.7.0
7f59589e4000-7f5958a03000 r-xp 0002f000 00:20 41655                      /usr/lib/libGL.so.1.7.0
7f5958a03000-7f5958a17000 r--p 0004e000 00:20 41655                      /usr/lib/libGL.so.1.7.0
7f5958a17000-7f5958a25000 r--p 00062000 00:20 41655                      /usr/lib/libGL.so.1.7.0
7f5958a25000-7f5958a26000 rw-p 00070000 00:20 41655                      /usr/lib/libGL.so.1.7.0
7f5958a26000-7f5958a27000 rw-p 00000000 00:00 0 
7f5958a27000-7f5958a5a000 r--p 00000000 00:31 11645                      /tmp/lwjgl_timer/3.3.3+5/x64/liblwjgl_opengl.so
7f5958a5a000-7f5958a6e000 r-xp 00033000 00:31 11645                      /tmp/lwjgl_timer/3.3.3+5/x64/liblwjgl_opengl.so
7f5958a6e000-7f5958a7e000 r--p 00047000 00:31 11645                      /tmp/lwjgl_timer/3.3.3+5/x64/liblwjgl_opengl.so
7f5958a7e000-7f5958a7f000 r--p 00056000 00:31 11645                      /tmp/lwjgl_timer/3.3.3+5/x64/liblwjgl_opengl.so
7f5958a7f000-7f5958a80000 rw-p 00057000 00:31 11645                      /tmp/lwjgl_timer/3.3.3+5/x64/liblwjgl_opengl.so
7f5958a80000-7f5958b00000 rw-s 00000000 00:07 911                        /dev/nvidiactl
7f5958c00000-7f5958e59000 r-xp 00000000 00:20 741876                     /usr/lib/libnvidia-glcore.so.580.142
7f5958e59000-7f5958e7a000 rwxp 00259000 00:20 741876                     /usr/lib/libnvidia-glcore.so.580.142
7f5958e7a000-7f5959000000 r-xp 0027a000 00:20 741876                     /usr/lib/libnvidia-glcore.so.580.142
7f5959000000-7f5959c00000 r-xp 00400000 00:20 741876                     /usr/lib/libnvidia-glcore.so.580.142
7f5959c00000-7f595ad7a000 r-xp 01000000 00:20 741876                     /usr/lib/libnvidia-glcore.so.580.142
7f595ad7a000-7f595ad7b000 ---p 0217a000 00:20 741876                     /usr/lib/libnvidia-glcore.so.580.142
7f595ad7b000-7f595aef6000 r--p 0217a000 00:20 741876                     /usr/lib/libnvidia-glcore.so.580.142
7f595aef6000-7f595af59000 rw-p 022f5000 00:20 741876                     /usr/lib/libnvidia-glcore.so.580.142
7f595af59000-7f595af79000 rw-p 00000000 00:00 0 
7f595af7a000-7f595af7c000 r--p 00000000 00:20 880070                     /usr/lib/libgbm.so.1.0.0
7f595af7c000-7f595af7d000 r-xp 00002000 00:20 880070                     /usr/lib/libgbm.so.1.0.0
7f595af7d000-7f595af7e000 r--p 00003000 00:20 880070                     /usr/lib/libgbm.so.1.0.0
7f595af7e000-7f595af7f000 r--p 00003000 00:20 880070                     /usr/lib/libgbm.so.1.0.0
7f595af7f000-7f595af80000 rw-p 00004000 00:20 880070                     /usr/lib/libgbm.so.1.0.0
7f595af80000-7f595b000000 rw-s 00000000 00:07 911                        /dev/nvidiactl
7f595b000000-7f595b400000 rw-p 00000000 00:00 0 
7f595b400000-7f595bfc0000 rw-p 00000000 00:00 0 
7f595bfc0000-7f595c000000 rw-p 00000000 00:00 0 
7f595c000000-7f595c040000 rw-p 00000000 00:00 0 
7f595c040000-7f595c580000 rw-p 00000000 00:00 0 
7f595c580000-7f595c5a0000 rw-p 00000000 00:00 0 
7f595c5a0000-7f595c600000 ---p 00000000 00:00 0 
7f595c600000-7f595c610000 rw-p 00000000 00:00 0 
7f595c610000-7f595f000000 ---p 00000000 00:00 0 
7f595f000000-7f595fc9b000 rw-p 00001000 00:20 776305                     /usr/lib/jvm/java-21-openjdk/lib/server/classes.jsa
7f595fc9b000-7f5960000000 ---p 00000000 00:00 0 
7f5960000000-7f5960040000 rw-p 00000000 00:00 0 
7f5960040000-7f5960080000 rw-p 00000000 00:00 0 
7f5960080000-7f59601c0000 rw-p 00000000 00:00 0 
7f59601c0000-7f59601e0000 rw-p 00000000 00:00 0 
7f59601e0000-7f5960200000 ---p 00000000 00:00 0 
7f5960200000-7f5960300000 rw-p 00000000 00:00 0 
7f5960300000-7f59a0000000 ---p 00000000 00:00 0 
7f59a0000000-7f59a0021000 rw-p 00000000 00:00 0 
7f59a0021000-7f59a4000000 ---p 00000000 00:00 0 
7f59a4000000-7f59a4021000 rw-p 00000000 00:00 0 
7f59a4021000-7f59a8000000 ---p 00000000 00:00 0 
7f59a8000000-7f59a8021000 rw-p 00000000 00:00 0 
7f59a8021000-7f59ac000000 ---p 00000000 00:00 0 
7f59ac001000-7f59ac002000 r--p 00000000 00:20 42399                      /usr/lib/libbrotlidec.so.1.2.0
7f59ac002000-7f59ac00b000 r-xp 00001000 00:20 42399                      /usr/lib/libbrotlidec.so.1.2.0
7f59ac00b000-7f59ac00e000 r--p 0000a000 00:20 42399                      /usr/lib/libbrotlidec.so.1.2.0
7f59ac00e000-7f59ac00f000 r--p 0000c000 00:20 42399                      /usr/lib/libbrotlidec.so.1.2.0
7f59ac00f000-7f59ac010000 rw-p 0000d000 00:20 42399                      /usr/lib/libbrotlidec.so.1.2.0
7f59ac024000-7f59ac02a000 r--s 00000000 00:20 9744                       /var/cache/fontconfig/b67b32625a2bb51b023d3814a918f351-le64.cache-11
7f59ac02a000-7f59ac036000 r--s 00000000 00:20 9734                       /var/cache/fontconfig/4b31aef11cb0687b6d280d34cbe23592-le64.cache-11
7f59ac036000-7f59ac03f000 r--s 00000000 00:20 124722                     /home/timer/.cache/fontconfig/b7b00c0a2e1172bf404c9af60c313552-le64.cache-11
7f59ac03f000-7f59ac052000 rw-s 00000000 00:07 911                        /dev/nvidiactl
7f59ac052000-7f59ac092000 rw-s 00000000 00:07 911                        /dev/nvidiactl
7f59ac092000-7f59ac0b2000 rw-s 00000000 00:07 911                        /dev/nvidiactl
7f59ac0b2000-7f59ac0f2000 rw-s 00000000 00:07 911                        /dev/nvidiactl
7f59ac0f2000-7f59ac112000 rw-s 00000000 00:07 911                        /dev/nvidiactl
7f59ac112000-7f59ac152000 rw-s 00000000 00:07 911                        /dev/nvidiactl
7f59ac152000-7f59ac155000 r--p 00000000 00:20 741861                     /usr/lib/libnvidia-allocator.so.580.142
7f59ac155000-7f59ac16e000 r-xp 00003000 00:20 741861                     /usr/lib/libnvidia-allocator.so.580.142
7f59ac16e000-7f59ac179000 r--p 0001c000 00:20 741861                     /usr/lib/libnvidia-allocator.so.580.142
7f59ac179000-7f59ac17a000 r--p 00026000 00:20 741861                     /usr/lib/libnvidia-allocator.so.580.142
7f59ac17a000-7f59ac17b000 rw-p 00027000 00:20 741861                     /usr/lib/libnvidia-allocator.so.580.142
7f59ac17b000-7f59ac17c000 rw-p 00000000 00:00 0 
7f59ac17c000-7f59ac181000 r--p 00000000 00:20 878176                     /usr/lib/libdrm.so.2.134.0
7f59ac181000-7f59ac18d000 r-xp 00005000 00:20 878176                     /usr/lib/libdrm.so.2.134.0
7f59ac18d000-7f59ac191000 r--p 00011000 00:20 878176                     /usr/lib/libdrm.so.2.134.0
7f59ac191000-7f59ac192000 r--p 00015000 00:20 878176                     /usr/lib/libdrm.so.2.134.0
7f59ac192000-7f59ac193000 rw-p 00016000 00:20 878176                     /usr/lib/libdrm.so.2.134.0
7f59ac193000-7f59ac1a8000 r--p 00000000 00:20 874895                     /usr/lib/libsystemd.so.0.43.0
7f59ac1a8000-7f59ac278000 r-xp 00015000 00:20 874895                     /usr/lib/libsystemd.so.0.43.0
7f59ac278000-7f59ac2c3000 r--p 000e5000 00:20 874895                     /usr/lib/libsystemd.so.0.43.0
7f59ac2c3000-7f59ac2cc000 r--p 0012f000 00:20 874895                     /usr/lib/libsystemd.so.0.43.0
7f59ac2cc000-7f59ac2cd000 rw-p 00138000 00:20 874895                     /usr/lib/libsystemd.so.0.43.0
7f59ac2cd000-7f59acbf0000 rw-p 00000000 00:00 0 
7f59acbf0000-7f59acc00000 r--p 00000000 00:20 741878                     /usr/lib/libnvidia-glsi.so.580.142
7f59acc00000-7f59acc60000 r-xp 00010000 00:20 741878                     /usr/lib/libnvidia-glsi.so.580.142
7f59acc60000-7f59acc7d000 r--p 00070000 00:20 741878                     /usr/lib/libnvidia-glsi.so.580.142
7f59acc7d000-7f59acc83000 r--p 0008c000 00:20 741878                     /usr/lib/libnvidia-glsi.so.580.142
7f59acc83000-7f59acc84000 rw-p 00092000 00:20 741878                     /usr/lib/libnvidia-glsi.so.580.142
7f59acc84000-7f59acc8c000 rw-p 00000000 00:00 0 
7f59acc8c000-7f59accdd000 r--p 00000000 00:20 741849                     /usr/lib/libGLX_nvidia.so.580.142
7f59accdd000-7f59acd3a000 r-xp 00051000 00:20 741849                     /usr/lib/libGLX_nvidia.so.580.142
7f59acd3a000-7f59acd6f000 rwxp 000ae000 00:20 741849                     /usr/lib/libGLX_nvidia.so.580.142
7f59acd6f000-7f59acd70000 r-xp 000e3000 00:20 741849                     /usr/lib/libGLX_nvidia.so.580.142
7f59acd70000-7f59acd90000 r--p 000e4000 00:20 741849                     /usr/lib/libGLX_nvidia.so.580.142
7f59acd90000-7f59acdb0000 r--p 00103000 00:20 741849                     /usr/lib/libGLX_nvidia.so.580.142
7f59acdb0000-7f59acdb5000 rw-p 00123000 00:20 741849                     /usr/lib/libGLX_nvidia.so.580.142
7f59acdb5000-7f59acdb7000 rw-p 00000000 00:00 0 
7f59acdb7000-7f59acdce000 r--p 00000000 00:20 342963                     /usr/lib/libX11.so.6.4.0
7f59acdce000-7f59ace63000 r-xp 00017000 00:20 342963                     /usr/lib/libX11.so.6.4.0
7f59ace63000-7f59acef2000 r--p 000ac000 00:20 342963                     /usr/lib/libX11.so.6.4.0
7f59acef2000-7f59acef5000 r--p 0013a000 00:20 342963                     /usr/lib/libX11.so.6.4.0
7f59acef5000-7f59acef9000 rw-p 0013d000 00:20 342963                     /usr/lib/libX11.so.6.4.0
7f59acef9000-7f59acefa000 rw-p 00000000 00:00 0 
7f59acefa000-7f59acefe000 ---p 00000000 00:00 0 
7f59acefe000-7f59acffb000 rw-p 00000000 00:00 0 
7f59acffb000-7f59acfff000 ---p 00000000 00:00 0 
7f59acfff000-7f59ad0fc000 rw-p 00000000 00:00 0 
7f59ad0fc000-7f59ad100000 ---p 00000000 00:00 0 
7f59ad100000-7f59ad600000 rw-p 00000000 00:00 0 
7f59ad600000-7f59ad603000 r-xp 00000000 00:31 13639                      /tmp/jansi-2.4.3-2b40b48c7ee89c68-libjansi.so (deleted)
7f59ad603000-7f59ad802000 ---p 00003000 00:31 13639                      /tmp/jansi-2.4.3-2b40b48c7ee89c68-libjansi.so (deleted)
7f59ad802000-7f59ad803000 r--p 00002000 00:31 13639                      /tmp/jansi-2.4.3-2b40b48c7ee89c68-libjansi.so (deleted)
7f59ad803000-7f59ad804000 rw-p 00003000 00:31 13639                      /tmp/jansi-2.4.3-2b40b48c7ee89c68-libjansi.so (deleted)
7f59ad808000-7f59ad80f000 r--s 00000000 00:20 816026                     /usr/lib/gconv/gconv-modules.cache
7f59ad80f000-7f59ad81d000 r--p 00000000 00:20 42465                      /usr/lib/libdbus-1.so.3.38.3
7f59ad81d000-7f59ad84e000 r-xp 0000e000 00:20 42465                      /usr/lib/libdbus-1.so.3.38.3
7f59ad84e000-7f59ad85f000 r--p 0003f000 00:20 42465                      /usr/lib/libdbus-1.so.3.38.3
7f59ad85f000-7f59ad861000 r--p 0004f000 00:20 42465                      /usr/lib/libdbus-1.so.3.38.3
7f59ad861000-7f59ad862000 rw-p 00051000 00:20 42465                      /usr/lib/libdbus-1.so.3.38.3
7f59ad862000-7f59ad865000 r--p 00000000 00:20 43448                      /usr/lib/libxcb-xfixes.so.0.0.0
7f59ad865000-7f59ad868000 r-xp 00003000 00:20 43448                      /usr/lib/libxcb-xfixes.so.0.0.0
7f59ad868000-7f59ad869000 r--p 00006000 00:20 43448                      /usr/lib/libxcb-xfixes.so.0.0.0
7f59ad869000-7f59ad86a000 r--p 00007000 00:20 43448                      /usr/lib/libxcb-xfixes.so.0.0.0
7f59ad86a000-7f59ad86b000 rw-p 00008000 00:20 43448                      /usr/lib/libxcb-xfixes.so.0.0.0
7f59ad86b000-7f59ad86e000 r--p 00000000 00:20 43445                      /usr/lib/libxcb-sync.so.1.0.0
7f59ad86e000-7f59ad871000 r-xp 00003000 00:20 43445                      /usr/lib/libxcb-sync.so.1.0.0
7f59ad871000-7f59ad872000 r--p 00006000 00:20 43445                      /usr/lib/libxcb-sync.so.1.0.0
7f59ad872000-7f59ad873000 r--p 00007000 00:20 43445                      /usr/lib/libxcb-sync.so.1.0.0
7f59ad873000-7f59ad874000 rw-p 00008000 00:20 43445                      /usr/lib/libxcb-sync.so.1.0.0
7f59ad874000-7f59ad87b000 r--p 00000000 00:20 43437                      /usr/lib/libxcb-randr.so.0.1.0
7f59ad87b000-7f59ad881000 r-xp 00007000 00:20 43437                      /usr/lib/libxcb-randr.so.0.1.0
7f59ad881000-7f59ad884000 r--p 0000d000 00:20 43437                      /usr/lib/libxcb-randr.so.0.1.0
7f59ad884000-7f59ad885000 r--p 00010000 00:20 43437                      /usr/lib/libxcb-randr.so.0.1.0
7f59ad885000-7f59ad886000 rw-p 00011000 00:20 43437                      /usr/lib/libxcb-randr.so.0.1.0
7f59ad886000-7f59ad888000 r--p 00000000 00:20 41663                      /usr/lib/libGLdispatch.so.0.0.0
7f59ad888000-7f59ad88b000 r-xp 00002000 00:20 41663                      /usr/lib/libGLdispatch.so.0.0.0
7f59ad88b000-7f59ad8c6000 r-xp 00005000 00:20 41663                      /usr/lib/libGLdispatch.so.0.0.0
7f59ad8c6000-7f59ad8c7000 r-xp 00040000 00:20 41663                      /usr/lib/libGLdispatch.so.0.0.0
7f59ad8c7000-7f59ad8da000 r--p 00041000 00:20 41663                      /usr/lib/libGLdispatch.so.0.0.0
7f59ad8da000-7f59ad8f6000 r--p 00054000 00:20 41663                      /usr/lib/libGLdispatch.so.0.0.0
7f59ad8f6000-7f59ad8f7000 rw-p 00070000 00:20 41663                      /usr/lib/libGLdispatch.so.0.0.0
7f59ad8f7000-7f59ad8ff000 rw-p 00000000 00:00 0 
7f59ad8ff000-7f59ad900000 rw-p 00000000 00:00 0 
7f59ad900000-7f59ad904000 ---p 00000000 00:00 0 
7f59ad904000-7f59ada00000 rw-p 00000000 00:00 0 
7f59ada00000-7f59adff4000 r--p 00000000 00:20 816024                     /usr/lib/locale/locale-archive
7f59adff4000-7f59adff7000 r--s 00000000 00:20 9738                       /var/cache/fontconfig/6ba42ae0000f58711b5caaf10d690066-le64.cache-11
7f59adff7000-7f59adff8000 rw-p 00000000 00:00 0 
7f59adff8000-7f59adffb000 rw-s 00000000 00:07 911                        /dev/nvidiactl
7f59adffb000-7f59adffc000 r--p 00000000 00:20 43436                      /usr/lib/libxcb-present.so.0.0.0
7f59adffc000-7f59adffd000 r-xp 00001000 00:20 43436                      /usr/lib/libxcb-present.so.0.0.0
7f59adffd000-7f59adffe000 r--p 00002000 00:20 43436                      /usr/lib/libxcb-present.so.0.0.0
7f59adffe000-7f59adfff000 r--p 00002000 00:20 43436                      /usr/lib/libxcb-present.so.0.0.0
7f59adfff000-7f59ae000000 rw-p 00003000 00:20 43436                      /usr/lib/libxcb-present.so.0.0.0
7f59ae000000-7f59b0021000 rw-p 00000000 00:00 0 
7f59b0021000-7f59b4000000 ---p 00000000 00:00 0 
7f59b4000000-7f59b4021000 rw-p 00000000 00:00 0 
7f59b4021000-7f59b8000000 ---p 00000000 00:00 0 
7f59b8000000-7f59b8021000 rw-p 00000000 00:00 0 
7f59b8021000-7f59bc000000 ---p 00000000 00:00 0 
7f59bc000000-7f59bc001000 rw-p 00000000 00:00 0 
7f59bc001000-7f59bc003000 r--p 00000000 00:20 43430                      /usr/lib/libxcb-dri3.so.0.1.0
7f59bc003000-7f59bc005000 r-xp 00002000 00:20 43430                      /usr/lib/libxcb-dri3.so.0.1.0
7f59bc005000-7f59bc006000 r--p 00004000 00:20 43430                      /usr/lib/libxcb-dri3.so.0.1.0
7f59bc006000-7f59bc007000 r--p 00004000 00:20 43430                      /usr/lib/libxcb-dri3.so.0.1.0
7f59bc007000-7f59bc008000 rw-p 00005000 00:20 43430                      /usr/lib/libxcb-dri3.so.0.1.0
7f59bc008000-7f59bc014000 r--p 00000000 00:20 43432                      /usr/lib/libxcb-glx.so.0.0.0
7f59bc014000-7f59bc01d000 r-xp 0000c000 00:20 43432                      /usr/lib/libxcb-glx.so.0.0.0
7f59bc01d000-7f59bc022000 r--p 00015000 00:20 43432                      /usr/lib/libxcb-glx.so.0.0.0
7f59bc022000-7f59bc024000 r--p 0001a000 00:20 43432                      /usr/lib/libxcb-glx.so.0.0.0
7f59bc024000-7f59bc025000 rw-p 0001c000 00:20 43432                      /usr/lib/libxcb-glx.so.0.0.0
7f59bc025000-7f59bc026000 r--p 00000000 00:20 741912                     /usr/lib/libnvidia-tls.so.580.142
7f59bc026000-7f59bc028000 r-xp 00001000 00:20 741912                     /usr/lib/libnvidia-tls.so.580.142
7f59bc028000-7f59bc029000 r--p 00003000 00:20 741912                     /usr/lib/libnvidia-tls.so.580.142
7f59bc029000-7f59bc02a000 r--p 00003000 00:20 741912                     /usr/lib/libnvidia-tls.so.580.142
7f59bc02a000-7f59bc02b000 rw-p 00004000 00:20 741912                     /usr/lib/libnvidia-tls.so.580.142
7f59bc02b000-7f59bc02d000 r--p 00000000 00:20 41660                      /usr/lib/libGLX.so.0.0.0
7f59bc02d000-7f59bc047000 r-xp 00002000 00:20 41660                      /usr/lib/libGLX.so.0.0.0
7f59bc047000-7f59bc04a000 r--p 0001c000 00:20 41660                      /usr/lib/libGLX.so.0.0.0
7f59bc04a000-7f59bc04b000 r--p 0001f000 00:20 41660                      /usr/lib/libGLX.so.0.0.0
7f59bc04b000-7f59bc04c000 rw-p 00020000 00:20 41660                      /usr/lib/libGLX.so.0.0.0
7f59bc04c000-7f59bc05c000 rw-p 00000000 00:00 0 
7f59bc05c000-7f59bc05d000 r--p 00000000 00:20 342960                     /usr/lib/libX11-xcb.so.1.0.0
7f59bc05d000-7f59bc05e000 r-xp 00001000 00:20 342960                     /usr/lib/libX11-xcb.so.1.0.0
7f59bc05e000-7f59bc05f000 r--p 00002000 00:20 342960                     /usr/lib/libX11-xcb.so.1.0.0
7f59bc05f000-7f59bc060000 r--p 00002000 00:20 342960                     /usr/lib/libX11-xcb.so.1.0.0
7f59bc060000-7f59bc061000 rw-p 00003000 00:20 342960                     /usr/lib/libX11-xcb.so.1.0.0
7f59bc061000-7f59bc06f000 r--p 00000000 00:31 11644                      /tmp/lwjgl_timer/3.3.3+5/x64/libglfw.so
7f59bc06f000-7f59bc08e000 r-xp 0000e000 00:31 11644                      /tmp/lwjgl_timer/3.3.3+5/x64/libglfw.so
7f59bc08e000-7f59bc0c1000 r--p 0002d000 00:31 11644                      /tmp/lwjgl_timer/3.3.3+5/x64/libglfw.so
7f59bc0c1000-7f59bc0c2000 ---p 00060000 00:31 11644                      /tmp/lwjgl_timer/3.3.3+5/x64/libglfw.so
7f59bc0c2000-7f59bc0c5000 r--p 00060000 00:31 11644                      /tmp/lwjgl_timer/3.3.3+5/x64/libglfw.so
7f59bc0c5000-7f59bc0c8000 rw-p 00063000 00:31 11644                      /tmp/lwjgl_timer/3.3.3+5/x64/libglfw.so
7f59bc0c8000-7f59bc0eb000 rw-p 00000000 00:00 0 
7f59bc0eb000-7f59bc0ec000 rw-p 00000000 00:00 0 
7f59bc0ec000-7f59bc0f0000 ---p 00000000 00:00 0 
7f59bc0f0000-7f59bc1ed000 rw-p 00000000 00:00 0 
7f59bc1ed000-7f59bc1f1000 ---p 00000000 00:00 0 
7f59bc1f1000-7f59bc2ee000 rw-p 00000000 00:00 0 
7f59bc2ee000-7f59bc2f2000 ---p 00000000 00:00 0 
7f59bc2f2000-7f59bc3ee000 rw-p 00000000 00:00 0 
7f59bc3ee000-7f59bc3f3000 r--p 00000000 00:20 776279                     /usr/lib/jvm/java-21-openjdk/lib/libjsvml.so
7f59bc3f3000-7f59bc434000 r-xp 00005000 00:20 776279                     /usr/lib/jvm/java-21-openjdk/lib/libjsvml.so
7f59bc434000-7f59bc4bd000 r--p 00046000 00:20 776279                     /usr/lib/jvm/java-21-openjdk/lib/libjsvml.so
7f59bc4bd000-7f59bc4be000 r--p 000ce000 00:20 776279                     /usr/lib/jvm/java-21-openjdk/lib/libjsvml.so
7f59bc4be000-7f59bc4bf000 rw-p 000cf000 00:20 776279                     /usr/lib/jvm/java-21-openjdk/lib/libjsvml.so
7f59bc4bf000-7f59bc4c0000 rw-p 00000000 00:00 0 
7f59bc4c0000-7f59bc4c4000 ---p 00000000 00:00 0 
7f59bc4c4000-7f59bc5c0000 rw-p 00000000 00:00 0 
7f59bc5c0000-7f59bc700000 rw-p 00000000 00:00 0 
7f59bc700000-7f59bc878000 ---p 00000000 00:00 0 
7f59bc878000-7f59bc8a8000 rw-p 00000000 00:00 0 
7f59bc8a8000-7f59bc9a0000 ---p 00000000 00:00 0 
7f59bc9a0000-7f59bc9a8000 rw-p 00000000 00:00 0 
7f59bc9a8000-7f59c03e0000 ---p 00000000 00:00 0 
7f59c03e0000-7f59c0400000 rw-p 00000000 00:00 0 
7f59c0400000-7f59c0de0000 rwxp 00000000 00:00 0 
7f59c0de0000-7f59c7937000 ---p 00000000 00:00 0 
7f59c7937000-7f59c7ba7000 rwxp 00000000 00:00 0 
7f59c7ba7000-7f59c7ec8000 ---p 00000000 00:00 0 
7f59c7ec8000-7f59c8148000 rwxp 00000000 00:00 0 
7f59c8148000-7f59cf400000 ---p 00000000 00:00 0 
7f59cf400000-7f59d7ecf000 r--s 00000000 00:20 776296                     /usr/lib/jvm/java-21-openjdk/lib/modules
7f59d7ecf000-7f59d7ed1000 rw-s 00000000 00:01 4810                       /memfd:/.glXXXXXX (deleted)
7f59d7ed1000-7f59d7ed3000 r--p 00000000 00:20 42202                      /usr/lib/libXfixes.so.3.1.0
7f59d7ed3000-7f59d7ed6000 r-xp 00002000 00:20 42202                      /usr/lib/libXfixes.so.3.1.0
7f59d7ed6000-7f59d7ed7000 r--p 00005000 00:20 42202                      /usr/lib/libXfixes.so.3.1.0
7f59d7ed7000-7f59d7ed8000 r--p 00005000 00:20 42202                      /usr/lib/libXfixes.so.3.1.0
7f59d7ed8000-7f59d7ed9000 rw-p 00006000 00:20 42202                      /usr/lib/libXfixes.so.3.1.0
7f59d7ed9000-7f59d7edc000 r--p 00000000 00:20 42198                      /usr/lib/libXcursor.so.1.0.2
7f59d7edc000-7f59d7ee2000 r-xp 00003000 00:20 42198                      /usr/lib/libXcursor.so.1.0.2
7f59d7ee2000-7f59d7ee4000 r--p 00009000 00:20 42198                      /usr/lib/libXcursor.so.1.0.2
7f59d7ee4000-7f59d7ee5000 r--p 0000a000 00:20 42198                      /usr/lib/libXcursor.so.1.0.2
7f59d7ee5000-7f59d7ee6000 rw-p 0000b000 00:20 42198                      /usr/lib/libXcursor.so.1.0.2
7f59d7ee6000-7f59d7ee8000 r--p 00000000 00:20 42215                      /usr/lib/libXrender.so.1.3.0
7f59d7ee8000-7f59d7eef000 r-xp 00002000 00:20 42215                      /usr/lib/libXrender.so.1.3.0
7f59d7eef000-7f59d7ef0000 r--p 00009000 00:20 42215                      /usr/lib/libXrender.so.1.3.0
7f59d7ef0000-7f59d7ef1000 r--p 00009000 00:20 42215                      /usr/lib/libXrender.so.1.3.0
7f59d7ef1000-7f59d7ef2000 rw-p 0000a000 00:20 42215                      /usr/lib/libXrender.so.1.3.0
7f59d7ef2000-7f59d7ef4000 r--p 00000000 00:20 412073                     /usr/lib/libXrandr.so.2.2.0
7f59d7ef4000-7f59d7efb000 r-xp 00002000 00:20 412073                     /usr/lib/libXrandr.so.2.2.0
7f59d7efb000-7f59d7efd000 r--p 00009000 00:20 412073                     /usr/lib/libXrandr.so.2.2.0
7f59d7efd000-7f59d7efe000 r--p 0000a000 00:20 412073                     /usr/lib/libXrandr.so.2.2.0
7f59d7efe000-7f59d7eff000 rw-p 0000b000 00:20 412073                     /usr/lib/libXrandr.so.2.2.0
7f59d7eff000-7f59d7f00000 rw-p 00000000 00:00 0 
7f59d7f00000-7f59d7f04000 ---p 00000000 00:00 0 
7f59d7f04000-7f59d8000000 rw-p 00000000 00:00 0 
7f59d8000000-7f59d8aa0000 rw-p 00000000 00:00 0 
7f59d8aa0000-7f59dc000000 ---p 00000000 00:00 0 
7f59dc000000-7f59dc003000 r--p 00000000 00:20 944180                     /usr/lib/libXi.so.6.1.0
7f59dc003000-7f59dc010000 r-xp 00003000 00:20 944180                     /usr/lib/libXi.so.6.1.0
7f59dc010000-7f59dc013000 r--p 00010000 00:20 944180                     /usr/lib/libXi.so.6.1.0
7f59dc013000-7f59dc014000 r--p 00012000 00:20 944180                     /usr/lib/libXi.so.6.1.0
7f59dc014000-7f59dc015000 rw-p 00013000 00:20 944180                     /usr/lib/libXi.so.6.1.0
7f59dc015000-7f59dc019000 r--p 00000000 00:20 344133                     /usr/lib/libXext.so.6.4.0
7f59dc019000-7f59dc024000 r-xp 00004000 00:20 344133                     /usr/lib/libXext.so.6.4.0
7f59dc024000-7f59dc027000 r--p 0000f000 00:20 344133                     /usr/lib/libXext.so.6.4.0
7f59dc027000-7f59dc028000 r--p 00011000 00:20 344133                     /usr/lib/libXext.so.6.4.0
7f59dc028000-7f59dc029000 rw-p 00012000 00:20 344133                     /usr/lib/libXext.so.6.4.0
7f59dc029000-7f59dc02a000 rw-s 00000000 00:07 911                        /dev/nvidiactl
7f59dc02e000-7f59dc02f000 rw-s 00000000 00:07 913                        /dev/nvidia0
7f59dc02f000-7f59dc031000 rw-s 00000000 00:07 911                        /dev/nvidiactl
7f59dc031000-7f59dc035000 rw-s 00000000 00:07 911                        /dev/nvidiactl
7f59dc035000-7f59dc036000 rw-s 00000000 00:07 913                        /dev/nvidia0
7f59dc036000-7f59dc037000 rw-s 00000000 00:07 913                        /dev/nvidia0
7f59dc037000-7f59dc038000 rw-s 00000000 00:07 913                        /dev/nvidia0
7f59dc058000-7f59dc081000 r--p 00000000 00:31 11643                      /tmp/lwjgl_timer/3.3.3+5/x64/liblwjgl.so
7f59dc081000-7f59dc0b3000 r-xp 00029000 00:31 11643                      /tmp/lwjgl_timer/3.3.3+5/x64/liblwjgl.so
7f59dc0b3000-7f59dc0cc000 r--p 0005b000 00:31 11643                      /tmp/lwjgl_timer/3.3.3+5/x64/liblwjgl.so
7f59dc0cc000-7f59dc0cd000 r--p 00073000 00:31 11643                      /tmp/lwjgl_timer/3.3.3+5/x64/liblwjgl.so
7f59dc0cd000-7f59dc0ce000 rw-p 00074000 00:31 11643                      /tmp/lwjgl_timer/3.3.3+5/x64/liblwjgl.so
7f59dc0ce000-7f59dc0cf000 rw-p 00000000 00:00 0 
7f59dc0cf000-7f59dc0d3000 ---p 00000000 00:00 0 
7f59dc0d3000-7f59dc1d0000 rw-p 00000000 00:00 0 
7f59dc1d0000-7f59dc1d4000 ---p 00000000 00:00 0 
7f59dc1d4000-7f59dc2d1000 rw-p 00000000 00:00 0 
7f59dc2d1000-7f59dc2d5000 ---p 00000000 00:00 0 
7f59dc2d5000-7f59dc3d2000 rw-p 00000000 00:00 0 
7f59dc3d2000-7f59dc3d6000 ---p 00000000 00:00 0 
7f59dc3d6000-7f59dc4d3000 rw-p 00000000 00:00 0 
7f59dc4d3000-7f59dc4d7000 ---p 00000000 00:00 0 
7f59dc4d7000-7f59dc7d5000 rw-p 00000000 00:00 0 
7f59dc7d5000-7f59dc856000 rw-p 00000000 00:00 0 
7f59dc856000-7f59dca58000 rw-p 00000000 00:00 0 
7f59dca58000-7f59dd05e000 rw-p 00000000 00:00 0 
7f59dd05e000-7f59dd361000 rw-p 00000000 00:00 0 
7f59dd361000-7f59dd389000 rw-p 00000000 00:00 0 
7f59dd389000-7f59dd3b8000 ---p 00000000 00:00 0 
7f59dd3b8000-7f59dd3be000 rw-p 00000000 00:00 0 
7f59dd3be000-7f59dd3dd000 ---p 00000000 00:00 0 
7f59dd3dd000-7f59dd3de000 rw-p 00000000 00:00 0 
7f59dd3de000-7f59ddb25000 ---p 00000000 00:00 0 
7f59ddb25000-7f59ddb51000 rw-p 00000000 00:00 0 
7f59ddb51000-7f59ddb80000 ---p 00000000 00:00 0 
7f59ddb80000-7f59ddb86000 rw-p 00000000 00:00 0 
7f59ddb86000-7f59ddba5000 ---p 00000000 00:00 0 
7f59ddba5000-7f59ddba6000 rw-p 00000000 00:00 0 
7f59ddba6000-7f59de2ed000 ---p 00000000 00:00 0 
7f59de2ed000-7f59de8fc000 rw-p 00000000 00:00 0 
7f59de8fc000-7f59de9e2000 ---p 00000000 00:00 0 
7f59de9e2000-7f59de9f6000 rw-p 00000000 00:00 0 
7f59de9f6000-7f59deacd000 ---p 00000000 00:00 0 
7f59deacd000-7f59deadd000 r--p 00000000 00:20 815315                     /usr/lib/libm.so.6
7f59deadd000-7f59deb76000 r-xp 00010000 00:20 815315                     /usr/lib/libm.so.6
7f59deb76000-7f59debfe000 r--p 000a9000 00:20 815315                     /usr/lib/libm.so.6
7f59debfe000-7f59debff000 r--p 00130000 00:20 815315                     /usr/lib/libm.so.6
7f59debff000-7f59dec00000 rw-p 00131000 00:20 815315                     /usr/lib/libm.so.6
7f59dec00000-7f59dec9a000 r--p 00000000 00:20 816040                     /usr/lib/libstdc++.so.6.0.35
7f59dec9a000-7f59dee1d000 r-xp 0009a000 00:20 816040                     /usr/lib/libstdc++.so.6.0.35
7f59dee1d000-7f59deebd000 r--p 0021d000 00:20 816040                     /usr/lib/libstdc++.so.6.0.35
7f59deebd000-7f59deece000 r--p 002bc000 00:20 816040                     /usr/lib/libstdc++.so.6.0.35
7f59deece000-7f59deecf000 rw-p 002cd000 00:20 816040                     /usr/lib/libstdc++.so.6.0.35
7f59deecf000-7f59deed3000 rw-p 00000000 00:00 0 
7f59deed3000-7f59deed4000 rw-s 00000000 00:07 911                        /dev/nvidiactl
7f59deed4000-7f59deed5000 rw-s 00000000 00:07 911                        /dev/nvidiactl
7f59deed5000-7f59deee1000 r--p 00000000 00:20 43455                      /usr/lib/libxcb.so.1.1.0
7f59deee1000-7f59deef5000 r-xp 0000c000 00:20 43455                      /usr/lib/libxcb.so.1.1.0
7f59deef5000-7f59deefe000 r--p 00020000 00:20 43455                      /usr/lib/libxcb.so.1.1.0
7f59deefe000-7f59deeff000 r--p 00028000 00:20 43455                      /usr/lib/libxcb.so.1.1.0
7f59deeff000-7f59def00000 rw-p 00029000 00:20 43455                      /usr/lib/libxcb.so.1.1.0
7f59def00000-7f59def04000 ---p 00000000 00:00 0 
7f59def04000-7f59df000000 rw-p 00000000 00:00 0 
7f59df000000-7f59df010000 r--p 00000000 00:20 776308                     /usr/lib/jvm/java-21-openjdk/lib/server/libjvm.so
7f59df010000-7f59dff17000 r-xp 00010000 00:20 776308                     /usr/lib/jvm/java-21-openjdk/lib/server/libjvm.so
7f59dff17000-7f59e01f1000 r--p 00f17000 00:20 776308                     /usr/lib/jvm/java-21-openjdk/lib/server/libjvm.so
7f59e01f1000-7f59e02c7000 r--p 011f0000 00:20 776308                     /usr/lib/jvm/java-21-openjdk/lib/server/libjvm.so
7f59e02c7000-7f59e02f7000 rw-p 012c6000 00:20 776308                     /usr/lib/jvm/java-21-openjdk/lib/server/libjvm.so
7f59e02f7000-7f59e035d000 rw-p 00000000 00:00 0 
7f59e035d000-7f59e035e000 r--s 00000000 00:07 911                        /dev/nvidiactl
7f59e035e000-7f59e035f000 r--p 00000000 00:20 418203                     /usr/lib/libXinerama.so.1.0.0
7f59e035f000-7f59e0360000 r-xp 00001000 00:20 418203                     /usr/lib/libXinerama.so.1.0.0
7f59e0360000-7f59e0361000 r--p 00002000 00:20 418203                     /usr/lib/libXinerama.so.1.0.0
7f59e0361000-7f59e0362000 r--p 00002000 00:20 418203                     /usr/lib/libXinerama.so.1.0.0
7f59e0362000-7f59e0363000 rw-p 00003000 00:20 418203                     /usr/lib/libXinerama.so.1.0.0
7f59e0363000-7f59e0364000 r--p 00000000 00:20 346313                     /usr/lib/libXxf86vm.so.1.0.0
7f59e0364000-7f59e0367000 r-xp 00001000 00:20 346313                     /usr/lib/libXxf86vm.so.1.0.0
7f59e0367000-7f59e0368000 r--p 00004000 00:20 346313                     /usr/lib/libXxf86vm.so.1.0.0
7f59e0368000-7f59e0369000 r--p 00004000 00:20 346313                     /usr/lib/libXxf86vm.so.1.0.0
7f59e0369000-7f59e036a000 rw-p 00005000 00:20 346313                     /usr/lib/libXxf86vm.so.1.0.0
7f59e036a000-7f59e036c000 r--p 00000000 00:20 551107                     /usr/lib/libXdmcp.so.6.0.0
7f59e036c000-7f59e036e000 r-xp 00002000 00:20 551107                     /usr/lib/libXdmcp.so.6.0.0
7f59e036e000-7f59e0370000 r--p 00004000 00:20 551107                     /usr/lib/libXdmcp.so.6.0.0
7f59e0370000-7f59e0371000 r--p 00005000 00:20 551107                     /usr/lib/libXdmcp.so.6.0.0
7f59e0371000-7f59e0372000 rw-p 00006000 00:20 551107                     /usr/lib/libXdmcp.so.6.0.0
7f59e0372000-7f59e0373000 r--p 00000000 00:20 42194                      /usr/lib/libXau.so.6.0.0
7f59e0373000-7f59e0374000 r-xp 00001000 00:20 42194                      /usr/lib/libXau.so.6.0.0
7f59e0374000-7f59e0375000 r--p 00002000 00:20 42194                      /usr/lib/libXau.so.6.0.0
7f59e0375000-7f59e0376000 r--p 00002000 00:20 42194                      /usr/lib/libXau.so.6.0.0
7f59e0376000-7f59e0377000 rw-p 00003000 00:20 42194                      /usr/lib/libXau.so.6.0.0
7f59e0377000-7f59e0378000 r--p 00000000 00:20 815337                     /usr/lib/librt.so.1
7f59e0378000-7f59e0379000 r-xp 00001000 00:20 815337                     /usr/lib/librt.so.1
7f59e0379000-7f59e037a000 r--p 00002000 00:20 815337                     /usr/lib/librt.so.1
7f59e037a000-7f59e037b000 r--p 00002000 00:20 815337                     /usr/lib/librt.so.1
7f59e037b000-7f59e037c000 rw-p 00003000 00:20 815337                     /usr/lib/librt.so.1
7f59e037c000-7f59e037d000 r--p 00000000 00:20 815332                     /usr/lib/libpthread.so.0
7f59e037d000-7f59e037e000 r-xp 00001000 00:20 815332                     /usr/lib/libpthread.so.0
7f59e037e000-7f59e037f000 r--p 00002000 00:20 815332                     /usr/lib/libpthread.so.0
7f59e037f000-7f59e0380000 r--p 00002000 00:20 815332                     /usr/lib/libpthread.so.0
7f59e0380000-7f59e0381000 rw-p 00003000 00:20 815332                     /usr/lib/libpthread.so.0
7f59e0381000-7f59e0383000 r--p 00000000 00:20 776294                     /usr/lib/jvm/java-21-openjdk/lib/libverify.so
7f59e0383000-7f59e038a000 r-xp 00002000 00:20 776294                     /usr/lib/jvm/java-21-openjdk/lib/libverify.so
7f59e038a000-7f59e038c000 r--p 00009000 00:20 776294                     /usr/lib/jvm/java-21-openjdk/lib/libverify.so
7f59e038c000-7f59e038e000 r--p 0000a000 00:20 776294                     /usr/lib/jvm/java-21-openjdk/lib/libverify.so
7f59e038e000-7f59e038f000 rw-p 0000c000 00:20 776294                     /usr/lib/jvm/java-21-openjdk/lib/libverify.so
7f59e038f000-7f59e0396000 r--p 00000000 00:20 776287                     /usr/lib/jvm/java-21-openjdk/lib/libnio.so
7f59e0396000-7f59e039f000 r-xp 00007000 00:20 776287                     /usr/lib/jvm/java-21-openjdk/lib/libnio.so
7f59e039f000-7f59e03a3000 r--p 00010000 00:20 776287                     /usr/lib/jvm/java-21-openjdk/lib/libnio.so
7f59e03a3000-7f59e03a4000 r--p 00014000 00:20 776287                     /usr/lib/jvm/java-21-openjdk/lib/libnio.so
7f59e03a4000-7f59e03a5000 rw-p 00015000 00:20 776287                     /usr/lib/jvm/java-21-openjdk/lib/libnio.so
7f59e03a5000-7f59e0400000 rw-p 00000000 00:00 0 
7f59e0400000-7f59e0424000 r--p 00000000 00:20 815305                     /usr/lib/libc.so.6
7f59e0424000-7f59e059a000 r-xp 00024000 00:20 815305                     /usr/lib/libc.so.6
7f59e059a000-7f59e060f000 r--p 0019a000 00:20 815305                     /usr/lib/libc.so.6
7f59e060f000-7f59e0613000 r--p 0020e000 00:20 815305                     /usr/lib/libc.so.6
7f59e0613000-7f59e0615000 rw-p 00212000 00:20 815305                     /usr/lib/libc.so.6
7f59e0615000-7f59e061d000 rw-p 00000000 00:00 0 
7f59e061d000-7f59e061e000 r--p 00000000 00:20 815310                     /usr/lib/libdl.so.2
7f59e061e000-7f59e061f000 r-xp 00001000 00:20 815310                     /usr/lib/libdl.so.2
7f59e061f000-7f59e0620000 r--p 00002000 00:20 815310                     /usr/lib/libdl.so.2
7f59e0620000-7f59e0621000 r--p 00002000 00:20 815310                     /usr/lib/libdl.so.2
7f59e0621000-7f59e0622000 rw-p 00003000 00:20 815310                     /usr/lib/libdl.so.2
7f59e0622000-7f59e0623000 r--p 00000000 00:20 815341                     /usr/lib/libutil.so.1
7f59e0623000-7f59e0624000 r-xp 00001000 00:20 815341                     /usr/lib/libutil.so.1
7f59e0624000-7f59e0625000 r--p 00002000 00:20 815341                     /usr/lib/libutil.so.1
7f59e0625000-7f59e0626000 r--p 00002000 00:20 815341                     /usr/lib/libutil.so.1
7f59e0626000-7f59e0627000 rw-p 00003000 00:20 815341                     /usr/lib/libutil.so.1
7f59e0627000-7f59e0629000 r--p 00000000 00:20 776295                     /usr/lib/jvm/java-21-openjdk/lib/libzip.so
7f59e0629000-7f59e062d000 r-xp 00002000 00:20 776295                     /usr/lib/jvm/java-21-openjdk/lib/libzip.so
7f59e062d000-7f59e062f000 r--p 00006000 00:20 776295                     /usr/lib/jvm/java-21-openjdk/lib/libzip.so
7f59e062f000-7f59e0630000 r--p 00007000 00:20 776295                     /usr/lib/jvm/java-21-openjdk/lib/libzip.so
7f59e0630000-7f59e0631000 rw-p 00008000 00:20 776295                     /usr/lib/jvm/java-21-openjdk/lib/libzip.so
7f59e0631000-7f59e06f3000 rw-p 00000000 00:00 0 
7f59e06f3000-7f59e06fd000 r--p 00000000 00:20 776271                     /usr/lib/jvm/java-21-openjdk/lib/libjava.so
7f59e06fd000-7f59e070b000 r-xp 0000a000 00:20 776271                     /usr/lib/jvm/java-21-openjdk/lib/libjava.so
7f59e070b000-7f59e0710000 r--p 00018000 00:20 776271                     /usr/lib/jvm/java-21-openjdk/lib/libjava.so
7f59e0710000-7f59e0711000 r--p 0001d000 00:20 776271                     /usr/lib/jvm/java-21-openjdk/lib/libjava.so
7f59e0711000-7f59e0712000 rw-p 0001e000 00:20 776271                     /usr/lib/jvm/java-21-openjdk/lib/libjava.so
7f59e0712000-7f59e0713000 rw-p 00000000 00:00 0 
7f59e0713000-7f59e0717000 r--p 00000000 00:20 816030                     /usr/lib/libgcc_s.so.1
7f59e0717000-7f59e073a000 r-xp 00004000 00:20 816030                     /usr/lib/libgcc_s.so.1
7f59e073a000-7f59e073e000 r--p 00027000 00:20 816030                     /usr/lib/libgcc_s.so.1
7f59e073e000-7f59e073f000 r--p 0002b000 00:20 816030                     /usr/lib/libgcc_s.so.1
7f59e073f000-7f59e0740000 rw-p 0002c000 00:20 816030                     /usr/lib/libgcc_s.so.1
7f59e0740000-7f59e0743000 rw-p 00000000 00:00 0 
7f59e0743000-7f59e0746000 r--p 00000000 00:20 535138                     /usr/lib/libz.so.1.3.2
7f59e0746000-7f59e0756000 r-xp 00003000 00:20 535138                     /usr/lib/libz.so.1.3.2
7f59e0756000-7f59e075c000 r--p 00013000 00:20 535138                     /usr/lib/libz.so.1.3.2
7f59e075c000-7f59e075d000 r--p 00018000 00:20 535138                     /usr/lib/libz.so.1.3.2
7f59e075d000-7f59e075e000 rw-p 00019000 00:20 535138                     /usr/lib/libz.so.1.3.2
7f59e075e000-7f59e075f000 rw-p 00000000 00:00 0 
7f59e075f000-7f59e0760000 r-xp 00059000 00:31 11643                      /tmp/lwjgl_timer/3.3.3+5/x64/liblwjgl.so
7f59e0760000-7f59e0761000 rw-p 00000000 00:00 0 
7f59e0761000-7f59e0764000 r--p 00000000 00:20 776286                     /usr/lib/jvm/java-21-openjdk/lib/libnet.so
7f59e0764000-7f59e076c000 r-xp 00003000 00:20 776286                     /usr/lib/jvm/java-21-openjdk/lib/libnet.so
7f59e076c000-7f59e076e000 r--p 0000b000 00:20 776286                     /usr/lib/jvm/java-21-openjdk/lib/libnet.so
7f59e076e000-7f59e076f000 r--p 0000c000 00:20 776286                     /usr/lib/jvm/java-21-openjdk/lib/libnet.so
7f59e076f000-7f59e0770000 rw-p 0000d000 00:20 776286                     /usr/lib/jvm/java-21-openjdk/lib/libnet.so
7f59e0770000-7f59e0775000 rw-p 00000000 00:00 0 
7f59e0775000-7f59e077c000 ---p 00000000 00:00 0 
7f59e077c000-7f59e0784000 rw-s 00000000 00:31 13637                      /tmp/hsperfdata_timer/55964 (deleted)
7f59e0784000-7f59e0785000 ---p 00000000 00:00 0 
7f59e0785000-7f59e0786000 r--p 00000000 00:00 0 
7f59e0786000-7f59e0787000 ---p 00000000 00:00 0 
7f59e0787000-7f59e0788000 r--p 00000000 00:20 776275                     /usr/lib/jvm/java-21-openjdk/lib/libjimage.so
7f59e0788000-7f59e078a000 r-xp 00001000 00:20 776275                     /usr/lib/jvm/java-21-openjdk/lib/libjimage.so
7f59e078a000-7f59e078b000 r--p 00003000 00:20 776275                     /usr/lib/jvm/java-21-openjdk/lib/libjimage.so
7f59e078b000-7f59e078c000 r--p 00004000 00:20 776275                     /usr/lib/jvm/java-21-openjdk/lib/libjimage.so
7f59e078c000-7f59e078d000 rw-p 00005000 00:20 776275                     /usr/lib/jvm/java-21-openjdk/lib/libjimage.so
7f59e078d000-7f59e078f000 r--p 00000000 00:20 776276                     /usr/lib/jvm/java-21-openjdk/lib/libjli.so
7f59e078f000-7f59e0799000 r-xp 00002000 00:20 776276                     /usr/lib/jvm/java-21-openjdk/lib/libjli.so
7f59e0799000-7f59e079c000 r--p 0000c000 00:20 776276                     /usr/lib/jvm/java-21-openjdk/lib/libjli.so
7f59e079c000-7f59e079d000 r--p 0000f000 00:20 776276                     /usr/lib/jvm/java-21-openjdk/lib/libjli.so
7f59e079d000-7f59e079e000 rw-p 00010000 00:20 776276                     /usr/lib/jvm/java-21-openjdk/lib/libjli.so
7f59e079e000-7f59e07a0000 rw-p 00000000 00:00 0 
7f59e07a0000-7f59e07a4000 r--p 00000000 00:00 0                          [vvar]
7f59e07a4000-7f59e07a6000 r--p 00000000 00:00 0                          [vvar_vclock]
7f59e07a6000-7f59e07a8000 r-xp 00000000 00:00 0                          [vdso]
7f59e07a8000-7f59e07a9000 r--p 00000000 00:20 815296                     /usr/lib/ld-linux-x86-64.so.2
7f59e07a9000-7f59e07d3000 r-xp 00001000 00:20 815296                     /usr/lib/ld-linux-x86-64.so.2
7f59e07d3000-7f59e07e2000 r--p 0002b000 00:20 815296                     /usr/lib/ld-linux-x86-64.so.2
7f59e07e2000-7f59e07e4000 r--p 00039000 00:20 815296                     /usr/lib/ld-linux-x86-64.so.2
7f59e07e4000-7f59e07e5000 rw-p 0003b000 00:20 815296                     /usr/lib/ld-linux-x86-64.so.2
7f59e07e5000-7f59e07e6000 rw-p 00000000 00:00 0 
7ffebecb9000-7ffebecda000 rw-p 00000000 00:00 0                          [stack]
ffffffffff600000-ffffffffff601000 --xp 00000000 00:00 0                  [vsyscall]
Total number of mappings: 720

JVMTI agents: none


VM Arguments:
jvm_args: --enable-native-access=ALL-UNNAMED -Dclassworlds.conf=/usr/share/java/maven/bin/m2.conf -Dmaven.home=/usr/share/java/maven -Dlibrary.jansi.path=/usr/share/java/maven/lib/jansi-native -Dmaven.multiModuleProjectDirectory=/home/timer/projects/qml4j 
java_command: org.codehaus.plexus.classworlds.launcher.Launcher -q -pl qml4j-demo-desktop exec:java -Dexec.args=segmented
java_class_path (initial): /usr/share/java/maven/boot/plexus-classworlds-2.11.0.jar
Launcher Type: SUN_STANDARD

[Global flags]
     intx CICompilerCount                          = 3                                         {product} {ergonomic}
     uint ConcGCThreads                            = 2                                         {product} {ergonomic}
     uint G1ConcRefinementThreads                  = 6                                         {product} {ergonomic}
   size_t G1HeapRegionSize                         = 2097152                                   {product} {ergonomic}
    uintx GCDrainStackTargetSize                   = 64                                        {product} {ergonomic}
   size_t InitialHeapSize                          = 262144000                                 {product} {ergonomic}
   size_t MarkStackSize                            = 4194304                                   {product} {ergonomic}
   size_t MaxHeapSize                              = 4177526784                                {product} {ergonomic}
   size_t MaxNewSize                               = 2506096640                                {product} {ergonomic}
   size_t MinHeapDeltaBytes                        = 2097152                                   {product} {ergonomic}
   size_t MinHeapSize                              = 8388608                                   {product} {ergonomic}
    uintx NonNMethodCodeHeapSize                   = 5832780                                {pd product} {ergonomic}
    uintx NonProfiledCodeHeapSize                  = 122912730                              {pd product} {ergonomic}
    uintx ProfiledCodeHeapSize                     = 122912730                              {pd product} {ergonomic}
    uintx ReservedCodeCacheSize                    = 251658240                              {pd product} {ergonomic}
     bool SegmentedCodeCache                       = true                                      {product} {ergonomic}
   size_t SoftMaxHeapSize                          = 4177526784                             {manageable} {ergonomic}
     bool UseCompressedOops                        = true                           {product lp64_product} {ergonomic}
     bool UseG1GC                                  = true                                      {product} {ergonomic}

Logging:
Log output configuration:
 #0: 
[error occurred during error reporting (printing log configuration), id 0xb, SIGSEGV (0xb) at pc=0x00007f59df961fac]
Release file:
IMPLEMENTOR="Arch Linux"
JAVA_RUNTIME_VERSION="21.0.11+10"
JAVA_VERSION="21.0.11"
JAVA_VERSION_DATE="2026-04-21"
LIBC="gnu"
MODULES="java.base java.compiler java.datatransfer java.xml java.prefs java.desktop java.instrument java.logging java.management java.security.sasl java.naming java.rmi java.management.rmi java.net.http java.scripting java.security.jgss java.transaction.xa java.sql java.sql.rowset java.xml.crypto java.se java.smartcardio jdk.accessibility jdk.internal.jvmstat jdk.attach jdk.charsets jdk.internal.opt jdk.zipfs jdk.compiler jdk.crypto.ec jdk.crypto.cryptoki jdk.dynalink jdk.internal.ed jdk.editpad jdk.hotspot.agent jdk.httpserver jdk.incubator.vector jdk.internal.le jdk.internal.vm.ci jdk.internal.vm.compiler jdk.internal.vm.compiler.management jdk.jartool jdk.javadoc jdk.jcmd jdk.management jdk.management.agent jdk.jconsole jdk.jdeps jdk.jdwp.agent jdk.jdi jdk.jfr jdk.jlink jdk.jpackage jdk.jshell jdk.jsobject jdk.jstatd jdk.localedata jdk.management.jfr jdk.naming.dns jdk.naming.rmi jdk.net jdk.nio.mapmode jdk.random jdk.sctp jdk.security.auth jdk.security.jgss jdk.unsupported jdk.unsupported.desktop jdk.xml.dom"
OS_ARCH="x86_64"
OS_NAME="Linux"
SOURCE=""

Environment Variables:
PATH=/home/timer/.local/bin:/usr/local/sbin:/usr/local/bin:/usr/bin:/usr/lib/jvm/default/bin:/usr/bin/site_perl:/usr/bin/vendor_perl:/usr/bin/core_perl:/usr/lib/rustup/bin:/home/timer/.local/share/JetBrains/Toolbox/scripts:/home/timer/.claude/plugins/cache/claude-plugins-official/clangd-lsp/1.0.0/bin
SHELL=/bin/bash
DISPLAY=:1
WAYLAND_DISPLAY=wayland-1
LANG=zh_CN.UTF-8
LC_NUMERIC=zh_CN.UTF-8
LC_TIME=zh_CN.UTF-8
TERM=xterm-kitty

Active Locale:
LC_ALL=zh_CN.UTF-8
LC_COLLATE=zh_CN.UTF-8
LC_CTYPE=zh_CN.UTF-8
LC_MESSAGES=zh_CN.UTF-8
LC_MONETARY=zh_CN.UTF-8
LC_NUMERIC=zh_CN.UTF-8
LC_TIME=zh_CN.UTF-8

Signal Handlers:
   SIGSEGV: 0x00007f59dfe0e240 in libjvm.so+14737984, mask=11100100010111111101111111111110, flags=SA_RESTART|SA_SIGINFO, unblocked
    SIGBUS: 0x00007f59dfe0e240 in libjvm.so+14737984, mask=11100100010111111101111111111110, flags=SA_RESTART|SA_SIGINFO, unblocked
    SIGFPE: 0x00007f59dfe0e240 in libjvm.so+14737984, mask=11100100010111111101111111111110, flags=SA_RESTART|SA_SIGINFO, unblocked
   SIGPIPE: 0x00007f59dfc67700 in libjvm.so+13006592, mask=11100100010111111101111111111110, flags=SA_RESTART|SA_SIGINFO, blocked
   SIGXFSZ: 0x00007f59dfc67700 in libjvm.so+13006592, mask=11100100010111111101111111111110, flags=SA_RESTART|SA_SIGINFO, blocked
    SIGILL: 0x00007f59dfe0e240 in libjvm.so+14737984, mask=11100100010111111101111111111110, flags=SA_RESTART|SA_SIGINFO, unblocked
   SIGUSR2: 0x00007f59dfc69020 in libjvm.so+13013024, mask=00000000000000000000000000000000, flags=SA_RESTART|SA_SIGINFO, blocked
    SIGHUP: 0x00007f59dfc66a60 in libjvm.so+13003360, mask=11100100010111111101111111111110, flags=SA_RESTART|SA_SIGINFO, blocked
    SIGINT: 0x00007f59dfc66a60 in libjvm.so+13003360, mask=11100100010111111101111111111110, flags=SA_RESTART|SA_SIGINFO, blocked
   SIGTERM: 0x00007f59dfc66a60 in libjvm.so+13003360, mask=11100100010111111101111111111110, flags=SA_RESTART|SA_SIGINFO, blocked
   SIGQUIT: 0x00007f59dfc66a60 in libjvm.so+13003360, mask=11100100010111111101111111111110, flags=SA_RESTART|SA_SIGINFO, blocked
   SIGTRAP: 0x00007f59dfe0e240 in libjvm.so+14737984, mask=11100100010111111101111111111110, flags=SA_RESTART|SA_SIGINFO, unblocked


Periodic native trim disabled

---------------  S Y S T E M  ---------------

OS:
DISTRIB_ID="EndeavourOS"
DISTRIB_RELEASE="rolling"
DISTRIB_DESCRIPTION="EndeavourOS Linux"
DISTRIB_CODENAME="rolling"
uname: Linux 7.0.11-arch1-1 #1 SMP PREEMPT_DYNAMIC Tue, 02 Jun 2026 18:26:58 +0000 x86_64
OS uptime: 0 days 1:50 hours
libc: glibc 2.43 NPTL 2.43 
rlimit (soft/hard): STACK 12500k/infinity , CORE infinity/infinity , NPROC 63201/63201 , NOFILE 524288/524288 , AS infinity/infinity , CPU infinity/infinity , DATA infinity/infinity , FSIZE infinity/infinity , MEMLOCK 8192k/8192k
load average: 0.96 1.10 1.01

/proc/meminfo:
MemTotal:       16311800 kB
MemFree:          450316 kB
MemAvailable:    6495408 kB
Buffers:              24 kB
Cached:          6603144 kB
SwapCached:         1624 kB
Active:          4965788 kB
Inactive:        9236548 kB
Active(anon):    4335136 kB
Inactive(anon):  3831516 kB
Active(file):     630652 kB
Inactive(file):  5405032 kB
Unevictable:      154376 kB
Mlocked:              32 kB
SwapTotal:        524284 kB
SwapFree:            888 kB
Zswap:            159104 kB
Zswapped:         496840 kB
Dirty:              4024 kB
Writeback:             0 kB
AnonPages:       7549636 kB
Mapped:          2714832 kB
Shmem:            413252 kB
KReclaimable:     346060 kB
Slab:             559348 kB
SReclaimable:     346060 kB
SUnreclaim:       213288 kB
KernelStack:       24128 kB
PageTables:        91428 kB
SecPageTables:      1028 kB
NFS_Unstable:          0 kB
Bounce:                0 kB
WritebackTmp:          0 kB
CommitLimit:     8680184 kB
Committed_AS:   35596024 kB
VmallocTotal:   34359738367 kB
VmallocUsed:      226712 kB
VmallocChunk:          0 kB
Percpu:             4832 kB
HardwareCorrupted:     0 kB
AnonHugePages:   1107968 kB
ShmemHugePages:   126976 kB
ShmemPmdMapped:   120832 kB
FileHugePages:    272384 kB
FilePmdMapped:    272384 kB
CmaTotal:              0 kB
CmaFree:               0 kB
Unaccepted:            0 kB
Balloon:               0 kB
HugePages_Total:       0
HugePages_Free:        0
HugePages_Rsvd:        0
HugePages_Surp:        0
Hugepagesize:       2048 kB
Hugetlb:               0 kB
DirectMap4k:     1675668 kB
DirectMap2M:    15044608 kB
DirectMap1G:           0 kB

/sys/kernel/mm/transparent_hugepage/enabled: [always] madvise never
/sys/kernel/mm/transparent_hugepage/hpage_pmd_size: 2097152
/sys/kernel/mm/transparent_hugepage/defrag (defrag/compaction efforts parameter): always defer defer+madvise [madvise] never

Process Memory:
Virtual Size: 8434464K (peak: 8500272K)
Resident Set Size: 530316K (peak: 530316K) (anon: 268744K, file: 254020K, shmem: 7552K)
Swapped out: 0K
C-Heap outstanding allocations: 73362K, retained: 51859K
glibc malloc tunables: (default)

/proc/sys/kernel/threads-max (system-wide limit on the number of threads): 126403
/proc/sys/vm/max_map_count (maximum number of memory map areas a process may have): 1048576
/proc/sys/vm/swappiness (control to define how aggressively the kernel swaps out anonymous memory): 60
/proc/sys/kernel/pid_max (system-wide limit on number of process identifiers): 4194304

container information not found.
Steal ticks since vm start: 0
Steal ticks percentage since vm start:  0.000

CPU: total 6 (initial active 6) (6 cores per cpu, 1 threads per core) family 6 model 158 stepping 10 microcode 0xfa, cx8, cmov, fxsr, mmx, 3dnowpref, sse, sse2, sse3, ssse3, sse4.1, sse4.2, popcnt, lzcnt, tsc, tscinvbit, avx, avx2, aes, erms, clmul, bmi1, bmi2, adx, fma, vzeroupper, clflush, clflushopt, rdtscp, f16c
CPU Model and flags from /proc/cpuinfo:
model name	: Intel(R) Core(TM) i5-9400 CPU @ 2.90GHz
flags		: fpu vme de pse tsc msr pae mce cx8 apic sep mtrr pge mca cmov pat pse36 clflush dts acpi mmx fxsr sse sse2 ss ht tm pbe syscall nx pdpe1gb rdtscp lm constant_tsc art arch_perfmon pebs bts rep_good nopl xtopology nonstop_tsc cpuid aperfmperf pni pclmulqdq dtes64 monitor ds_cpl vmx est tm2 ssse3 sdbg fma cx16 xtpr pdcm pcid sse4_1 sse4_2 x2apic movbe popcnt tsc_deadline_timer aes xsave avx f16c rdrand lahf_lm abm 3dnowprefetch cpuid_fault pti ssbd ibrs ibpb stibp tpr_shadow flexpriority ept vpid ept_ad fsgsbase tsc_adjust bmi1 avx2 smep bmi2 erms invpcid mpx rdseed adx smap clflushopt intel_pt xsaveopt xsavec xgetbv1 xsaves dtherm ida arat pln pts hwp hwp_notify hwp_act_window hwp_epp vnmi md_clear flush_l1d arch_capabilities

Online cpus: 0-5
Offline cpus: 
BIOS frequency limitation: <Not Available>
Frequency switch latency (ns): 0
Available cpu frequencies: <Not Available>
Current governor: powersave
Core performance/turbo boost: <Not Available>

Memory: 4k page, physical 16311800k(6495484k free), swap 524284k(888k free)
Page Sizes: 4k

vm_info: OpenJDK 64-Bit Server VM (21.0.11+10) for linux-amd64 JRE (21.0.11+10), built on 2026-04-21T21:02:55Z by "builduser" with gcc 15.2.1 20260209

END.
