#
# A fatal error has been detected by the Java Runtime Environment:
#
#  SIGSEGV (0xb) at pc=0x00007f690425160e, pid=69157, tid=69227
#
# JRE version: OpenJDK Runtime Environment (21.0.11+10) (build 21.0.11+10)
# Java VM: OpenJDK 64-Bit Server VM (21.0.11+10, mixed mode, sharing, tiered, compressed oops, compressed class ptrs, g1 gc, linux-amd64)
# Problematic frame:
# C  [libEGL_nvidia.so.0+0xb660e]
#
# Core dump will be written. Default location: Core dumps may be processed with "/usr/lib/systemd/systemd-coredump %P %u %g %s %t %c %h %d %F" (or dumping to /home/timer/projects/qml4j/core.69157)
#
# If you would like to submit a bug report, please visit:
#   https://bugreport.java.com/bugreport/crash.jsp
#

---------------  S U M M A R Y ------------

Command Line: --enable-native-access=ALL-UNNAMED -Dclassworlds.conf=/usr/share/java/maven/bin/m2.conf -Dmaven.home=/usr/share/java/maven -Dlibrary.jansi.path=/usr/share/java/maven/lib/jansi-native -Dmaven.multiModuleProjectDirectory=/home/timer/projects/qml4j org.codehaus.plexus.classworlds.launcher.Launcher -pl qml4j-demo-desktop exec:java

Host: Intel(R) Core(TM) i5-9400 CPU @ 2.90GHz, 6 cores, 15G, EndeavourOS Linux
Time: Sat Jun  6 09:08:30 2026 CST elapsed time: 85.563816 seconds (0d 0h 1m 25s)

---------------  T H R E A D  ---------------

Current thread is native thread

Stack: [0x00007f68a7400000,0x00007f68a7c00000],  sp=0x00007f68a7bfedc0,  free space=8187k
Native frames: (J=compiled Java code, j=interpreted, Vv=VM code, C=native code)
C  [libEGL_nvidia.so.0+0xb660e]

siginfo: si_signo: 11 (SIGSEGV), si_code: 1 (SEGV_MAPERR), si_addr: 0x0000000000000040

Registers:
RAX=0x0000000000000000, RBX=0x00007f68a73fdf80, RCX=0x0000000000000001, RDX=0x00007f68a9d7d7dc
RSP=0x00007f68a7bfedc0, RBP=0x00007f68a6add040, RSI=0x00007f6904244840, RDI=0x00007f69042dd4a8
R8 =0x00000000010ab24c, R9 =0x00007f68a7bfedb0, R10=0x0000000000000000, R11=0x00007f698cd3a000
R12=0x00007f68a9d82a60, R13=0x00007f68a6add040, R14=0x00007f68a73fe380, R15=0x0000000000000000
RIP=0x00007f690425160e, EFLAGS=0x0000000000010206, CSGSFS=0x002b000000000033, ERR=0x0000000000000004
  TRAPNO=0x000000000000000e

XMM[0]=0x0000000000000000 0x000000004ca08de7
XMM[1]=0x0000000000000000 0x0000000000000000
XMM[2]=0x0000000000000000 0x00000000000000ff
XMM[3]=0x0000000000000000 0x00000000000000ff
XMM[4]=0x0000000000000000 0x0000000000000000
XMM[5]=0x0000000000000000 0x0000000000000000
XMM[6]=0x0000000000000000 0x0000000000000000
XMM[7]=0x0000000000000000 0x0000000000000000
XMM[8]=0x00007f68a82089f0 0x00007f68a82089e0
XMM[9]=0x0000000000200000 0x0000000000202020
XMM[10]=0x3f3f3f3f3f3f3f3f 0x3f3f3f3f3f3f3f3f
XMM[11]=0x9999999999999999 0x9999999999999999
XMM[12]=0x2020202020202020 0x2020202020202020
XMM[13]=0x0000000000000000 0x0000001001000000
XMM[14]=0x0000000000000000 0x0000000000000100
XMM[15]=0x0000000000000000 0x0000000000000000
  MXCSR=0x00001fa2


Top of Stack: (sp=0x00007f68a7bfedc0)
0x00007f68a7bfedc0:   00007f68a9d7f8c0 00007f68a861100a   ....h.....a.h...
0x00007f68a7bfedd0:   00007f68a9d7f8c0 00007f68a843729f   ....h....rC.h...
0x00007f68a7bfede0:   00007f68b08e2680 00007f68a9d2bce0   .&..h.......h...
0x00007f68a7bfedf0:   00007f68a7bff6c0 00017f6800000000   ....h.......h...
0x00007f68a7bfee00:   00007f68b08e0a90 00007f68a73fe380   ....h.....?.h...
0x00007f68a7bfee10:   00007f68a86124b0 0000000000000021   .$a.h...!.......
0x00007f68a7bfee20:   00007f69594f4250 0000000000000000   PBOYi...........
0x00007f68a7bfee30:   00007f69594f4357 00007f68a861348a   WCOYi....4a.h...
0x00007f68a7bfee40:   0000000000000000 00007f68a7bffce4   ............h...
0x00007f68a7bfee50:   00007f68a7bfef70 00007f698ca981b9   p...h.......i...
0x00007f68a7bfee60:   0000000000000000 0000000000801000   ................
0x00007f68a7bfee70:   0000000000801000 00007f68a7bff6c0   ............h...
0x00007f68a7bfee80:   ffffffffffffff40 efb2889a62c10e9e   @..........b....
0x00007f68a7bfee90:   0000000000000021 00007f69594f4250   !.......PBOYi...
0x00007f68a7bfeea0:   0000000000000000 00007f69594f4357   ........WCOYi...
0x00007f68a7bfeeb0:   efb2889a60e10e9e efb0deb742970e9e   ...`.......B....
0x00007f68a7bfeec0:   0000000000000000 0000000000000000   ................
0x00007f68a7bfeed0:   0000000000000000 0000000000000000   ................
0x00007f68a7bfeee0:   0000000000000000 0000000000000000   ................
0x00007f68a7bfeef0:   203a6362696c6720 2064616572687470    glibc: pthread 
0x00007f68a7bfef00:   36203a6b63617473 0000000037323239   stack: 69227....
0x00007f68a7bfef10:   0000000000000000 0000000000000000   ................
0x00007f68a7bfef20:   0000000000000000 0000000000000000   ................
0x00007f68a7bfef30:   0000000000000000 0000000000000000   ................
0x00007f68a7bfef40:   0000000000000000 d0fd2f9928f8d900   ...........(./..
0x00007f68a7bfef50:   0000000000000000 00007f698ca97e20   ........ ~..i...
0x00007f68a7bfef60:   00007f68a7bff6c0 0000000000000000   ....h...........
0x00007f68a7bfef70:   0000000000000000 00007f698cb1d21c   ............i...
0x00007f68a7bfef80:   0000000000000000 0000000000000000   ................
0x00007f68a7bfef90:   0000000000000000 0000000000000000   ................
0x00007f68a7bfefa0:   0000000000000000 0000000000000000   ................
0x00007f68a7bfefb0:   0000000000000000 0000000000000000   ................

Instructions: (pc=0x00007f690425160e)
0x00007f690425150e:   4c 24 08 48 85 c0 48 89 c2 74 61 48 89 08 49 8b
0x00007f690425151e:   44 24 40 48 83 c2 08 48 85 c0 74 41 41 8b 4c 24
0x00007f690425152e:   34 31 c0 85 c9 74 19 49 8b 74 24 40 89 c1 83 c0
0x00007f690425153e:   01 48 8b 34 ce 48 89 34 ca 41 39 44 24 34 77 e7
0x00007f690425154e:   49 8b 44 24 40 48 85 c0 74 13 48 8d 78 f8 48 89
0x00007f690425155e:   54 24 08 e8 1a a8 00 00 48 8b 54 24 08 45 89 7c
0x00007f690425156e:   24 34 49 89 54 24 40 e9 9a fe ff ff 45 8b 74 24
0x00007f690425157e:   34 e9 90 fe ff ff 66 2e 0f 1f 84 00 00 00 00 00
0x00007f690425158e:   66 90 48 8b 07 48 39 f0 74 58 55 48 89 fd 53 48
0x00007f690425159e:   89 f3 48 83 ec 08 48 85 c0 74 15 48 8d 78 08 ff
0x00007f69042515ae:   50 18 85 c0 75 0a 48 8b 7d 00 48 8b 07 ff 50 08
0x00007f69042515be:   48 89 5d 00 48 85 db 74 19 48 8b 43 10 48 83 c4
0x00007f69042515ce:   08 48 8d 7b 08 5b 5d ff e0 66 0f 1f 84 00 00 00
0x00007f69042515de:   00 00 48 83 c4 08 5b 5d c3 66 0f 1f 84 00 00 00
0x00007f69042515ee:   00 00 c3 66 66 2e 0f 1f 84 00 00 00 00 00 0f 1f
0x00007f69042515fe:   40 00 48 83 ec 08 bf 01 00 00 00 e8 62 4a ff ff
0x00007f690425160e:   8b 70 40 48 8d 78 30 48 83 c4 08 e9 62 68 f8 ff
0x00007f690425161e:   66 90 48 83 ec 18 48 8b 87 b0 04 00 00 ba 04 00
0x00007f690425162e:   00 00 be 01 00 00 00 48 8d 4c 24 0c bf 01 00 00
0x00007f690425163e:   00 ff 90 d8 00 00 00 48 83 c4 18 c3 66 0f 1f 44
0x00007f690425164e:   00 00 49 89 fa 41 89 d1 40 0f b6 fe 89 ca 49 8b
0x00007f690425165e:   82 b0 04 00 00 4c 89 c1 44 89 ce 48 8b 80 d8 00
0x00007f690425166e:   00 00 ff e0 66 66 2e 0f 1f 84 00 00 00 00 00 0f
0x00007f690425167e:   1f 00 55 40 0f b6 f6 53 48 89 fb 48 83 ec 08 48
0x00007f690425168e:   8b af b0 04 00 00 e8 b7 ff ff ff ff 95 00 01 00
0x00007f690425169e:   00 8b 10 89 53 28 48 83 c4 08 5b 5d c3 0f 1f 44
0x00007f69042516ae:   00 00 41 57 41 56 49 89 fe bf 01 00 00 00 41 55
0x00007f69042516be:   49 89 f5 41 54 55 53 48 83 ec 58 48 89 14 24 e8
0x00007f69042516ce:   9e 49 ff ff 48 c7 44 24 18 00 00 00 00 83 b8 a0
0x00007f69042516de:   04 00 00 03 4c 8b b8 b0 04 00 00 48 89 c3 44 8b
0x00007f69042516ee:   60 38 0f 84 02 01 00 00 48 8d 4c 24 20 48 8d 70
0x00007f69042516fe:   30 ba 01 00 00 00 48 89 cf 48 89 4c 24 08 e8 7f



---------------  P R O C E S S  ---------------

VM state: at safepoint (shutting down)

VM Mutex/Monitor currently owned by a thread:  ([mutex/lock_event])
[0x00007f698c9290f8] Threads_lock - owner thread: 0x00007f6984143930
[0x00007f698c928ff8] Heap_lock - owner thread: 0x00007f6984019f50

Heap address: 0x0000000707000000, size: 3984 MB, Compressed Oops mode: Zero based, Oop shift amount: 3

CDS archive(s) mapped at: [0x00007f690b000000-0x00007f690bc9b000-0x00007f690bc9b000), size 13217792, SharedBaseAddress: 0x00007f690b000000, ArchiveRelocationMode: 1.
Compressed class space mapped at: 0x00007f690c000000-0x00007f694c000000, reserved size: 1073741824
Narrow klass base: 0x00007f690b000000, Narrow klass shift: 0, Narrow klass range: 0x100000000

GC Precious Log:
<Skipped>

Heap:
 garbage-first heap   total 137216K, used 60134K [0x0000000707000000, 0x0000000800000000)
  region size 2048K, 7 young (14336K), 3 survivors (6144K)
 Metaspace       used 26665K, committed 27264K, reserved 1114112K
  class space    used 2987K, committed 3264K, reserved 1048576K

Heap Regions: E=young(eden), S=young(survivor), O=old, HS=humongous(starts), HC=humongous(continues), CS=collection set, F=free, TAMS=top-at-mark-start, PB=parsable bottom
|   0|0x0000000707000000, 0x0000000707200000, 0x0000000707200000|100%|HS|  |TAMS 0x0000000707000000| PB 0x0000000707000000| Complete 
|   1|0x0000000707200000, 0x0000000707400000, 0x0000000707400000|100%|HC|  |TAMS 0x0000000707200000| PB 0x0000000707200000| Complete 
|   2|0x0000000707400000, 0x0000000707600000, 0x0000000707600000|100%|HC|  |TAMS 0x0000000707400000| PB 0x0000000707400000| Complete 
|   3|0x0000000707600000, 0x0000000707800000, 0x0000000707800000|100%|HC|  |TAMS 0x0000000707600000| PB 0x0000000707600000| Complete 
|   4|0x0000000707800000, 0x0000000707a00000, 0x0000000707a00000|100%|HC|  |TAMS 0x0000000707800000| PB 0x0000000707800000| Complete 
|   5|0x0000000707a00000, 0x0000000707c00000, 0x0000000707c00000|100%|HC|  |TAMS 0x0000000707a00000| PB 0x0000000707a00000| Complete 
|   6|0x0000000707c00000, 0x0000000707c00000, 0x0000000707e00000|  0%| F|  |TAMS 0x0000000707c00000| PB 0x0000000707c00000| Untracked 
|   7|0x0000000707e00000, 0x0000000707e00000, 0x0000000708000000|  0%| F|  |TAMS 0x0000000707e00000| PB 0x0000000707e00000| Untracked 
|   8|0x0000000708000000, 0x0000000708000000, 0x0000000708200000|  0%| F|  |TAMS 0x0000000708000000| PB 0x0000000708000000| Untracked 
|   9|0x0000000708200000, 0x0000000708200000, 0x0000000708400000|  0%| F|  |TAMS 0x0000000708200000| PB 0x0000000708200000| Untracked 
|  10|0x0000000708400000, 0x0000000708400000, 0x0000000708600000|  0%| F|  |TAMS 0x0000000708400000| PB 0x0000000708400000| Untracked 
|  11|0x0000000708600000, 0x0000000708600000, 0x0000000708800000|  0%| F|  |TAMS 0x0000000708600000| PB 0x0000000708600000| Untracked 
|  12|0x0000000708800000, 0x0000000708800000, 0x0000000708a00000|  0%| F|  |TAMS 0x0000000708800000| PB 0x0000000708800000| Untracked 
|  13|0x0000000708a00000, 0x0000000708a00000, 0x0000000708c00000|  0%| F|  |TAMS 0x0000000708a00000| PB 0x0000000708a00000| Untracked 
|  14|0x0000000708c00000, 0x0000000708c00000, 0x0000000708e00000|  0%| F|  |TAMS 0x0000000708c00000| PB 0x0000000708c00000| Untracked 
|  15|0x0000000708e00000, 0x0000000708e00000, 0x0000000709000000|  0%| F|  |TAMS 0x0000000708e00000| PB 0x0000000708e00000| Untracked 
|  16|0x0000000709000000, 0x0000000709000000, 0x0000000709200000|  0%| F|  |TAMS 0x0000000709000000| PB 0x0000000709000000| Untracked 
|  17|0x0000000709200000, 0x0000000709200000, 0x0000000709400000|  0%| F|  |TAMS 0x0000000709200000| PB 0x0000000709200000| Untracked 
|  18|0x0000000709400000, 0x0000000709400000, 0x0000000709600000|  0%| F|  |TAMS 0x0000000709400000| PB 0x0000000709400000| Untracked 
|  19|0x0000000709600000, 0x0000000709600000, 0x0000000709800000|  0%| F|  |TAMS 0x0000000709600000| PB 0x0000000709600000| Untracked 
|  20|0x0000000709800000, 0x0000000709a00000, 0x0000000709a00000|100%| O|  |TAMS 0x0000000709800000| PB 0x0000000709800000| Untracked 
|  21|0x0000000709a00000, 0x0000000709be3750, 0x0000000709c00000| 94%| O|  |TAMS 0x0000000709a00000| PB 0x0000000709a00000| Untracked 
|  22|0x0000000709c00000, 0x0000000709c00000, 0x0000000709e00000|  0%| F|  |TAMS 0x0000000709c00000| PB 0x0000000709c00000| Untracked 
|  23|0x0000000709e00000, 0x000000070a000000, 0x000000070a000000|100%| O|  |TAMS 0x0000000709e00000| PB 0x0000000709e00000| Untracked 
|  24|0x000000070a000000, 0x000000070a200000, 0x000000070a200000|100%|HS|  |TAMS 0x000000070a000000| PB 0x000000070a000000| Complete 
|  25|0x000000070a200000, 0x000000070a400000, 0x000000070a400000|100%|HC|  |TAMS 0x000000070a200000| PB 0x000000070a200000| Complete 
|  26|0x000000070a400000, 0x000000070a600000, 0x000000070a600000|100%|HC|  |TAMS 0x000000070a400000| PB 0x000000070a400000| Complete 
|  27|0x000000070a600000, 0x000000070a800000, 0x000000070a800000|100%|HC|  |TAMS 0x000000070a600000| PB 0x000000070a600000| Complete 
|  28|0x000000070a800000, 0x000000070aa00000, 0x000000070aa00000|100%|HC|  |TAMS 0x000000070a800000| PB 0x000000070a800000| Complete 
|  29|0x000000070aa00000, 0x000000070ac00000, 0x000000070ac00000|100%|HC|  |TAMS 0x000000070aa00000| PB 0x000000070aa00000| Complete 
|  30|0x000000070ac00000, 0x000000070ae00000, 0x000000070ae00000|100%|HC|  |TAMS 0x000000070ac00000| PB 0x000000070ac00000| Complete 
|  31|0x000000070ae00000, 0x000000070b000000, 0x000000070b000000|100%|HC|  |TAMS 0x000000070ae00000| PB 0x000000070ae00000| Complete 
|  32|0x000000070b000000, 0x000000070b200000, 0x000000070b200000|100%|HC|  |TAMS 0x000000070b000000| PB 0x000000070b000000| Complete 
|  33|0x000000070b200000, 0x000000070b200000, 0x000000070b400000|  0%| F|  |TAMS 0x000000070b200000| PB 0x000000070b200000| Untracked 
|  34|0x000000070b400000, 0x000000070b400000, 0x000000070b600000|  0%| F|  |TAMS 0x000000070b400000| PB 0x000000070b400000| Untracked 
|  35|0x000000070b600000, 0x000000070b600000, 0x000000070b800000|  0%| F|  |TAMS 0x000000070b600000| PB 0x000000070b600000| Untracked 
|  36|0x000000070b800000, 0x000000070b800000, 0x000000070ba00000|  0%| F|  |TAMS 0x000000070b800000| PB 0x000000070b800000| Untracked 
|  37|0x000000070ba00000, 0x000000070ba00000, 0x000000070bc00000|  0%| F|  |TAMS 0x000000070ba00000| PB 0x000000070ba00000| Untracked 
|  38|0x000000070bc00000, 0x000000070bc00000, 0x000000070be00000|  0%| F|  |TAMS 0x000000070bc00000| PB 0x000000070bc00000| Untracked 
|  39|0x000000070be00000, 0x000000070be00000, 0x000000070c000000|  0%| F|  |TAMS 0x000000070be00000| PB 0x000000070be00000| Untracked 
|  40|0x000000070c000000, 0x000000070c000000, 0x000000070c200000|  0%| F|  |TAMS 0x000000070c000000| PB 0x000000070c000000| Untracked 
|  41|0x000000070c200000, 0x000000070c200000, 0x000000070c400000|  0%| F|  |TAMS 0x000000070c200000| PB 0x000000070c200000| Untracked 
|  42|0x000000070c400000, 0x000000070c400000, 0x000000070c600000|  0%| F|  |TAMS 0x000000070c400000| PB 0x000000070c400000| Untracked 
|  43|0x000000070c600000, 0x000000070c6d62a0, 0x000000070c800000| 41%| S|CS|TAMS 0x000000070c600000| PB 0x000000070c600000| Complete 
|  44|0x000000070c800000, 0x000000070ca00000, 0x000000070ca00000|100%| S|CS|TAMS 0x000000070c800000| PB 0x000000070c800000| Complete 
|  45|0x000000070ca00000, 0x000000070cc00000, 0x000000070cc00000|100%| S|CS|TAMS 0x000000070ca00000| PB 0x000000070ca00000| Complete 
|  46|0x000000070cc00000, 0x000000070cc00000, 0x000000070ce00000|  0%| F|  |TAMS 0x000000070cc00000| PB 0x000000070cc00000| Untracked 
|  47|0x000000070ce00000, 0x000000070ce00000, 0x000000070d000000|  0%| F|  |TAMS 0x000000070ce00000| PB 0x000000070ce00000| Untracked 
|  48|0x000000070d000000, 0x000000070d000000, 0x000000070d200000|  0%| F|  |TAMS 0x000000070d000000| PB 0x000000070d000000| Untracked 
|  49|0x000000070d200000, 0x000000070d200000, 0x000000070d400000|  0%| F|  |TAMS 0x000000070d200000| PB 0x000000070d200000| Untracked 
|  50|0x000000070d400000, 0x000000070d400000, 0x000000070d600000|  0%| F|  |TAMS 0x000000070d400000| PB 0x000000070d400000| Untracked 
|  51|0x000000070d600000, 0x000000070d600000, 0x000000070d800000|  0%| F|  |TAMS 0x000000070d600000| PB 0x000000070d600000| Untracked 
|  52|0x000000070d800000, 0x000000070d800000, 0x000000070da00000|  0%| F|  |TAMS 0x000000070d800000| PB 0x000000070d800000| Untracked 
|  91|0x0000000712600000, 0x0000000712600000, 0x0000000712800000|  0%| F|  |TAMS 0x0000000712600000| PB 0x0000000712600000| Untracked 
|  92|0x0000000712800000, 0x0000000712800000, 0x0000000712a00000|  0%| F|  |TAMS 0x0000000712800000| PB 0x0000000712800000| Untracked 
|  93|0x0000000712a00000, 0x0000000712a00000, 0x0000000712c00000|  0%| F|  |TAMS 0x0000000712a00000| PB 0x0000000712a00000| Untracked 
|  98|0x0000000713400000, 0x0000000713400000, 0x0000000713600000|  0%| F|  |TAMS 0x0000000713400000| PB 0x0000000713400000| Untracked 
|  99|0x0000000713600000, 0x000000071367e4e8, 0x0000000713800000| 24%| E|  |TAMS 0x0000000713600000| PB 0x0000000713600000| Complete 
| 100|0x0000000713800000, 0x0000000713a00000, 0x0000000713a00000|100%| E|CS|TAMS 0x0000000713800000| PB 0x0000000713800000| Complete 
| 124|0x0000000716800000, 0x0000000716a00000, 0x0000000716a00000|100%| E|CS|TAMS 0x0000000716800000| PB 0x0000000716800000| Complete 
|1985|0x00000007ff200000, 0x00000007ff400000, 0x00000007ff400000|100%| O|  |TAMS 0x00000007ff200000| PB 0x00000007ff200000| Untracked 
|1986|0x00000007ff400000, 0x00000007ff600000, 0x00000007ff600000|100%| O|  |TAMS 0x00000007ff400000| PB 0x00000007ff400000| Untracked 
|1987|0x00000007ff600000, 0x00000007ff800000, 0x00000007ff800000|100%| O|  |TAMS 0x00000007ff600000| PB 0x00000007ff600000| Untracked 
|1988|0x00000007ff800000, 0x00000007ffa00000, 0x00000007ffa00000|100%| O|  |TAMS 0x00000007ff800000| PB 0x00000007ff800000| Untracked 
|1989|0x00000007ffa00000, 0x00000007ffc00000, 0x00000007ffc00000|100%| O|  |TAMS 0x00000007ffa00000| PB 0x00000007ffa00000| Untracked 
|1990|0x00000007ffc00000, 0x00000007ffe00000, 0x00000007ffe00000|100%| O|  |TAMS 0x00000007ffc00000| PB 0x00000007ffc00000| Untracked 
|1991|0x00000007ffe00000, 0x0000000800000000, 0x0000000800000000|100%| E|CS|TAMS 0x00000007ffe00000| PB 0x00000007ffe00000| Complete 

Card table byte_map: [0x00007f6989961000,0x00007f698a129000] _byte_map_base: 0x00007f6986129000

Marking Bits: (CMBitMap*) 0x00007f69840829d0
 Bits: [0x00007f69685c0000, 0x00007f696c400000)

Polling page: 0x00007f698cd1e000

Metaspace:

Usage:
  Non-class:     23.12 MB used.
      Class:      2.92 MB used.
       Both:     26.04 MB used.

Virtual space:
  Non-class space:       64.00 MB reserved,      23.44 MB ( 37%) committed,  1 nodes.
      Class space:        1.00 GB reserved,       3.19 MB ( <1%) committed,  1 nodes.
             Both:        1.06 GB reserved,      26.62 MB (  2%) committed. 

Chunk freelists:
   Non-Class:  7.70 MB
       Class:  12.79 MB
        Both:  20.49 MB

MaxMetaspaceSize: unlimited
CompressedClassSpaceSize: 1.00 GB
Initial GC threshold: 21.00 MB
Current GC threshold: 35.25 MB
CDS: on
 - commit_granule_bytes: 65536.
 - commit_granule_words: 8192.
 - virtual_space_node_default_size: 8388608.
 - enlarge_chunks_in_place: 1.
 - use_allocation_guard: 0.


Internal statistics:

num_allocs_failed_limit: 3.
num_arena_births: 374.
num_arena_deaths: 0.
num_vsnodes_births: 2.
num_vsnodes_deaths: 0.
num_space_committed: 424.
num_space_uncommitted: 0.
num_chunks_returned_to_freelist: 3.
num_chunks_taken_from_freelist: 1408.
num_chunk_merges: 3.
num_chunk_splits: 965.
num_chunks_enlarged: 722.
num_inconsistent_stats: 0.

CodeHeap 'non-profiled nmethods': size=120032Kb used=4573Kb max_used=4573Kb free=115458Kb
 bounds [0x00007f6973ec8000, 0x00007f6974348000, 0x00007f697b400000]
CodeHeap 'profiled nmethods': size=120028Kb used=14308Kb max_used=14308Kb free=105719Kb
 bounds [0x00007f696c400000, 0x00007f696d200000, 0x00007f6973937000]
CodeHeap 'non-nmethods': size=5700Kb used=2270Kb max_used=2433Kb free=3429Kb
 bounds [0x00007f6973937000, 0x00007f6973be7000, 0x00007f6973ec8000]
CodeCache: size=245760Kb, used=21151Kb, max_used=21314Kb, free=224606Kb
 total_blobs=7122, nmethods=5876, adapters=1151, full_count=0
Compilation: enabled, stopped_count=0, restarted_count=0

Compilation events (20 events):
Event: 85.560 Thread 0x00007f6984155a50 nmethod 5867 0x00007f696d1f4d10 code [0x00007f696d1f4f00, 0x00007f696d1f54f8]
Event: 85.560 Thread 0x00007f6984155a50 5868       3       org.eclipse.sisu.space.WildcardKey$QualifiedImpl::get (5 bytes)
Event: 85.560 Thread 0x00007f6984155a50 nmethod 5868 0x00007f696d1f5690 code [0x00007f696d1f5820, 0x00007f696d1f5940]
Event: 85.561 Thread 0x00007f6984155a50 5870       1       org.slf4j.impl.StaticLoggerBinder::getLoggerFactory (5 bytes)
Event: 85.561 Thread 0x00007f6984155a50 nmethod 5870 0x00007f697433e610 code [0x00007f697433e7a0, 0x00007f697433e868]
Event: 85.561 Thread 0x00007f6984154380 nmethod 5864 0x00007f697433e910 code [0x00007f697433eac0, 0x00007f697433ed28]
Event: 85.561 Thread 0x00007f6984154380 5865       4       java.nio.charset.CoderResult::isUnderflow (13 bytes)
Event: 85.561 Thread 0x00007f6984154380 nmethod 5865 0x00007f697433ef10 code [0x00007f697433f080, 0x00007f697433f118]
Event: 85.561 Thread 0x00007f6984155a50 5871       3       org.eclipse.sisu.inject.RankedSequence::removeThis (44 bytes)
Event: 85.561 Thread 0x00007f6984155a50 nmethod 5871 0x00007f696d1f5a10 code [0x00007f696d1f5c00, 0x00007f696d1f6030]
Event: 85.561 Thread 0x00007f6984155a50 5874       3       java.util.IdentityHashMap::closeDeletion (107 bytes)
Event: 85.561 Thread 0x00007f6984154380 5873       4       java.util.IdentityHashMap::maskNull (12 bytes)
Event: 85.561 Thread 0x00007f6984154380 nmethod 5873 0x00007f697433f210 code [0x00007f697433f380, 0x00007f697433f408]
Event: 85.561 Thread 0x00007f6984155a50 nmethod 5874 0x00007f696d1f6210 code [0x00007f696d1f6440, 0x00007f696d1f7008]
Event: 85.561 Thread 0x00007f6984155a50 5875       3       org.eclipse.sisu.inject.MildElements::compact (21 bytes)
Event: 85.561 Thread 0x00007f6984155a50 nmethod 5875 0x00007f696d1f7310 code [0x00007f696d1f74e0, 0x00007f696d1f7798]
Event: 85.561 Thread 0x00007f6984155a50 5876       3       org.eclipse.sisu.inject.RankedSequence$Content::remove (113 bytes)
Event: 85.562 Thread 0x00007f6984155a50 nmethod 5876 0x00007f696d1f7890 code [0x00007f696d1f7aa0, 0x00007f696d1f82c8]
Event: 85.562 Thread 0x00007f6984155a50 5872       3       java.util.IdentityHashMap::remove (102 bytes)
Event: 85.562 Thread 0x00007f6984155a50 nmethod 5872 0x00007f696d1f8510 code [0x00007f696d1f8720, 0x00007f696d1f8f08]

GC Heap History (20 events):
Event: 0.785 GC heap before
{Heap before GC invocations=1 (full 0):
 garbage-first heap   total 258048K, used 55340K [0x0000000707000000, 0x0000000800000000)
  region size 2048K, 27 young (55296K), 2 survivors (4096K)
 Metaspace       used 12768K, committed 12992K, reserved 1114112K
  class space    used 1577K, committed 1664K, reserved 1048576K
}
Event: 0.790 GC heap after
{Heap after GC invocations=2 (full 0):
 garbage-first heap   total 258048K, used 7460K [0x0000000707000000, 0x0000000800000000)
  region size 2048K, 4 young (8192K), 4 survivors (8192K)
 Metaspace       used 12768K, committed 12992K, reserved 1114112K
  class space    used 1577K, committed 1664K, reserved 1048576K
}
Event: 1.476 GC heap before
{Heap before GC invocations=2 (full 0):
 garbage-first heap   total 258048K, used 54564K [0x0000000707000000, 0x0000000800000000)
  region size 2048K, 28 young (57344K), 4 survivors (8192K)
 Metaspace       used 21214K, committed 21504K, reserved 1114112K
  class space    used 2460K, committed 2560K, reserved 1048576K
}
Event: 1.480 GC heap after
{Heap after GC invocations=3 (full 0):
 garbage-first heap   total 258048K, used 11946K [0x0000000707000000, 0x0000000800000000)
  region size 2048K, 6 young (12288K), 6 survivors (12288K)
 Metaspace       used 21214K, committed 21504K, reserved 1114112K
  class space    used 2460K, committed 2560K, reserved 1048576K
}
Event: 4.837 GC heap before
{Heap before GC invocations=4 (full 0):
 garbage-first heap   total 96256K, used 91818K [0x0000000707000000, 0x0000000800000000)
  region size 2048K, 20 young (40960K), 6 survivors (12288K)
 Metaspace       used 24786K, committed 25216K, reserved 1114112K
  class space    used 2801K, committed 3008K, reserved 1048576K
}
Event: 4.843 GC heap after
{Heap after GC invocations=5 (full 0):
 garbage-first heap   total 110592K, used 14703K [0x0000000707000000, 0x0000000800000000)
  region size 2048K, 7 young (14336K), 7 survivors (14336K)
 Metaspace       used 24786K, committed 25216K, reserved 1114112K
  class space    used 2801K, committed 3008K, reserved 1048576K
}
Event: 25.671 GC heap before
{Heap before GC invocations=5 (full 0):
 garbage-first heap   total 110592K, used 106863K [0x0000000707000000, 0x0000000800000000)
  region size 2048K, 27 young (55296K), 7 survivors (14336K)
 Metaspace       used 25246K, committed 25664K, reserved 1114112K
  class space    used 2826K, committed 3008K, reserved 1048576K
}
Event: 25.680 GC heap after
{Heap after GC invocations=6 (full 0):
 garbage-first heap   total 129024K, used 16811K [0x0000000707000000, 0x0000000800000000)
  region size 2048K, 3 young (6144K), 3 survivors (6144K)
 Metaspace       used 25246K, committed 25664K, reserved 1114112K
  class space    used 2826K, committed 3008K, reserved 1048576K
}
Event: 31.418 GC heap before
{Heap before GC invocations=6 (full 0):
 garbage-first heap   total 129024K, used 84395K [0x0000000707000000, 0x0000000800000000)
  region size 2048K, 17 young (34816K), 3 survivors (6144K)
 Metaspace       used 25590K, committed 26048K, reserved 1114112K
  class space    used 2846K, committed 3072K, reserved 1048576K
}
Event: 31.425 GC heap after
{Heap after GC invocations=7 (full 0):
 garbage-first heap   total 129024K, used 35309K [0x0000000707000000, 0x0000000800000000)
  region size 2048K, 3 young (6144K), 3 survivors (6144K)
 Metaspace       used 25590K, committed 26048K, reserved 1114112K
  class space    used 2846K, committed 3072K, reserved 1048576K
}
Event: 38.094 GC heap before
{Heap before GC invocations=7 (full 0):
 garbage-first heap   total 129024K, used 90605K [0x0000000707000000, 0x0000000800000000)
  region size 2048K, 20 young (40960K), 3 survivors (6144K)
 Metaspace       used 25886K, committed 26368K, reserved 1114112K
  class space    used 2883K, committed 3136K, reserved 1048576K
}
Event: 38.097 GC heap after
{Heap after GC invocations=8 (full 0):
 garbage-first heap   total 129024K, used 24915K [0x0000000707000000, 0x0000000800000000)
  region size 2048K, 4 young (8192K), 4 survivors (8192K)
 Metaspace       used 25886K, committed 26368K, reserved 1114112K
  class space    used 2883K, committed 3136K, reserved 1048576K
}
Event: 46.621 GC heap before
{Heap before GC invocations=8 (full 0):
 garbage-first heap   total 129024K, used 121171K [0x0000000707000000, 0x0000000800000000)
  region size 2048K, 32 young (65536K), 4 survivors (8192K)
 Metaspace       used 26393K, committed 26944K, reserved 1114112K
  class space    used 2948K, committed 3200K, reserved 1048576K
}
Event: 46.626 GC heap after
{Heap after GC invocations=9 (full 0):
 garbage-first heap   total 137216K, used 22402K [0x0000000707000000, 0x0000000800000000)
  region size 2048K, 5 young (10240K), 5 survivors (10240K)
 Metaspace       used 26393K, committed 26944K, reserved 1114112K
  class space    used 2948K, committed 3200K, reserved 1048576K
}
Event: 46.632 GC heap before
{Heap before GC invocations=9 (full 0):
 garbage-first heap   total 137216K, used 63362K [0x0000000707000000, 0x0000000800000000)
  region size 2048K, 6 young (12288K), 5 survivors (10240K)
 Metaspace       used 26393K, committed 26944K, reserved 1114112K
  class space    used 2948K, committed 3200K, reserved 1048576K
}
Event: 46.635 GC heap after
{Heap after GC invocations=10 (full 0):
 garbage-first heap   total 137216K, used 40845K [0x0000000707000000, 0x0000000800000000)
  region size 2048K, 2 young (4096K), 2 survivors (4096K)
 Metaspace       used 26393K, committed 26944K, reserved 1114112K
  class space    used 2948K, committed 3200K, reserved 1048576K
}
Event: 76.336 GC heap before
{Heap before GC invocations=10 (full 0):
 garbage-first heap   total 137216K, used 130957K [0x0000000707000000, 0x0000000800000000)
  region size 2048K, 40 young (81920K), 2 survivors (4096K)
 Metaspace       used 26473K, committed 27008K, reserved 1114112K
  class space    used 2956K, committed 3200K, reserved 1048576K
}
Event: 76.339 GC heap after
{Heap after GC invocations=11 (full 0):
 garbage-first heap   total 137216K, used 23066K [0x0000000707000000, 0x0000000800000000)
  region size 2048K, 3 young (6144K), 3 survivors (6144K)
 Metaspace       used 26473K, committed 27008K, reserved 1114112K
  class space    used 2956K, committed 3200K, reserved 1048576K
}
Event: 83.941 GC heap before
{Heap before GC invocations=11 (full 0):
 garbage-first heap   total 137216K, used 92698K [0x0000000707000000, 0x0000000800000000)
  region size 2048K, 18 young (36864K), 3 survivors (6144K)
 Metaspace       used 26584K, committed 27200K, reserved 1114112K
  class space    used 2976K, committed 3264K, reserved 1048576K
}
Event: 83.943 GC heap after
{Heap after GC invocations=12 (full 0):
 garbage-first heap   total 137216K, used 41702K [0x0000000707000000, 0x0000000800000000)
  region size 2048K, 3 young (6144K), 3 survivors (6144K)
 Metaspace       used 26584K, committed 27200K, reserved 1114112K
  class space    used 2976K, committed 3264K, reserved 1048576K
}

Dll operation events (11 events):
Event: 0.001 Loaded shared library /usr/lib/jvm/java-21-openjdk/lib/libjava.so
Event: 0.016 Loaded shared library /usr/lib/jvm/java-21-openjdk/lib/libjsvml.so
Event: 0.023 Loaded shared library /usr/lib/jvm/java-21-openjdk/lib/libnio.so
Event: 0.024 Loaded shared library /usr/lib/jvm/java-21-openjdk/lib/libzip.so
Event: 0.029 Loaded shared library /usr/lib/jvm/java-21-openjdk/lib/libnet.so
Event: 0.092 Loaded shared library /usr/lib/jvm/java-21-openjdk/lib/libjimage.so
Event: 0.096 Loaded shared library /tmp/jansi-2.4.3-860950cdb83db1d4-libjansi.so
Event: 0.103 Loaded shared library /usr/lib/jvm/java-21-openjdk/lib/libverify.so
Event: 1.121 Loaded shared library /tmp/lwjgl_timer/3.3.3+5/x64/liblwjgl.so
Event: 1.282 Loaded shared library /tmp/lwjgl_timer/3.3.3+5/x64/liblwjgl_opengl.so
Event: 1.359 Loaded shared library /tmp/skija_0.143.16_x64/libskija.so

Deoptimization events (20 events):
Event: 85.555 Thread 0x00007f6984a8f1a0 Uncommon trap: trap_request=0xffffff3d fr.pc=0x00007f6974272138 relative=0x0000000000000198
Event: 85.555 Thread 0x00007f6984a8f1a0 Uncommon trap: reason=unstable_fused_if action=reinterpret pc=0x00007f6974272138 method=org.mozilla.javascript.ContextFactory.hasFeature(Lorg/mozilla/javascript/Context;I)Z @ 1 c2
Event: 85.555 Thread 0x00007f6984a8f1a0 DEOPT PACKING pc=0x00007f6974272138 sp=0x00007f69594f6500
Event: 85.555 Thread 0x00007f6984a8f1a0 DEOPT UNPACKING pc=0x00007f697398af99 sp=0x00007f69594f64a0 mode 2
Event: 85.562 Thread 0x00007f6984019f50 Uncommon trap: trap_request=0xffffff66 fr.pc=0x00007f6974077f04 relative=0x0000000000000064
Event: 85.562 Thread 0x00007f6984019f50 Uncommon trap: reason=speculate_class_check action=maybe_recompile pc=0x00007f6974077f04 method=java.lang.invoke.Invokers$Holder.linkToTargetMethod(Ljava/lang/Object;Ljava/lang/Object;)Ljava/lang/Object; @ 1 c2
Event: 85.562 Thread 0x00007f6984019f50 DEOPT PACKING pc=0x00007f6974077f04 sp=0x00007f698b5fe150
Event: 85.562 Thread 0x00007f6984019f50 DEOPT UNPACKING pc=0x00007f697398af99 sp=0x00007f698b5fe110 mode 2
Event: 85.562 Thread 0x00007f6984019f50 Uncommon trap: trap_request=0xffffff66 fr.pc=0x00007f6974077f04 relative=0x0000000000000064
Event: 85.562 Thread 0x00007f6984019f50 Uncommon trap: reason=speculate_class_check action=maybe_recompile pc=0x00007f6974077f04 method=java.lang.invoke.Invokers$Holder.linkToTargetMethod(Ljava/lang/Object;Ljava/lang/Object;)Ljava/lang/Object; @ 1 c2
Event: 85.562 Thread 0x00007f6984019f50 DEOPT PACKING pc=0x00007f6974077f04 sp=0x00007f698b5fdf70
Event: 85.562 Thread 0x00007f6984019f50 DEOPT UNPACKING pc=0x00007f697398af99 sp=0x00007f698b5fdf30 mode 2
Event: 85.562 Thread 0x00007f6984019f50 Uncommon trap: trap_request=0xffffff66 fr.pc=0x00007f6974077f04 relative=0x0000000000000064
Event: 85.562 Thread 0x00007f6984019f50 Uncommon trap: reason=speculate_class_check action=maybe_recompile pc=0x00007f6974077f04 method=java.lang.invoke.Invokers$Holder.linkToTargetMethod(Ljava/lang/Object;Ljava/lang/Object;)Ljava/lang/Object; @ 1 c2
Event: 85.562 Thread 0x00007f6984019f50 DEOPT PACKING pc=0x00007f6974077f04 sp=0x00007f698b5fe0c0
Event: 85.562 Thread 0x00007f6984019f50 DEOPT UNPACKING pc=0x00007f697398af99 sp=0x00007f698b5fe080 mode 2
Event: 85.562 Thread 0x00007f6984019f50 Uncommon trap: trap_request=0xffffff66 fr.pc=0x00007f6974077f04 relative=0x0000000000000064
Event: 85.562 Thread 0x00007f6984019f50 Uncommon trap: reason=speculate_class_check action=maybe_recompile pc=0x00007f6974077f04 method=java.lang.invoke.Invokers$Holder.linkToTargetMethod(Ljava/lang/Object;Ljava/lang/Object;)Ljava/lang/Object; @ 1 c2
Event: 85.562 Thread 0x00007f6984019f50 DEOPT PACKING pc=0x00007f6974077f04 sp=0x00007f698b5fe0c0
Event: 85.562 Thread 0x00007f6984019f50 DEOPT UNPACKING pc=0x00007f697398af99 sp=0x00007f698b5fe080 mode 2

Classes loaded (20 events):
Event: 85.557 Loading class java/util/WeakHashMap$HashIterator done
Event: 85.557 Loading class java/util/WeakHashMap$KeyIterator done
Event: 85.559 Loading class java/net/UnknownHostException
Event: 85.559 Loading class java/net/UnknownHostException done
Event: 85.561 Loading class jdk/internal/logger/LazyLoggers
Event: 85.561 Loading class jdk/internal/logger/LazyLoggers done
Event: 85.561 Loading class jdk/internal/logger/LazyLoggers$1
Event: 85.561 Loading class jdk/internal/logger/LazyLoggers$1 done
Event: 85.561 Loading class jdk/internal/logger/LazyLoggers$LazyLoggerFactories
Event: 85.561 Loading class jdk/internal/logger/LazyLoggers$LazyLoggerFactories done
Event: 85.562 Loading class jdk/internal/logger/LoggerFinderLoader
Event: 85.562 Loading class jdk/internal/logger/LoggerFinderLoader done
Event: 85.562 Loading class jdk/internal/logger/LoggerFinderLoader$TemporaryLoggerFinder
Event: 85.562 Loading class jdk/internal/logger/LoggerFinderLoader$TemporaryLoggerFinder done
Event: 85.562 Loading class sun/util/logging/internal/LoggingProviderImpl$JULWrapper
Event: 85.562 Loading class sun/util/logging/PlatformLogger$ConfigurableBridge$LoggerConfiguration
Event: 85.562 Loading class sun/util/logging/PlatformLogger$ConfigurableBridge$LoggerConfiguration done
Event: 85.562 Loading class sun/util/logging/internal/LoggingProviderImpl$JULWrapper done
Event: 85.562 Loading class java/lang/System$Logger$Level
Event: 85.562 Loading class java/lang/System$Logger$Level done

Classes unloaded (0 events):
No events

Classes redefined (0 events):
No events

Internal exceptions (20 events):
Event: 1.116 Thread 0x00007f6984a8f1a0 Exception <a 'java/lang/NoSuchMethodError'{0x000000071471e4f0}: 'void java.lang.System.loadLibrary(java.lang.String, java.lang.Class)'> (0x000000071471e4f0) 
thrown [/usr/src/debug/java21-openjdk/jdk21u-jdk-21.0.11-10/src/hotspot/share/interpreter/linkResolver.cpp, line 772]
Event: 1.137 Thread 0x00007f6984a8f1a0 Exception <a 'java/lang/NoSuchMethodError'{0x000000071479fd98}: 'int java.lang.invoke.DirectMethodHandle$Holder.invokeStaticInit(java.lang.Object, java.lang.Object, int, long)'> (0x000000071479fd98) 
thrown [/usr/src/debug/java21-openjdk/jdk21u-jdk-21.0.11-10/src/hotspot/share/interpreter/linkResolver.cpp, line 772]
Event: 1.138 Thread 0x00007f6984a8f1a0 Exception <a 'java/lang/NoSuchMethodError'{0x00000007147a4df0}: 'java.lang.Object java.lang.invoke.DirectMethodHandle$Holder.newInvokeSpecial(java.lang.Object, java.lang.Object, int)'> (0x00000007147a4df0) 
thrown [/usr/src/debug/java21-openjdk/jdk21u-jdk-21.0.11-10/src/hotspot/share/interpreter/linkResolver.cpp, line 772]
Event: 1.138 Thread 0x00007f6984a8f1a0 Exception <a 'java/lang/NoSuchMethodError'{0x00000007147b2f58}: 'int java.lang.invoke.DirectMethodHandle$Holder.invokeStaticInit(java.lang.Object, java.lang.Object, long, long)'> (0x00000007147b2f58) 
thrown [/usr/src/debug/java21-openjdk/jdk21u-jdk-21.0.11-10/src/hotspot/share/interpreter/linkResolver.cpp, line 772]
Event: 1.138 Thread 0x00007f6984a8f1a0 Exception <a 'java/lang/NoSuchMethodError'{0x00000007147b8700}: 'java.lang.Object java.lang.invoke.DirectMethodHandle$Holder.newInvokeSpecial(java.lang.Object, java.lang.Object, long)'> (0x00000007147b8700) 
thrown [/usr/src/debug/java21-openjdk/jdk21u-jdk-21.0.11-10/src/hotspot/share/interpreter/linkResolver.cpp, line 772]
Event: 1.139 Thread 0x00007f6984a8f1a0 Exception <a 'java/lang/NoSuchMethodError'{0x00000007147bc368}: 'java.lang.Object java.lang.invoke.Invokers$Holder.linkToTargetMethod(java.lang.Object, long, java.lang.Object)'> (0x00000007147bc368) 
thrown [/usr/src/debug/java21-openjdk/jdk21u-jdk-21.0.11-10/src/hotspot/share/interpreter/linkResolver.cpp, line 772]
Event: 1.139 Thread 0x00007f6984a8f1a0 Exception <a 'java/lang/NoSuchMethodError'{0x00000007147c8ff0}: 'int java.lang.invoke.DirectMethodHandle$Holder.invokeStaticInit(java.lang.Object, java.lang.Object, java.lang.Object, long)'> (0x00000007147c8ff0) 
thrown [/usr/src/debug/java21-openjdk/jdk21u-jdk-21.0.11-10/src/hotspot/share/interpreter/linkResolver.cpp, line 772]
Event: 1.152 Thread 0x00007f6984a8f1a0 Exception <a 'java/lang/NoSuchMethodError'{0x0000000714468030}: 'int java.lang.invoke.Invokers$Holder.invokeExact_MT(java.lang.Object, java.lang.Object)'> (0x0000000714468030) 
thrown [/usr/src/debug/java21-openjdk/jdk21u-jdk-21.0.11-10/src/hotspot/share/interpreter/linkResolver.cpp, line 772]
Event: 1.280 Thread 0x00007f6984a8f1a0 Exception <a 'java/lang/NoSuchMethodError'{0x00000007144cf3f8}: 'void java.lang.System.load(java.lang.String, java.lang.Class)'> (0x00000007144cf3f8) 
thrown [/usr/src/debug/java21-openjdk/jdk21u-jdk-21.0.11-10/src/hotspot/share/interpreter/linkResolver.cpp, line 772]
Event: 1.280 Thread 0x00007f6984a8f1a0 Exception <a 'java/lang/NoSuchMethodError'{0x00000007144d1e28}: 'void java.lang.System.loadLibrary(java.lang.String, java.lang.Class)'> (0x00000007144d1e28) 
thrown [/usr/src/debug/java21-openjdk/jdk21u-jdk-21.0.11-10/src/hotspot/share/interpreter/linkResolver.cpp, line 772]
Event: 1.282 Thread 0x00007f6984a8f1a0 Implicit null exception at 0x00007f6974053001 to 0x00007f6974053a2c
Event: 2.660 Thread 0x00007f6984a8f1a0 Exception <a 'java/lang/NoSuchMethodError'{0x00000007085a43b8}: 'java.lang.Object java.lang.invoke.DirectMethodHandle$Holder.newInvokeSpecial(java.lang.Object, java.lang.Object, java.lang.Object, java.lang.Object, java.lang.Object, java.lang.Object, java.lang.Object, java.lang.Object, java.lang.Object, java.lang.Object, java.lang.Object)'> (0x00000007085a43b8) 
thrown [/usr/src/debug/java21-openjdk/jdk21u-jdk-21.0.11-10/src/hotspot/share/interpreter/linkResolver.cpp, line 772]
Event: 2.727 Thread 0x00007f6984a8f1a0 Exception <a 'java/lang/NoSuchMethodError'{0x0000000707fc9698}: 'java.lang.Object java.lang.invoke.DirectMethodHandle$Holder.invokeStaticInit(java.lang.Object, java.lang.Object, java.lang.Object, java.lang.Object, java.lang.Object)'> (0x0000000707fc9698) 
thrown [/usr/src/debug/java21-openjdk/jdk21u-jdk-21.0.11-10/src/hotspot/share/interpreter/linkResolver.cpp, line 772]
Event: 3.421 Thread 0x00007f6984a8f1a0 Exception <a 'java/lang/NoSuchMethodError'{0x0000000707820f60}: 'double java.lang.invoke.DelegatingMethodHandle$Holder.reinvoke_L(java.lang.Object, java.lang.Object)'> (0x0000000707820f60) 
thrown [/usr/src/debug/java21-openjdk/jdk21u-jdk-21.0.11-10/src/hotspot/share/interpreter/linkResolver.cpp, line 772]
Event: 3.421 Thread 0x00007f6984a8f1a0 Exception <a 'java/lang/NoSuchMethodError'{0x0000000707827840}: 'double java.lang.invoke.Invokers$Holder.invokeExact_MT(java.lang.Object, java.lang.Object, java.lang.Object)'> (0x0000000707827840) 
thrown [/usr/src/debug/java21-openjdk/jdk21u-jdk-21.0.11-10/src/hotspot/share/interpreter/linkResolver.cpp, line 772]
Event: 3.422 Thread 0x00007f6984a8f1a0 Exception <a 'java/lang/NoSuchMethodError'{0x000000070782d8d8}: 'java.lang.Object java.lang.invoke.DirectMethodHandle$Holder.invokeVirtual(java.lang.Object, java.lang.Object, java.lang.Object, java.lang.Object)'> (0x000000070782d8d8) 
thrown [/usr/src/debug/java21-openjdk/jdk21u-jdk-21.0.11-10/src/hotspot/share/interpreter/linkResolver.cpp, line 772]
Event: 6.159 Thread 0x00007f6984a8f1a0 Exception <a 'java/lang/NoSuchMethodError'{0x000000070bbe77e0}: 'double java.lang.invoke.DirectMethodHandle$Holder.invokeStatic(java.lang.Object, java.lang.Object)'> (0x000000070bbe77e0) 
thrown [/usr/src/debug/java21-openjdk/jdk21u-jdk-21.0.11-10/src/hotspot/share/interpreter/linkResolver.cpp, line 772]
Event: 40.838 Thread 0x00007f6984a8f1a0 Exception <a 'java/lang/NoSuchMethodError'{0x000000070cbc3130}: 'double java.lang.invoke.DelegatingMethodHandle$Holder.reinvoke_L(java.lang.Object, java.lang.Object, int)'> (0x000000070cbc3130) 
thrown [/usr/src/debug/java21-openjdk/jdk21u-jdk-21.0.11-10/src/hotspot/share/interpreter/linkResolver.cpp, line 772]
Event: 40.838 Thread 0x00007f6984a8f1a0 Exception <a 'java/lang/NoSuchMethodError'{0x000000070cbcd038}: 'java.lang.Object java.lang.invoke.DelegatingMethodHandle$Holder.reinvoke_L(java.lang.Object, java.lang.Object, java.lang.Object, double, double)'> (0x000000070cbcd038) 
thrown [/usr/src/debug/java21-openjdk/jdk21u-jdk-21.0.11-10/src/hotspot/share/interpreter/linkResolver.cpp, line 772]
Event: 55.520 Thread 0x00007f6984a8f1a0 Exception <a 'java/lang/NoSuchMethodError'{0x000000070cc66f78}: 'int java.lang.invoke.Invokers$Holder.invokeExact_MT(java.lang.Object, java.lang.Object, java.lang.Object)'> (0x000000070cc66f78) 
thrown [/usr/src/debug/java21-openjdk/jdk21u-jdk-21.0.11-10/src/hotspot/share/interpreter/linkResolver.cpp, line 772]

ZGC Phase Switch (0 events):
No events

VM Operations (20 events):
Event: 51.636 Executing safepoint VM operation: Cleanup done
Event: 52.636 Executing safepoint VM operation: Cleanup
Event: 52.636 Executing safepoint VM operation: Cleanup done
Event: 54.636 Executing safepoint VM operation: Cleanup
Event: 54.636 Executing safepoint VM operation: Cleanup done
Event: 55.636 Executing safepoint VM operation: Cleanup
Event: 55.636 Executing safepoint VM operation: Cleanup done
Event: 58.637 Executing safepoint VM operation: Cleanup
Event: 58.637 Executing safepoint VM operation: Cleanup done
Event: 60.039 Executing non-safepoint VM operation: HandshakeAllThreads (HandshakeForDeflation)
Event: 60.039 Executing non-safepoint VM operation: HandshakeAllThreads (HandshakeForDeflation) done
Event: 60.039 Executing non-safepoint VM operation: RendezvousGCThreads
Event: 60.039 Executing non-safepoint VM operation: RendezvousGCThreads done
Event: 76.336 Executing safepoint VM operation: G1CollectForAllocation (G1 Evacuation Pause)
Event: 76.339 Executing safepoint VM operation: G1CollectForAllocation (G1 Evacuation Pause) done
Event: 83.941 Executing safepoint VM operation: G1TryInitiateConcMark (G1 Humongous Allocation)
Event: 83.943 Executing safepoint VM operation: G1TryInitiateConcMark (G1 Humongous Allocation) done
Event: 84.943 Executing safepoint VM operation: Cleanup
Event: 84.943 Executing safepoint VM operation: Cleanup done
Event: 85.563 Executing safepoint VM operation: Exit

Memory protections (20 events):
Event: 5.457 Protecting memory [0x00007f69680bc000,0x00007f69680c0000] with protection modes 0
Event: 6.106 Protecting memory [0x00007f69680bc000,0x00007f69680c0000] with protection modes 0
Event: 9.423 Protecting memory [0x00007f69680bc000,0x00007f69680c0000] with protection modes 0
Event: 26.423 Protecting memory [0x00007f69680bc000,0x00007f69680c0000] with protection modes 0
Event: 27.974 Protecting memory [0x00007f69680bc000,0x00007f69680c0000] with protection modes 0
Event: 30.507 Protecting memory [0x00007f69680bc000,0x00007f69680c0000] with protection modes 0
Event: 31.378 Protecting memory [0x00007f69680bc000,0x00007f69680c0000] with protection modes 0
Event: 33.773 Protecting memory [0x00007f69680bc000,0x00007f69680c0000] with protection modes 0
Event: 34.361 Protecting memory [0x00007f69680bc000,0x00007f69680c0000] with protection modes 0
Event: 37.660 Protecting memory [0x00007f69680bc000,0x00007f69680c0000] with protection modes 0
Event: 38.077 Protecting memory [0x00007f69680bc000,0x00007f69680c0000] with protection modes 0
Event: 40.011 Protecting memory [0x00007f69680bc000,0x00007f69680c0000] with protection modes 0
Event: 41.288 Protecting memory [0x00007f69680bc000,0x00007f69680c0000] with protection modes 0
Event: 45.026 Protecting memory [0x00007f69680bc000,0x00007f69680c0000] with protection modes 0
Event: 46.013 Protecting memory [0x00007f69680bc000,0x00007f69680c0000] with protection modes 0
Event: 46.705 Protecting memory [0x00007f69680bc000,0x00007f69680c0000] with protection modes 0
Event: 52.363 Protecting memory [0x00007f69680bc000,0x00007f69680c0000] with protection modes 0
Event: 54.007 Protecting memory [0x00007f69680bc000,0x00007f69680c0000] with protection modes 0
Event: 57.805 Protecting memory [0x00007f69680bc000,0x00007f69680c0000] with protection modes 0
Event: 85.562 Protecting memory [0x00007f69594fa000,0x00007f69594fe000] with protection modes 0

Nmethod flushes (0 events):
No events

Events (20 events):
Event: 40.388 Thread 0x00007f68ec5def10 Thread exited: 0x00007f68ec5def10
Event: 41.288 Thread 0x00007f6984155a50 Thread added: 0x00007f68e0014740
Event: 42.005 Thread 0x00007f68e0014740 Thread exited: 0x00007f68e0014740
Event: 45.026 Thread 0x00007f6984154380 Thread added: 0x00007f68ec7fe0f0
Event: 45.854 Thread 0x00007f68ec7fe0f0 Thread exited: 0x00007f68ec7fe0f0
Event: 46.013 Thread 0x00007f6984155a50 Thread added: 0x00007f68e0117980
Event: 46.454 Thread 0x00007f68e0117980 Thread exited: 0x00007f68e0117980
Event: 46.705 Thread 0x00007f6984155a50 Thread added: 0x00007f68e02a50f0
Event: 47.188 Thread 0x00007f68e02a50f0 Thread exited: 0x00007f68e02a50f0
Event: 52.363 Thread 0x00007f6984154380 Thread added: 0x00007f68ec2bfcc0
Event: 54.004 Thread 0x00007f68ec2bfcc0 Thread exited: 0x00007f68ec2bfcc0
Event: 54.007 Thread 0x00007f6984155a50 Thread added: 0x00007f68e01234e0
Event: 56.086 Thread 0x00007f68e01234e0 Thread exited: 0x00007f68e01234e0
Event: 57.804 Thread 0x00007f6984155a50 Thread added: 0x00007f68e0125480
Event: 57.937 Thread 0x00007f68e0125480 Thread exited: 0x00007f68e0125480
Event: 61.101 Thread 0x00007f68b8000f50 Thread exited: 0x00007f68b8000f50
Event: 85.557 Thread 0x00007f6984a8f1a0 Thread exited: 0x00007f6984a8f1a0
Event: 85.562 Thread 0x00007f6984019f50 Thread added: 0x00007f6984168260
Event: 85.563 Thread 0x00007f6984168260 Thread exited: 0x00007f6984168260
Event: 85.563 Thread 0x00007f6984019f50 Before exit entered


Dynamic libraries:
40e2a000-40ed9000 rw-p 00000000 00:00 0 
413b8000-413ba000 r-xs 00000000 00:01 2997                               /memfd:/.glXXXXXX (deleted)
707000000-70da00000 rw-p 00000000 00:00 0 
70da00000-712600000 ---p 00000000 00:00 0 
712600000-712c00000 rw-p 00000000 00:00 0 
712c00000-713400000 ---p 00000000 00:00 0 
713400000-713a00000 rw-p 00000000 00:00 0 
713a00000-716800000 ---p 00000000 00:00 0 
716800000-716a00000 rw-p 00000000 00:00 0 
716a00000-7ff200000 ---p 00000000 00:00 0 
7ff200000-7ffe00000 rw-p 00000000 00:00 0 
7ffe00000-7fff0d000 rw-p 00cda000 00:20 776305                           /usr/lib/jvm/java-21-openjdk/lib/server/classes.jsa
7fff0d000-800000000 rw-p 00000000 00:00 0 
5649a0d0b000-5649a0d0c000 r--p 00000000 00:20 776031                     /usr/lib/jvm/java-21-openjdk/bin/java
5649a0d0c000-5649a0d0d000 r-xp 00001000 00:20 776031                     /usr/lib/jvm/java-21-openjdk/bin/java
5649a0d0d000-5649a0d0e000 r--p 00002000 00:20 776031                     /usr/lib/jvm/java-21-openjdk/bin/java
5649a0d0e000-5649a0d0f000 r--p 00002000 00:20 776031                     /usr/lib/jvm/java-21-openjdk/bin/java
5649a0d0f000-5649a0d10000 rw-p 00003000 00:20 776031                     /usr/lib/jvm/java-21-openjdk/bin/java
5649b73b5000-5649b73fc000 rw-p 00000000 00:00 0                          [heap]
7f6880000000-7f6881d13000 rw-p 00000000 00:00 0 
7f6881d13000-7f6884000000 ---p 00000000 00:00 0 
7f6884000000-7f6884021000 rw-p 00000000 00:00 0 
7f6884021000-7f6888000000 ---p 00000000 00:00 0 
7f6888974000-7f688a7c8000 rw-p 00000000 00:00 0 
7f688a7c8000-7f688abc8000 rw-s 00000000 00:07 911                        /dev/nvidiactl
7f688abc8000-7f688c021000 rw-p 00000000 00:00 0 
7f688c021000-7f6890000000 ---p 00000000 00:00 0 
7f6890000000-7f6890400000 rw-s 00000000 00:07 911                        /dev/nvidiactl
7f6890400000-7f6890600000 rw-s 00000000 00:07 911                        /dev/nvidiactl
7f6890600000-7f6890800000 rw-s 00000000 00:07 911                        /dev/nvidiactl
7f6890800000-7f6890a00000 rw-s 00000000 00:07 911                        /dev/nvidiactl
7f6890a00000-7f6890c00000 rw-s 00000000 00:07 911                        /dev/nvidiactl
7f6890c00000-7f6891e96000 r--p 00000000 00:20 125631                     /usr/share/fonts/noto-cjk/NotoSansCJK-Regular.ttc
7f6892000000-7f68923f2000 r--s 00000000 00:20 9792                       /var/cache/fontconfig/923e285e415b1073c8df160bee08820f-le64.cache-11
7f6892400000-7f689295b000 r--p 00000000 00:20 879929                     /usr/lib/libLLVM.so.22.1
7f689295b000-7f689860a000 r-xp 0055b000 00:20 879929                     /usr/lib/libLLVM.so.22.1
7f689860a000-7f689c558000 r--p 0620a000 00:20 879929                     /usr/lib/libLLVM.so.22.1
7f689c558000-7f689c774000 r--p 0a158000 00:20 879929                     /usr/lib/libLLVM.so.22.1
7f689c774000-7f689c77e000 rw-p 0a374000 00:20 879929                     /usr/lib/libLLVM.so.22.1
7f689c77e000-7f689c84e000 rw-p 00000000 00:00 0 
7f689ca00000-7f689ca1a000 r--p 00000000 00:20 880067                     /usr/lib/libgallium-26.1.2-arch1.1.so
7f689ca1a000-7f689e9d1000 r-xp 0001a000 00:20 880067                     /usr/lib/libgallium-26.1.2-arch1.1.so
7f689e9d1000-7f689fbc2000 r--p 01fd1000 00:20 880067                     /usr/lib/libgallium-26.1.2-arch1.1.so
7f689fbc2000-7f689fd33000 r--p 031c1000 00:20 880067                     /usr/lib/libgallium-26.1.2-arch1.1.so
7f689fd33000-7f689fd69000 rw-p 03332000 00:20 880067                     /usr/lib/libgallium-26.1.2-arch1.1.so
7f689fd69000-7f689ff36000 rw-p 00000000 00:00 0 
7f68a0000000-7f68a0021000 rw-p 00000000 00:00 0 
7f68a0021000-7f68a4000000 ---p 00000000 00:00 0 
7f68a40e3000-7f68a4163000 rw-s 00000000 00:07 911                        /dev/nvidiactl
7f68a4163000-7f68a4181000 r--p 00000000 00:20 816823                     /usr/lib/libglib-2.0.so.0.8800.1
7f68a4181000-7f68a422f000 r-xp 0001e000 00:20 816823                     /usr/lib/libglib-2.0.so.0.8800.1
7f68a422f000-7f68a42c3000 r--p 000cc000 00:20 816823                     /usr/lib/libglib-2.0.so.0.8800.1
7f68a42c3000-7f68a42c4000 r--p 00160000 00:20 816823                     /usr/lib/libglib-2.0.so.0.8800.1
7f68a42c4000-7f68a42c5000 rw-p 00161000 00:20 816823                     /usr/lib/libglib-2.0.so.0.8800.1
7f68a42c5000-7f68a42c6000 rw-p 00000000 00:00 0 
7f68a42c6000-7f68a42d3000 r--p 00000000 00:20 878112                     /usr/lib/libharfbuzz.so.0.61421.0
7f68a42d3000-7f68a43c9000 r-xp 0000d000 00:20 878112                     /usr/lib/libharfbuzz.so.0.61421.0
7f68a43c9000-7f68a43fd000 r--p 00103000 00:20 878112                     /usr/lib/libharfbuzz.so.0.61421.0
7f68a43fd000-7f68a43ff000 r--p 00136000 00:20 878112                     /usr/lib/libharfbuzz.so.0.61421.0
7f68a43ff000-7f68a4400000 rw-p 00138000 00:20 878112                     /usr/lib/libharfbuzz.so.0.61421.0
7f68a4400000-7f68a6394000 r--p 00000000 00:20 539014                     /usr/lib/libicudata.so.78.3
7f68a6394000-7f68a6395000 r--p 01f93000 00:20 539014                     /usr/lib/libicudata.so.78.3
7f68a6400000-7f68a6448000 r--p 00000000 00:20 539029                     /usr/lib/libicuuc.so.78.3
7f68a6448000-7f68a6565000 r-xp 00048000 00:20 539029                     /usr/lib/libicuuc.so.78.3
7f68a6565000-7f68a65f8000 r--p 00165000 00:20 539029                     /usr/lib/libicuuc.so.78.3
7f68a65f8000-7f68a660b000 r--p 001f8000 00:20 539029                     /usr/lib/libicuuc.so.78.3
7f68a660b000-7f68a660c000 rw-p 0020b000 00:20 539029                     /usr/lib/libicuuc.so.78.3
7f68a660c000-7f68a660e000 rw-p 00000000 00:00 0 
7f68a662f000-7f68a6632000 r--p 00000000 00:20 43121                      /usr/lib/libpcre2-8.so.0.15.0
7f68a6632000-7f68a66b0000 r-xp 00003000 00:20 43121                      /usr/lib/libpcre2-8.so.0.15.0
7f68a66b0000-7f68a66db000 r--p 00081000 00:20 43121                      /usr/lib/libpcre2-8.so.0.15.0
7f68a66db000-7f68a66dc000 r--p 000ab000 00:20 43121                      /usr/lib/libpcre2-8.so.0.15.0
7f68a66dc000-7f68a66dd000 rw-p 000ac000 00:20 43121                      /usr/lib/libpcre2-8.so.0.15.0
7f68a66dd000-7f68a67de000 rw-p 00000000 00:00 0 
7f68a67de000-7f68a67f8000 r--p 00000000 00:20 550973                     /usr/lib/libxml2.so.16.1.3
7f68a67f8000-7f68a68cc000 r-xp 0001a000 00:20 550973                     /usr/lib/libxml2.so.16.1.3
7f68a68cc000-7f68a6909000 r--p 000ee000 00:20 550973                     /usr/lib/libxml2.so.16.1.3
7f68a6909000-7f68a6912000 r--p 0012b000 00:20 550973                     /usr/lib/libxml2.so.16.1.3
7f68a6912000-7f68a6913000 rw-p 00134000 00:20 550973                     /usr/lib/libxml2.so.16.1.3
7f68a6913000-7f68a6914000 rw-p 00000000 00:00 0 
7f68a6914000-7f68a692b000 r--p 00000000 00:20 879981                     /usr/lib/libSPIRV-Tools.so
7f68a692b000-7f68a6a57000 r-xp 00017000 00:20 879981                     /usr/lib/libSPIRV-Tools.so
7f68a6a57000-7f68a6ad9000 r--p 00143000 00:20 879981                     /usr/lib/libSPIRV-Tools.so
7f68a6ad9000-7f68a6adc000 r--p 001c5000 00:20 879981                     /usr/lib/libSPIRV-Tools.so
7f68a6adc000-7f68a6add000 rw-p 001c8000 00:20 879981                     /usr/lib/libSPIRV-Tools.so
7f68a6add000-7f68a73ff000 rw-p 00000000 00:00 0 
7f68a73ff000-7f68a7c00000 rw-p 00000000 00:00 0 
7f68a7c00000-7f68a7e42000 r--p 00000000 00:20 741868                     /usr/lib/libnvidia-eglcore.so.580.142
7f68a7e42000-7f68a8b06000 r-xp 00242000 00:20 741868                     /usr/lib/libnvidia-eglcore.so.580.142
7f68a8b06000-7f68a9ba8000 r--p 00f06000 00:20 741868                     /usr/lib/libnvidia-eglcore.so.580.142
7f68a9ba8000-7f68a9d20000 r--p 01fa7000 00:20 741868                     /usr/lib/libnvidia-eglcore.so.580.142
7f68a9d20000-7f68a9d74000 rw-p 0211f000 00:20 741868                     /usr/lib/libnvidia-eglcore.so.580.142
7f68a9d74000-7f68a9d8a000 rw-p 00000000 00:00 0 
7f68a9e00000-7f68a9ec5000 r--p 00000000 00:31 11648                      /tmp/skija_0.143.16_x64/libskija.so
7f68a9ec5000-7f68aabf5000 r-xp 000c5000 00:31 11648                      /tmp/skija_0.143.16_x64/libskija.so
7f68aabf5000-7f68ab88e000 r--p 00df5000 00:31 11648                      /tmp/skija_0.143.16_x64/libskija.so
7f68ab88e000-7f68ab8ca000 r--p 01a8d000 00:31 11648                      /tmp/skija_0.143.16_x64/libskija.so
7f68ab8ca000-7f68ab8ce000 rw-p 01ac9000 00:31 11648                      /tmp/skija_0.143.16_x64/libskija.so
7f68ab8ce000-7f68ab8d7000 rw-p 00000000 00:00 0 
7f68ab8ff000-7f68ab900000 rw-p 00000000 00:00 0 
7f68ab900000-7f68ab904000 ---p 00000000 00:00 0 
7f68ab904000-7f68aba00000 rw-p 00000000 00:00 0 
7f68aba00000-7f68abcab000 r--p 00000000 00:20 741882                     /usr/lib/libnvidia-gpucomp.so.580.142
7f68abcab000-7f68aed99000 r-xp 002ab000 00:20 741882                     /usr/lib/libnvidia-gpucomp.so.580.142
7f68aed99000-7f68afc09000 r--p 03399000 00:20 741882                     /usr/lib/libnvidia-gpucomp.so.580.142
7f68afc09000-7f68afc0a000 ---p 04209000 00:20 741882                     /usr/lib/libnvidia-gpucomp.so.580.142
7f68afc0a000-7f68afde1000 r--p 04209000 00:20 741882                     /usr/lib/libnvidia-gpucomp.so.580.142
7f68afde1000-7f68afeec000 rw-p 043e0000 00:20 741882                     /usr/lib/libnvidia-gpucomp.so.580.142
7f68afeec000-7f68aff8c000 rw-p 00000000 00:00 0 
7f68affd7000-7f68b0000000 r--s 00000000 00:20 9748                       /var/cache/fontconfig/f2e43df3287529323e79e7929dc44cc9-le64.cache-11
7f68b0000000-7f68b25d1000 rw-p 00000000 00:00 0 
7f68b25d1000-7f68b4000000 ---p 00000000 00:00 0 
7f68b4000000-7f68b4f28000 rw-p 00000000 00:00 0 
7f68b4f28000-7f68b8000000 ---p 00000000 00:00 0 
7f68b8000000-7f68b8021000 rw-p 00000000 00:00 0 
7f68b8021000-7f68bc000000 ---p 00000000 00:00 0 
7f68bc000000-7f68bc021000 rw-p 00000000 00:00 0 
7f68bc021000-7f68c0000000 ---p 00000000 00:00 0 
7f68c0000000-7f68c0021000 rw-p 00000000 00:00 0 
7f68c0021000-7f68c4000000 ---p 00000000 00:00 0 
7f68c4000000-7f68c4021000 rw-p 00000000 00:00 0 
7f68c4021000-7f68c8000000 ---p 00000000 00:00 0 
7f68c8000000-7f68c8021000 rw-p 00000000 00:00 0 
7f68c8021000-7f68cc000000 ---p 00000000 00:00 0 
7f68cc000000-7f68cc021000 rw-p 00000000 00:00 0 
7f68cc021000-7f68d0000000 ---p 00000000 00:00 0 
7f68d0000000-7f68d0024000 rw-p 00000000 00:00 0 
7f68d0024000-7f68d4000000 ---p 00000000 00:00 0 
7f68d4000000-7f68d4022000 rw-p 00000000 00:00 0 
7f68d4022000-7f68d8000000 ---p 00000000 00:00 0 
7f68d8000000-7f68d8021000 rw-p 00000000 00:00 0 
7f68d8021000-7f68dc000000 ---p 00000000 00:00 0 
7f68dc000000-7f68dd372000 rw-p 00000000 00:00 0 
7f68dd372000-7f68e0000000 ---p 00000000 00:00 0 
7f68e0000000-7f68e0986000 rw-p 00000000 00:00 0 
7f68e0986000-7f68e4000000 ---p 00000000 00:00 0 
7f68e4000000-7f68e4021000 rw-p 00000000 00:00 0 
7f68e4021000-7f68e8000000 ---p 00000000 00:00 0 
7f68e8000000-7f68e8021000 rw-p 00000000 00:00 0 
7f68e8021000-7f68ec000000 ---p 00000000 00:00 0 
7f68ec000000-7f68efffb000 rw-p 00000000 00:00 0 
7f68efffb000-7f68f0000000 ---p 00000000 00:00 0 
7f68f0000000-7f68f0021000 rw-p 00000000 00:00 0 
7f68f0021000-7f68f4000000 ---p 00000000 00:00 0 
7f68f4000000-7f68f4021000 rw-p 00000000 00:00 0 
7f68f4021000-7f68f8000000 ---p 00000000 00:00 0 
7f68f8000000-7f68f8021000 rw-p 00000000 00:00 0 
7f68f8021000-7f68fc000000 ---p 00000000 00:00 0 
7f68fc000000-7f68fc021000 rw-p 00000000 00:00 0 
7f68fc021000-7f6900000000 ---p 00000000 00:00 0 
7f6900000000-7f6900021000 rw-p 00000000 00:00 0 
7f6900021000-7f6904000000 ---p 00000000 00:00 0 
7f6904004000-7f6904021000 r--s 00000000 00:20 9736                       /var/cache/fontconfig/f6b893a7224233d96cb72fd88691c0b4-le64.cache-11
7f6904021000-7f6904023000 r--p 00000000 00:20 878041                     /usr/lib/libgraphite2.so.3.3.1
7f6904023000-7f690403c000 r-xp 00002000 00:20 878041                     /usr/lib/libgraphite2.so.3.3.1
7f690403c000-7f6904041000 r--p 0001b000 00:20 878041                     /usr/lib/libgraphite2.so.3.3.1
7f6904041000-7f6904043000 r--p 0001f000 00:20 878041                     /usr/lib/libgraphite2.so.3.3.1
7f6904043000-7f6904044000 rw-p 00021000 00:20 878041                     /usr/lib/libgraphite2.so.3.3.1
7f6904044000-7f6904051000 r--p 00000000 00:20 535195                     /usr/lib/libncursesw.so.6.6
7f6904051000-7f6904099000 r-xp 0000d000 00:20 535195                     /usr/lib/libncursesw.so.6.6
7f6904099000-7f69040af000 r--p 00055000 00:20 535195                     /usr/lib/libncursesw.so.6.6
7f69040af000-7f69040b4000 r--p 0006a000 00:20 535195                     /usr/lib/libncursesw.so.6.6
7f69040b4000-7f69040b5000 rw-p 0006f000 00:20 535195                     /usr/lib/libncursesw.so.6.6
7f69040b5000-7f69040c1000 r--p 00000000 00:20 329226                     /usr/lib/libzstd.so.1.5.7
7f69040c1000-7f6904188000 r-xp 0000c000 00:20 329226                     /usr/lib/libzstd.so.1.5.7
7f6904188000-7f6904199000 r--p 000d3000 00:20 329226                     /usr/lib/libzstd.so.1.5.7
7f6904199000-7f690419a000 r--p 000e4000 00:20 329226                     /usr/lib/libzstd.so.1.5.7
7f690419a000-7f690419b000 rw-p 000e5000 00:20 329226                     /usr/lib/libzstd.so.1.5.7
7f690419b000-7f69041cf000 r--p 00000000 00:20 741840                     /usr/lib/libEGL_nvidia.so.580.142
7f69041cf000-7f6904266000 r-xp 00034000 00:20 741840                     /usr/lib/libEGL_nvidia.so.580.142
7f6904266000-7f69042ba000 r--p 000cb000 00:20 741840                     /usr/lib/libEGL_nvidia.so.580.142
7f69042ba000-7f69042bb000 ---p 0011f000 00:20 741840                     /usr/lib/libEGL_nvidia.so.580.142
7f69042bb000-7f69042c3000 r--p 0011f000 00:20 741840                     /usr/lib/libEGL_nvidia.so.580.142
7f69042c3000-7f69042d9000 rw-p 00127000 00:20 741840                     /usr/lib/libEGL_nvidia.so.580.142
7f69042d9000-7f6904c00000 rw-p 00000000 00:00 0 
7f6904c00000-7f6904e59000 r-xp 00000000 00:20 741876                     /usr/lib/libnvidia-glcore.so.580.142
7f6904e59000-7f6904e7a000 rwxp 00259000 00:20 741876                     /usr/lib/libnvidia-glcore.so.580.142
7f6904e7a000-7f6905000000 r-xp 0027a000 00:20 741876                     /usr/lib/libnvidia-glcore.so.580.142
7f6905000000-7f6905c00000 r-xp 00400000 00:20 741876                     /usr/lib/libnvidia-glcore.so.580.142
7f6905c00000-7f6906d7a000 r-xp 01000000 00:20 741876                     /usr/lib/libnvidia-glcore.so.580.142
7f6906d7a000-7f6906d7b000 ---p 0217a000 00:20 741876                     /usr/lib/libnvidia-glcore.so.580.142
7f6906d7b000-7f6906ef6000 r--p 0217a000 00:20 741876                     /usr/lib/libnvidia-glcore.so.580.142
7f6906ef6000-7f6906f59000 rw-p 022f5000 00:20 741876                     /usr/lib/libnvidia-glcore.so.580.142
7f6906f59000-7f6906f79000 rw-p 00000000 00:00 0 
7f6906f81000-7f6906f87000 r--p 00000000 00:20 879874                     /usr/lib/libedit.so.0.0.78
7f6906f87000-7f6906fa9000 r-xp 00006000 00:20 879874                     /usr/lib/libedit.so.0.0.78
7f6906fa9000-7f6906fb6000 r--p 00028000 00:20 879874                     /usr/lib/libedit.so.0.0.78
7f6906fb6000-7f6906fb9000 r--p 00034000 00:20 879874                     /usr/lib/libedit.so.0.0.78
7f6906fb9000-7f6906fba000 rw-p 00037000 00:20 879874                     /usr/lib/libedit.so.0.0.78
7f6906fba000-7f6906fbd000 rw-p 00000000 00:00 0 
7f6906fbd000-7f6906fc0000 r--p 00000000 00:20 878182                     /usr/lib/libdrm_intel.so.1.134.0
7f6906fc0000-7f6906fd7000 r-xp 00003000 00:20 878182                     /usr/lib/libdrm_intel.so.1.134.0
7f6906fd7000-7f6906fe1000 r--p 0001a000 00:20 878182                     /usr/lib/libdrm_intel.so.1.134.0
7f6906fe1000-7f6906fe2000 r--p 00023000 00:20 878182                     /usr/lib/libdrm_intel.so.1.134.0
7f6906fe2000-7f6906fe3000 rw-p 00024000 00:20 878182                     /usr/lib/libdrm_intel.so.1.134.0
7f6906fe3000-7f6906fe6000 r--p 00000000 00:20 879789                     /usr/lib/libelf-0.195.so
7f6906fe6000-7f6906ffa000 r-xp 00003000 00:20 879789                     /usr/lib/libelf-0.195.so
7f6906ffa000-7f6906ffe000 r--p 00017000 00:20 879789                     /usr/lib/libelf-0.195.so
7f6906ffe000-7f6906fff000 r--p 0001b000 00:20 879789                     /usr/lib/libelf-0.195.so
7f6906fff000-7f6907000000 rw-p 0001c000 00:20 879789                     /usr/lib/libelf-0.195.so
7f6907000000-7f6907400000 rw-p 00000000 00:00 0 
7f6907400000-7f6907f80000 rw-p 00000000 00:00 0 
7f6907f80000-7f6908000000 rw-p 00000000 00:00 0 
7f6908000000-7f6908700000 rw-p 00000000 00:00 0 
7f6908700000-7f6908720000 rw-p 00000000 00:00 0 
7f6908720000-7f6908800000 ---p 00000000 00:00 0 
7f6908800000-7f6908850000 rw-p 00000000 00:00 0 
7f6908850000-7f690b000000 ---p 00000000 00:00 0 
7f690b000000-7f690bc9b000 rw-p 00001000 00:20 776305                     /usr/lib/jvm/java-21-openjdk/lib/server/classes.jsa
7f690bc9b000-7f690c000000 ---p 00000000 00:00 0 
7f690c000000-7f690c040000 rw-p 00000000 00:00 0 
7f690c040000-7f690c080000 rw-p 00000000 00:00 0 
7f690c080000-7f690c1c0000 rw-p 00000000 00:00 0 
7f690c1c0000-7f690c1f0000 rw-p 00000000 00:00 0 
7f690c1f0000-7f690c200000 ---p 00000000 00:00 0 
7f690c200000-7f690c340000 rw-p 00000000 00:00 0 
7f690c340000-7f694c000000 ---p 00000000 00:00 0 
7f694c000000-7f694c021000 rw-p 00000000 00:00 0 
7f694c021000-7f6950000000 ---p 00000000 00:00 0 
7f6950000000-7f6950021000 rw-p 00000000 00:00 0 
7f6950021000-7f6954000000 ---p 00000000 00:00 0 
7f6954000000-7f6954021000 rw-p 00000000 00:00 0 
7f6954021000-7f6958000000 ---p 00000000 00:00 0 
7f6958004000-7f6958006000 r--p 00000000 00:20 551097                     /usr/lib/libpciaccess.so.0.11.1
7f6958006000-7f695800b000 r-xp 00002000 00:20 551097                     /usr/lib/libpciaccess.so.0.11.1
7f695800b000-7f695800d000 r--p 00007000 00:20 551097                     /usr/lib/libpciaccess.so.0.11.1
7f695800d000-7f695800e000 r--p 00008000 00:20 551097                     /usr/lib/libpciaccess.so.0.11.1
7f695800e000-7f695800f000 rw-p 00009000 00:20 551097                     /usr/lib/libpciaccess.so.0.11.1
7f695800f000-7f6958012000 r--p 00000000 00:20 878179                     /usr/lib/libdrm_amdgpu.so.1.134.0
7f6958012000-7f6958018000 r-xp 00003000 00:20 878179                     /usr/lib/libdrm_amdgpu.so.1.134.0
7f6958018000-7f695801a000 r--p 00009000 00:20 878179                     /usr/lib/libdrm_amdgpu.so.1.134.0
7f695801a000-7f695801b000 r--p 0000a000 00:20 878179                     /usr/lib/libdrm_amdgpu.so.1.134.0
7f695801b000-7f695801c000 rw-p 0000b000 00:20 878179                     /usr/lib/libdrm_amdgpu.so.1.134.0
7f695801c000-7f695801d000 r--p 00000000 00:20 43467                      /usr/lib/libxshmfence.so.1.0.0
7f695801d000-7f695801e000 r-xp 00001000 00:20 43467                      /usr/lib/libxshmfence.so.1.0.0
7f695801e000-7f695801f000 r--p 00002000 00:20 43467                      /usr/lib/libxshmfence.so.1.0.0
7f695801f000-7f6958020000 r--p 00002000 00:20 43467                      /usr/lib/libxshmfence.so.1.0.0
7f6958020000-7f6958021000 rw-p 00003000 00:20 43467                      /usr/lib/libxshmfence.so.1.0.0
7f6958021000-7f6958023000 r--p 00000000 00:20 43223                      /usr/lib/libsensors.so.5.0.0
7f6958023000-7f695802b000 r-xp 00002000 00:20 43223                      /usr/lib/libsensors.so.5.0.0
7f695802b000-7f695802f000 r--p 0000a000 00:20 43223                      /usr/lib/libsensors.so.5.0.0
7f695802f000-7f6958030000 r--p 0000e000 00:20 43223                      /usr/lib/libsensors.so.5.0.0
7f6958030000-7f6958031000 rw-p 0000f000 00:20 43223                      /usr/lib/libsensors.so.5.0.0
7f6958031000-7f6958032000 r--p 00000000 00:20 43444                      /usr/lib/libxcb-shm.so.0.0.0
7f6958032000-7f6958033000 r-xp 00001000 00:20 43444                      /usr/lib/libxcb-shm.so.0.0.0
7f6958033000-7f6958034000 r--p 00002000 00:20 43444                      /usr/lib/libxcb-shm.so.0.0.0
7f6958034000-7f6958035000 r--p 00002000 00:20 43444                      /usr/lib/libxcb-shm.so.0.0.0
7f6958035000-7f6958036000 rw-p 00003000 00:20 43444                      /usr/lib/libxcb-shm.so.0.0.0
7f6958036000-7f695803c000 r--p 00000000 00:20 880062                     /usr/lib/libEGL_mesa.so.0.0.0
7f695803c000-7f6958076000 r-xp 00006000 00:20 880062                     /usr/lib/libEGL_mesa.so.0.0.0
7f6958076000-7f6958088000 r--p 00040000 00:20 880062                     /usr/lib/libEGL_mesa.so.0.0.0
7f6958088000-7f6958095000 r--p 00052000 00:20 880062                     /usr/lib/libEGL_mesa.so.0.0.0
7f6958095000-7f6958096000 rw-p 0005f000 00:20 880062                     /usr/lib/libEGL_mesa.so.0.0.0
7f6958096000-7f6958097000 rw-p 00000000 00:00 0 
7f69580bf000-7f69580c1000 r--p 00000000 00:20 880070                     /usr/lib/libgbm.so.1.0.0
7f69580c1000-7f69580c2000 r-xp 00002000 00:20 880070                     /usr/lib/libgbm.so.1.0.0
7f69580c2000-7f69580c3000 r--p 00003000 00:20 880070                     /usr/lib/libgbm.so.1.0.0
7f69580c3000-7f69580c4000 r--p 00003000 00:20 880070                     /usr/lib/libgbm.so.1.0.0
7f69580c4000-7f69580c5000 rw-p 00004000 00:20 880070                     /usr/lib/libgbm.so.1.0.0
7f69580cd000-7f69580cf000 r--p 00000000 00:20 42553                      /usr/lib/libffi.so.8.2.0
7f69580cf000-7f69580d6000 r-xp 00002000 00:20 42553                      /usr/lib/libffi.so.8.2.0
7f69580d6000-7f69580d7000 r--p 00009000 00:20 42553                      /usr/lib/libffi.so.8.2.0
7f69580d7000-7f69580d8000 r--p 0000a000 00:20 42553                      /usr/lib/libffi.so.8.2.0
7f69580d8000-7f69580d9000 rw-p 0000b000 00:20 42553                      /usr/lib/libffi.so.8.2.0
7f69580d9000-7f69580de000 r--p 00000000 00:20 551078                     /usr/lib/libwayland-server.so.0.25.0
7f69580de000-7f69580e7000 r-xp 00005000 00:20 551078                     /usr/lib/libwayland-server.so.0.25.0
7f69580e7000-7f69580eb000 r--p 0000e000 00:20 551078                     /usr/lib/libwayland-server.so.0.25.0
7f69580eb000-7f69580ed000 r--p 00012000 00:20 551078                     /usr/lib/libwayland-server.so.0.25.0
7f69580ed000-7f69580ee000 rw-p 00014000 00:20 551078                     /usr/lib/libwayland-server.so.0.25.0
7f6958102000-7f6958108000 r--s 00000000 00:20 9744                       /var/cache/fontconfig/b67b32625a2bb51b023d3814a918f351-le64.cache-11
7f6958108000-7f6958114000 r--s 00000000 00:20 9734                       /var/cache/fontconfig/4b31aef11cb0687b6d280d34cbe23592-le64.cache-11
7f6958114000-7f695811d000 r--s 00000000 00:20 124722                     /home/timer/.cache/fontconfig/b7b00c0a2e1172bf404c9af60c313552-le64.cache-11
7f695811d000-7f695811e000 r--p 00000000 00:20 42398                      /usr/lib/libbrotlicommon.so.1.2.0
7f695811e000-7f695811f000 r-xp 00001000 00:20 42398                      /usr/lib/libbrotlicommon.so.1.2.0
7f695811f000-7f695813e000 r--p 00002000 00:20 42398                      /usr/lib/libbrotlicommon.so.1.2.0
7f695813e000-7f695813f000 r--p 00021000 00:20 42398                      /usr/lib/libbrotlicommon.so.1.2.0
7f695813f000-7f6958140000 rw-p 00022000 00:20 42398                      /usr/lib/libbrotlicommon.so.1.2.0
7f6958140000-7f6958141000 r--p 00000000 00:20 42399                      /usr/lib/libbrotlidec.so.1.2.0
7f6958141000-7f695814a000 r-xp 00001000 00:20 42399                      /usr/lib/libbrotlidec.so.1.2.0
7f695814a000-7f695814d000 r--p 0000a000 00:20 42399                      /usr/lib/libbrotlidec.so.1.2.0
7f695814d000-7f695814e000 r--p 0000c000 00:20 42399                      /usr/lib/libbrotlidec.so.1.2.0
7f695814e000-7f695814f000 rw-p 0000d000 00:20 42399                      /usr/lib/libbrotlidec.so.1.2.0
7f695814f000-7f6958155000 r--p 00000000 00:20 538631                     /usr/lib/libpng16.so.16.58.0
7f6958155000-7f695817f000 r-xp 00006000 00:20 538631                     /usr/lib/libpng16.so.16.58.0
7f695817f000-7f6958188000 r--p 00030000 00:20 538631                     /usr/lib/libpng16.so.16.58.0
7f6958188000-7f6958189000 r--p 00039000 00:20 538631                     /usr/lib/libpng16.so.16.58.0
7f6958189000-7f695818a000 rw-p 0003a000 00:20 538631                     /usr/lib/libpng16.so.16.58.0
7f695818a000-7f695818c000 r--p 00000000 00:20 42408                      /usr/lib/libbz2.so.1.0.8
7f695818c000-7f6958199000 r-xp 00002000 00:20 42408                      /usr/lib/libbz2.so.1.0.8
7f6958199000-7f695819b000 r--p 0000f000 00:20 42408                      /usr/lib/libbz2.so.1.0.8
7f695819b000-7f695819c000 r--p 00010000 00:20 42408                      /usr/lib/libbz2.so.1.0.8
7f695819c000-7f695819d000 rw-p 00011000 00:20 42408                      /usr/lib/libbz2.so.1.0.8
7f695819d000-7f695819f000 r--p 00000000 00:20 877680                     /usr/lib/libexpat.so.1.12.1
7f695819f000-7f69581bf000 r-xp 00002000 00:20 877680                     /usr/lib/libexpat.so.1.12.1
7f69581bf000-7f69581c7000 r--p 00022000 00:20 877680                     /usr/lib/libexpat.so.1.12.1
7f69581c7000-7f69581c9000 r--p 0002a000 00:20 877680                     /usr/lib/libexpat.so.1.12.1
7f69581c9000-7f69581ca000 rw-p 0002c000 00:20 877680                     /usr/lib/libexpat.so.1.12.1
7f69581ca000-7f69581d0000 r--p 00000000 00:20 538700                     /usr/lib/libfreetype.so.6.20.6
7f69581d0000-7f6958268000 r-xp 00006000 00:20 538700                     /usr/lib/libfreetype.so.6.20.6
7f6958268000-7f6958291000 r--p 0009e000 00:20 538700                     /usr/lib/libfreetype.so.6.20.6
7f6958291000-7f6958299000 r--p 000c6000 00:20 538700                     /usr/lib/libfreetype.so.6.20.6
7f6958299000-7f695829a000 rw-p 000ce000 00:20 538700                     /usr/lib/libfreetype.so.6.20.6
7f695829a000-7f69582a0000 r--p 00000000 00:20 877709                     /usr/lib/libfontconfig.so.1.17.0
7f69582a0000-7f69582d4000 r-xp 00006000 00:20 877709                     /usr/lib/libfontconfig.so.1.17.0
7f69582d4000-7f69582ed000 r--p 0003a000 00:20 877709                     /usr/lib/libfontconfig.so.1.17.0
7f69582ed000-7f69582f6000 r--p 00053000 00:20 877709                     /usr/lib/libfontconfig.so.1.17.0
7f69582f6000-7f69582f7000 rw-p 0005c000 00:20 877709                     /usr/lib/libfontconfig.so.1.17.0
7f69582f7000-7f69582f9000 r--p 00000000 00:20 41650                      /usr/lib/libEGL.so.1.1.0
7f69582f9000-7f6958303000 r-xp 00002000 00:20 41650                      /usr/lib/libEGL.so.1.1.0
7f6958303000-7f6958307000 r--p 0000c000 00:20 41650                      /usr/lib/libEGL.so.1.1.0
7f6958307000-7f6958308000 r--p 0000f000 00:20 41650                      /usr/lib/libEGL.so.1.1.0
7f6958308000-7f6958309000 rw-p 00010000 00:20 41650                      /usr/lib/libEGL.so.1.1.0
7f6958309000-7f6958338000 r--p 00000000 00:20 41655                      /usr/lib/libGL.so.1.7.0
7f6958338000-7f6958357000 r-xp 0002f000 00:20 41655                      /usr/lib/libGL.so.1.7.0
7f6958357000-7f695836b000 r--p 0004e000 00:20 41655                      /usr/lib/libGL.so.1.7.0
7f695836b000-7f6958379000 r--p 00062000 00:20 41655                      /usr/lib/libGL.so.1.7.0
7f6958379000-7f695837a000 rw-p 00070000 00:20 41655                      /usr/lib/libGL.so.1.7.0
7f695837a000-7f695837b000 rw-p 00000000 00:00 0 
7f695837c000-7f695837f000 r--s 00000000 00:20 9738                       /var/cache/fontconfig/6ba42ae0000f58711b5caaf10d690066-le64.cache-11
7f695837f000-7f6958382000 r--p 00000000 00:20 551069                     /usr/lib/libwayland-client.so.0.25.0
7f6958382000-7f6958389000 r-xp 00003000 00:20 551069                     /usr/lib/libwayland-client.so.0.25.0
7f6958389000-7f695838c000 r--p 0000a000 00:20 551069                     /usr/lib/libwayland-client.so.0.25.0
7f695838c000-7f695838e000 r--p 0000c000 00:20 551069                     /usr/lib/libwayland-client.so.0.25.0
7f695838e000-7f695838f000 rw-p 0000e000 00:20 551069                     /usr/lib/libwayland-client.so.0.25.0
7f69583a3000-7f69583aa000 r--s 00000000 00:20 816026                     /usr/lib/gconv/gconv-modules.cache
7f69583aa000-7f69583dd000 r--p 00000000 00:31 11645                      /tmp/lwjgl_timer/3.3.3+5/x64/liblwjgl_opengl.so
7f69583dd000-7f69583f1000 r-xp 00033000 00:31 11645                      /tmp/lwjgl_timer/3.3.3+5/x64/liblwjgl_opengl.so
7f69583f1000-7f6958401000 r--p 00047000 00:31 11645                      /tmp/lwjgl_timer/3.3.3+5/x64/liblwjgl_opengl.so
7f6958401000-7f6958402000 r--p 00056000 00:31 11645                      /tmp/lwjgl_timer/3.3.3+5/x64/liblwjgl_opengl.so
7f6958402000-7f6958403000 rw-p 00057000 00:31 11645                      /tmp/lwjgl_timer/3.3.3+5/x64/liblwjgl_opengl.so
7f6958403000-7f6958483000 rw-s 00000000 00:07 911                        /dev/nvidiactl
7f6958583000-7f6958603000 rw-s 00000000 00:07 911                        /dev/nvidiactl
7f6958616000-7f6958656000 rw-s 00000000 00:07 911                        /dev/nvidiactl
7f6958656000-7f6958676000 rw-s 00000000 00:07 911                        /dev/nvidiactl
7f6958676000-7f69586b6000 rw-s 00000000 00:07 911                        /dev/nvidiactl
7f6958716000-7f6958719000 r--p 00000000 00:20 741861                     /usr/lib/libnvidia-allocator.so.580.142
7f6958719000-7f6958732000 r-xp 00003000 00:20 741861                     /usr/lib/libnvidia-allocator.so.580.142
7f6958732000-7f695873d000 r--p 0001c000 00:20 741861                     /usr/lib/libnvidia-allocator.so.580.142
7f695873d000-7f695873e000 r--p 00026000 00:20 741861                     /usr/lib/libnvidia-allocator.so.580.142
7f695873e000-7f695873f000 rw-p 00027000 00:20 741861                     /usr/lib/libnvidia-allocator.so.580.142
7f695873f000-7f6958740000 rw-p 00000000 00:00 0 
7f6958740000-7f6958745000 r--p 00000000 00:20 878176                     /usr/lib/libdrm.so.2.134.0
7f6958745000-7f6958751000 r-xp 00005000 00:20 878176                     /usr/lib/libdrm.so.2.134.0
7f6958751000-7f6958755000 r--p 00011000 00:20 878176                     /usr/lib/libdrm.so.2.134.0
7f6958755000-7f6958756000 r--p 00015000 00:20 878176                     /usr/lib/libdrm.so.2.134.0
7f6958756000-7f6958757000 rw-p 00016000 00:20 878176                     /usr/lib/libdrm.so.2.134.0
7f6958757000-7f695876c000 r--p 00000000 00:20 874895                     /usr/lib/libsystemd.so.0.43.0
7f695876c000-7f695883c000 r-xp 00015000 00:20 874895                     /usr/lib/libsystemd.so.0.43.0
7f695883c000-7f6958887000 r--p 000e5000 00:20 874895                     /usr/lib/libsystemd.so.0.43.0
7f6958887000-7f6958890000 r--p 0012f000 00:20 874895                     /usr/lib/libsystemd.so.0.43.0
7f6958890000-7f6958891000 rw-p 00138000 00:20 874895                     /usr/lib/libsystemd.so.0.43.0
7f6958891000-7f6958892000 rw-p 00000000 00:00 0 
7f6958892000-7f69588a0000 r--p 00000000 00:20 42465                      /usr/lib/libdbus-1.so.3.38.3
7f69588a0000-7f69588d1000 r-xp 0000e000 00:20 42465                      /usr/lib/libdbus-1.so.3.38.3
7f69588d1000-7f69588e2000 r--p 0003f000 00:20 42465                      /usr/lib/libdbus-1.so.3.38.3
7f69588e2000-7f69588e4000 r--p 0004f000 00:20 42465                      /usr/lib/libdbus-1.so.3.38.3
7f69588e4000-7f69588e5000 rw-p 00051000 00:20 42465                      /usr/lib/libdbus-1.so.3.38.3
7f69588e5000-7f69588e8000 r--p 00000000 00:20 43448                      /usr/lib/libxcb-xfixes.so.0.0.0
7f69588e8000-7f69588eb000 r-xp 00003000 00:20 43448                      /usr/lib/libxcb-xfixes.so.0.0.0
7f69588eb000-7f69588ec000 r--p 00006000 00:20 43448                      /usr/lib/libxcb-xfixes.so.0.0.0
7f69588ec000-7f69588ed000 r--p 00007000 00:20 43448                      /usr/lib/libxcb-xfixes.so.0.0.0
7f69588ed000-7f69588ee000 rw-p 00008000 00:20 43448                      /usr/lib/libxcb-xfixes.so.0.0.0
7f69588ee000-7f69590ef000 rw-p 00000000 00:00 0 
7f69590ef000-7f69590ff000 r--p 00000000 00:20 741878                     /usr/lib/libnvidia-glsi.so.580.142
7f69590ff000-7f695915f000 r-xp 00010000 00:20 741878                     /usr/lib/libnvidia-glsi.so.580.142
7f695915f000-7f695917c000 r--p 00070000 00:20 741878                     /usr/lib/libnvidia-glsi.so.580.142
7f695917c000-7f6959182000 r--p 0008c000 00:20 741878                     /usr/lib/libnvidia-glsi.so.580.142
7f6959182000-7f6959183000 rw-p 00092000 00:20 741878                     /usr/lib/libnvidia-glsi.so.580.142
7f6959183000-7f695918b000 rw-p 00000000 00:00 0 
7f695918b000-7f69591dc000 r--p 00000000 00:20 741849                     /usr/lib/libGLX_nvidia.so.580.142
7f69591dc000-7f6959239000 r-xp 00051000 00:20 741849                     /usr/lib/libGLX_nvidia.so.580.142
7f6959239000-7f695926e000 rwxp 000ae000 00:20 741849                     /usr/lib/libGLX_nvidia.so.580.142
7f695926e000-7f695926f000 r-xp 000e3000 00:20 741849                     /usr/lib/libGLX_nvidia.so.580.142
7f695926f000-7f695928f000 r--p 000e4000 00:20 741849                     /usr/lib/libGLX_nvidia.so.580.142
7f695928f000-7f69592af000 r--p 00103000 00:20 741849                     /usr/lib/libGLX_nvidia.so.580.142
7f69592af000-7f69592b4000 rw-p 00123000 00:20 741849                     /usr/lib/libGLX_nvidia.so.580.142
7f69592b4000-7f69592b6000 rw-p 00000000 00:00 0 
7f69592b6000-7f69592cd000 r--p 00000000 00:20 342963                     /usr/lib/libX11.so.6.4.0
7f69592cd000-7f6959362000 r-xp 00017000 00:20 342963                     /usr/lib/libX11.so.6.4.0
7f6959362000-7f69593f1000 r--p 000ac000 00:20 342963                     /usr/lib/libX11.so.6.4.0
7f69593f1000-7f69593f4000 r--p 0013a000 00:20 342963                     /usr/lib/libX11.so.6.4.0
7f69593f4000-7f69593f8000 rw-p 0013d000 00:20 342963                     /usr/lib/libX11.so.6.4.0
7f69593f8000-7f69593f9000 rw-p 00000000 00:00 0 
7f69593f9000-7f69593fd000 ---p 00000000 00:00 0 
7f69593fd000-7f69594fa000 rw-p 00000000 00:00 0 
7f69594fa000-7f69594fe000 ---p 00000000 00:00 0 
7f69594fe000-7f69595fb000 rw-p 00000000 00:00 0 
7f69595fb000-7f69595ff000 ---p 00000000 00:00 0 
7f69595ff000-7f69596fc000 rw-p 00000000 00:00 0 
7f69596fc000-7f6959700000 ---p 00000000 00:00 0 
7f6959700000-7f6959c00000 rw-p 00000000 00:00 0 
7f6959c00000-7f6959c03000 r-xp 00000000 00:31 14781                      /tmp/jansi-2.4.3-860950cdb83db1d4-libjansi.so (deleted)
7f6959c03000-7f6959e02000 ---p 00003000 00:31 14781                      /tmp/jansi-2.4.3-860950cdb83db1d4-libjansi.so (deleted)
7f6959e02000-7f6959e03000 r--p 00002000 00:31 14781                      /tmp/jansi-2.4.3-860950cdb83db1d4-libjansi.so (deleted)
7f6959e03000-7f6959e04000 rw-p 00003000 00:31 14781                      /tmp/jansi-2.4.3-860950cdb83db1d4-libjansi.so (deleted)
7f6959e06000-7f6959e09000 r--p 00000000 00:20 43445                      /usr/lib/libxcb-sync.so.1.0.0
7f6959e09000-7f6959e0c000 r-xp 00003000 00:20 43445                      /usr/lib/libxcb-sync.so.1.0.0
7f6959e0c000-7f6959e0d000 r--p 00006000 00:20 43445                      /usr/lib/libxcb-sync.so.1.0.0
7f6959e0d000-7f6959e0e000 r--p 00007000 00:20 43445                      /usr/lib/libxcb-sync.so.1.0.0
7f6959e0e000-7f6959e0f000 rw-p 00008000 00:20 43445                      /usr/lib/libxcb-sync.so.1.0.0
7f6959e0f000-7f6959e10000 r--p 00000000 00:20 43436                      /usr/lib/libxcb-present.so.0.0.0
7f6959e10000-7f6959e11000 r-xp 00001000 00:20 43436                      /usr/lib/libxcb-present.so.0.0.0
7f6959e11000-7f6959e12000 r--p 00002000 00:20 43436                      /usr/lib/libxcb-present.so.0.0.0
7f6959e12000-7f6959e13000 r--p 00002000 00:20 43436                      /usr/lib/libxcb-present.so.0.0.0
7f6959e13000-7f6959e14000 rw-p 00003000 00:20 43436                      /usr/lib/libxcb-present.so.0.0.0
7f6959e14000-7f6959e16000 r--p 00000000 00:20 43430                      /usr/lib/libxcb-dri3.so.0.1.0
7f6959e16000-7f6959e18000 r-xp 00002000 00:20 43430                      /usr/lib/libxcb-dri3.so.0.1.0
7f6959e18000-7f6959e19000 r--p 00004000 00:20 43430                      /usr/lib/libxcb-dri3.so.0.1.0
7f6959e19000-7f6959e1a000 r--p 00004000 00:20 43430                      /usr/lib/libxcb-dri3.so.0.1.0
7f6959e1a000-7f6959e1b000 rw-p 00005000 00:20 43430                      /usr/lib/libxcb-dri3.so.0.1.0
7f6959e1b000-7f6959e22000 r--p 00000000 00:20 43437                      /usr/lib/libxcb-randr.so.0.1.0
7f6959e22000-7f6959e28000 r-xp 00007000 00:20 43437                      /usr/lib/libxcb-randr.so.0.1.0
7f6959e28000-7f6959e2b000 r--p 0000d000 00:20 43437                      /usr/lib/libxcb-randr.so.0.1.0
7f6959e2b000-7f6959e2c000 r--p 00010000 00:20 43437                      /usr/lib/libxcb-randr.so.0.1.0
7f6959e2c000-7f6959e2d000 rw-p 00011000 00:20 43437                      /usr/lib/libxcb-randr.so.0.1.0
7f6959e2d000-7f6959e39000 r--p 00000000 00:20 43432                      /usr/lib/libxcb-glx.so.0.0.0
7f6959e39000-7f6959e42000 r-xp 0000c000 00:20 43432                      /usr/lib/libxcb-glx.so.0.0.0
7f6959e42000-7f6959e47000 r--p 00015000 00:20 43432                      /usr/lib/libxcb-glx.so.0.0.0
7f6959e47000-7f6959e49000 r--p 0001a000 00:20 43432                      /usr/lib/libxcb-glx.so.0.0.0
7f6959e49000-7f6959e4a000 rw-p 0001c000 00:20 43432                      /usr/lib/libxcb-glx.so.0.0.0
7f6959e4a000-7f6959e4b000 r--p 00000000 00:20 741912                     /usr/lib/libnvidia-tls.so.580.142
7f6959e4b000-7f6959e4d000 r-xp 00001000 00:20 741912                     /usr/lib/libnvidia-tls.so.580.142
7f6959e4d000-7f6959e4e000 r--p 00003000 00:20 741912                     /usr/lib/libnvidia-tls.so.580.142
7f6959e4e000-7f6959e4f000 r--p 00003000 00:20 741912                     /usr/lib/libnvidia-tls.so.580.142
7f6959e4f000-7f6959e50000 rw-p 00004000 00:20 741912                     /usr/lib/libnvidia-tls.so.580.142
7f6959e50000-7f6959e52000 r--p 00000000 00:20 41663                      /usr/lib/libGLdispatch.so.0.0.0
7f6959e52000-7f6959e55000 r-xp 00002000 00:20 41663                      /usr/lib/libGLdispatch.so.0.0.0
7f6959e55000-7f6959e90000 r-xp 00005000 00:20 41663                      /usr/lib/libGLdispatch.so.0.0.0
7f6959e90000-7f6959e91000 r-xp 00040000 00:20 41663                      /usr/lib/libGLdispatch.so.0.0.0
7f6959e91000-7f6959ea4000 r--p 00041000 00:20 41663                      /usr/lib/libGLdispatch.so.0.0.0
7f6959ea4000-7f6959ec0000 r--p 00054000 00:20 41663                      /usr/lib/libGLdispatch.so.0.0.0
7f6959ec0000-7f6959ec1000 rw-p 00070000 00:20 41663                      /usr/lib/libGLdispatch.so.0.0.0
7f6959ec1000-7f6959ec9000 rw-p 00000000 00:00 0 
7f6959ec9000-7f6959ecb000 r--p 00000000 00:20 41660                      /usr/lib/libGLX.so.0.0.0
7f6959ecb000-7f6959ee5000 r-xp 00002000 00:20 41660                      /usr/lib/libGLX.so.0.0.0
7f6959ee5000-7f6959ee8000 r--p 0001c000 00:20 41660                      /usr/lib/libGLX.so.0.0.0
7f6959ee8000-7f6959ee9000 r--p 0001f000 00:20 41660                      /usr/lib/libGLX.so.0.0.0
7f6959ee9000-7f6959eea000 rw-p 00020000 00:20 41660                      /usr/lib/libGLX.so.0.0.0
7f6959eea000-7f6959efa000 rw-p 00000000 00:00 0 
7f6959efa000-7f6959efb000 r--p 00000000 00:20 342960                     /usr/lib/libX11-xcb.so.1.0.0
7f6959efb000-7f6959efc000 r-xp 00001000 00:20 342960                     /usr/lib/libX11-xcb.so.1.0.0
7f6959efc000-7f6959efd000 r--p 00002000 00:20 342960                     /usr/lib/libX11-xcb.so.1.0.0
7f6959efd000-7f6959efe000 r--p 00002000 00:20 342960                     /usr/lib/libX11-xcb.so.1.0.0
7f6959efe000-7f6959eff000 rw-p 00003000 00:20 342960                     /usr/lib/libX11-xcb.so.1.0.0
7f6959eff000-7f6959f00000 rw-p 00000000 00:00 0 
7f6959f00000-7f6959f04000 ---p 00000000 00:00 0 
7f6959f04000-7f695a000000 rw-p 00000000 00:00 0 
7f695a000000-7f695c021000 rw-p 00000000 00:00 0 
7f695c021000-7f6960000000 ---p 00000000 00:00 0 
7f6960000000-7f6960021000 rw-p 00000000 00:00 0 
7f6960021000-7f6964000000 ---p 00000000 00:00 0 
7f6964000000-7f6964021000 rw-p 00000000 00:00 0 
7f6964021000-7f6968000000 ---p 00000000 00:00 0 
7f6968002000-7f6968003000 rw-p 00000000 00:00 0 
7f6968003000-7f6968005000 r--p 00000000 00:20 42202                      /usr/lib/libXfixes.so.3.1.0
7f6968005000-7f6968008000 r-xp 00002000 00:20 42202                      /usr/lib/libXfixes.so.3.1.0
7f6968008000-7f6968009000 r--p 00005000 00:20 42202                      /usr/lib/libXfixes.so.3.1.0
7f6968009000-7f696800a000 r--p 00005000 00:20 42202                      /usr/lib/libXfixes.so.3.1.0
7f696800a000-7f696800b000 rw-p 00006000 00:20 42202                      /usr/lib/libXfixes.so.3.1.0
7f696800b000-7f696800e000 r--p 00000000 00:20 42198                      /usr/lib/libXcursor.so.1.0.2
7f696800e000-7f6968014000 r-xp 00003000 00:20 42198                      /usr/lib/libXcursor.so.1.0.2
7f6968014000-7f6968016000 r--p 00009000 00:20 42198                      /usr/lib/libXcursor.so.1.0.2
7f6968016000-7f6968017000 r--p 0000a000 00:20 42198                      /usr/lib/libXcursor.so.1.0.2
7f6968017000-7f6968018000 rw-p 0000b000 00:20 42198                      /usr/lib/libXcursor.so.1.0.2
7f6968018000-7f696801a000 r--p 00000000 00:20 42215                      /usr/lib/libXrender.so.1.3.0
7f696801a000-7f6968021000 r-xp 00002000 00:20 42215                      /usr/lib/libXrender.so.1.3.0
7f6968021000-7f6968022000 r--p 00009000 00:20 42215                      /usr/lib/libXrender.so.1.3.0
7f6968022000-7f6968023000 r--p 00009000 00:20 42215                      /usr/lib/libXrender.so.1.3.0
7f6968023000-7f6968024000 rw-p 0000a000 00:20 42215                      /usr/lib/libXrender.so.1.3.0
7f6968024000-7f6968026000 r--p 00000000 00:20 412073                     /usr/lib/libXrandr.so.2.2.0
7f6968026000-7f696802d000 r-xp 00002000 00:20 412073                     /usr/lib/libXrandr.so.2.2.0
7f696802d000-7f696802f000 r--p 00009000 00:20 412073                     /usr/lib/libXrandr.so.2.2.0
7f696802f000-7f6968030000 r--p 0000a000 00:20 412073                     /usr/lib/libXrandr.so.2.2.0
7f6968030000-7f6968031000 rw-p 0000b000 00:20 412073                     /usr/lib/libXrandr.so.2.2.0
7f6968031000-7f696803f000 r--p 00000000 00:31 11644                      /tmp/lwjgl_timer/3.3.3+5/x64/libglfw.so
7f696803f000-7f696805e000 r-xp 0000e000 00:31 11644                      /tmp/lwjgl_timer/3.3.3+5/x64/libglfw.so
7f696805e000-7f6968091000 r--p 0002d000 00:31 11644                      /tmp/lwjgl_timer/3.3.3+5/x64/libglfw.so
7f6968091000-7f6968092000 ---p 00060000 00:31 11644                      /tmp/lwjgl_timer/3.3.3+5/x64/libglfw.so
7f6968092000-7f6968095000 r--p 00060000 00:31 11644                      /tmp/lwjgl_timer/3.3.3+5/x64/libglfw.so
7f6968095000-7f6968098000 rw-p 00063000 00:31 11644                      /tmp/lwjgl_timer/3.3.3+5/x64/libglfw.so
7f6968098000-7f69680bb000 rw-p 00000000 00:00 0 
7f69680bb000-7f69680bc000 rw-p 00000000 00:00 0 
7f69680bc000-7f69680c0000 ---p 00000000 00:00 0 
7f69680c0000-7f69681bd000 rw-p 00000000 00:00 0 
7f69681bd000-7f69681c1000 ---p 00000000 00:00 0 
7f69681c1000-7f69682be000 rw-p 00000000 00:00 0 
7f69682be000-7f69682c2000 ---p 00000000 00:00 0 
7f69682c2000-7f69683bf000 rw-p 00000000 00:00 0 
7f69683bf000-7f69683c3000 ---p 00000000 00:00 0 
7f69683c3000-7f69684c0000 rw-p 00000000 00:00 0 
7f69684c0000-7f69684c4000 ---p 00000000 00:00 0 
7f69684c4000-7f69685c0000 rw-p 00000000 00:00 0 
7f69685c0000-7f6968768000 rw-p 00000000 00:00 0 
7f6968768000-7f6968898000 ---p 00000000 00:00 0 
7f6968898000-7f69688b0000 rw-p 00000000 00:00 0 
7f69688b0000-7f69688d0000 ---p 00000000 00:00 0 
7f69688d0000-7f69688e8000 rw-p 00000000 00:00 0 
7f69688e8000-7f69689a0000 ---p 00000000 00:00 0 
7f69689a0000-7f69689a8000 rw-p 00000000 00:00 0 
7f69689a8000-7f696c3c8000 ---p 00000000 00:00 0 
7f696c3c8000-7f696c400000 rw-p 00000000 00:00 0 
7f696c400000-7f696d200000 rwxp 00000000 00:00 0 
7f696d200000-7f6973937000 ---p 00000000 00:00 0 
7f6973937000-7f6973be7000 rwxp 00000000 00:00 0 
7f6973be7000-7f6973ec8000 ---p 00000000 00:00 0 
7f6973ec8000-7f6974348000 rwxp 00000000 00:00 0 
7f6974348000-7f697b400000 ---p 00000000 00:00 0 
7f697b400000-7f6983ecf000 r--s 00000000 00:20 776296                     /usr/lib/jvm/java-21-openjdk/lib/modules
7f6983ecf000-7f6983ed0000 rw-p 00000000 00:00 0 
7f6983ed0000-7f6983ed3000 rw-s 00000000 00:07 911                        /dev/nvidiactl
7f6983ed3000-7f6983ed5000 rw-s 00000000 00:01 2997                       /memfd:/.glXXXXXX (deleted)
7f6983edb000-7f6983edf000 rw-s 00000000 00:07 911                        /dev/nvidiactl
7f6983eff000-7f6983f00000 rw-p 00000000 00:00 0 
7f6983f00000-7f6983f04000 ---p 00000000 00:00 0 
7f6983f04000-7f6984000000 rw-p 00000000 00:00 0 
7f6984000000-7f6984a94000 rw-p 00000000 00:00 0 
7f6984a94000-7f6988000000 ---p 00000000 00:00 0 
7f6988003000-7f6988006000 r--p 00000000 00:20 944180                     /usr/lib/libXi.so.6.1.0
7f6988006000-7f6988013000 r-xp 00003000 00:20 944180                     /usr/lib/libXi.so.6.1.0
7f6988013000-7f6988016000 r--p 00010000 00:20 944180                     /usr/lib/libXi.so.6.1.0
7f6988016000-7f6988017000 r--p 00012000 00:20 944180                     /usr/lib/libXi.so.6.1.0
7f6988017000-7f6988018000 rw-p 00013000 00:20 944180                     /usr/lib/libXi.so.6.1.0
7f6988018000-7f698801c000 r--p 00000000 00:20 344133                     /usr/lib/libXext.so.6.4.0
7f698801c000-7f6988027000 r-xp 00004000 00:20 344133                     /usr/lib/libXext.so.6.4.0
7f6988027000-7f698802a000 r--p 0000f000 00:20 344133                     /usr/lib/libXext.so.6.4.0
7f698802a000-7f698802b000 r--p 00011000 00:20 344133                     /usr/lib/libXext.so.6.4.0
7f698802b000-7f698802c000 rw-p 00012000 00:20 344133                     /usr/lib/libXext.so.6.4.0
7f698802c000-7f6988031000 r--p 00000000 00:20 776279                     /usr/lib/jvm/java-21-openjdk/lib/libjsvml.so
7f6988031000-7f6988072000 r-xp 00005000 00:20 776279                     /usr/lib/jvm/java-21-openjdk/lib/libjsvml.so
7f6988072000-7f69880fb000 r--p 00046000 00:20 776279                     /usr/lib/jvm/java-21-openjdk/lib/libjsvml.so
7f69880fb000-7f69880fc000 r--p 000ce000 00:20 776279                     /usr/lib/jvm/java-21-openjdk/lib/libjsvml.so
7f69880fc000-7f69880fd000 rw-p 000cf000 00:20 776279                     /usr/lib/jvm/java-21-openjdk/lib/libjsvml.so
7f69880fd000-7f69880fe000 rw-p 00000000 00:00 0 
7f69880fe000-7f6988102000 ---p 00000000 00:00 0 
7f6988102000-7f69881ff000 rw-p 00000000 00:00 0 
7f69881ff000-7f6988203000 ---p 00000000 00:00 0 
7f6988203000-7f6988300000 rw-p 00000000 00:00 0 
7f6988300000-7f6988304000 ---p 00000000 00:00 0 
7f6988304000-7f6988400000 rw-p 00000000 00:00 0 
7f6988400000-7f69889f4000 r--p 00000000 00:20 816024                     /usr/lib/locale/locale-archive
7f69889f5000-7f69889f6000 r--p 00000000 00:20 418203                     /usr/lib/libXinerama.so.1.0.0
7f69889f6000-7f69889f7000 r-xp 00001000 00:20 418203                     /usr/lib/libXinerama.so.1.0.0
7f69889f7000-7f69889f8000 r--p 00002000 00:20 418203                     /usr/lib/libXinerama.so.1.0.0
7f69889f8000-7f69889f9000 r--p 00002000 00:20 418203                     /usr/lib/libXinerama.so.1.0.0
7f69889f9000-7f69889fa000 rw-p 00003000 00:20 418203                     /usr/lib/libXinerama.so.1.0.0
7f69889fa000-7f69889fb000 r--p 00000000 00:20 346313                     /usr/lib/libXxf86vm.so.1.0.0
7f69889fb000-7f69889fe000 r-xp 00001000 00:20 346313                     /usr/lib/libXxf86vm.so.1.0.0
7f69889fe000-7f69889ff000 r--p 00004000 00:20 346313                     /usr/lib/libXxf86vm.so.1.0.0
7f69889ff000-7f6988a00000 r--p 00004000 00:20 346313                     /usr/lib/libXxf86vm.so.1.0.0
7f6988a00000-7f6988a01000 rw-p 00005000 00:20 346313                     /usr/lib/libXxf86vm.so.1.0.0
7f6988a01000-7f6988a2a000 r--p 00000000 00:31 11643                      /tmp/lwjgl_timer/3.3.3+5/x64/liblwjgl.so
7f6988a2a000-7f6988a5c000 r-xp 00029000 00:31 11643                      /tmp/lwjgl_timer/3.3.3+5/x64/liblwjgl.so
7f6988a5c000-7f6988a75000 r--p 0005b000 00:31 11643                      /tmp/lwjgl_timer/3.3.3+5/x64/liblwjgl.so
7f6988a75000-7f6988a76000 r--p 00073000 00:31 11643                      /tmp/lwjgl_timer/3.3.3+5/x64/liblwjgl.so
7f6988a76000-7f6988a77000 rw-p 00074000 00:31 11643                      /tmp/lwjgl_timer/3.3.3+5/x64/liblwjgl.so
7f6988a77000-7f6988a78000 rw-p 00000000 00:00 0 
7f6988a78000-7f6988a7c000 ---p 00000000 00:00 0 
7f6988a7c000-7f6988d7a000 rw-p 00000000 00:00 0 
7f6988d7a000-7f6988e56000 rw-p 00000000 00:00 0 
7f6988e56000-7f6989058000 rw-p 00000000 00:00 0 
7f6989058000-7f698965e000 rw-p 00000000 00:00 0 
7f698965e000-7f6989961000 rw-p 00000000 00:00 0 
7f6989961000-7f6989996000 rw-p 00000000 00:00 0 
7f6989996000-7f69899bc000 ---p 00000000 00:00 0 
7f69899bc000-7f69899bf000 rw-p 00000000 00:00 0 
7f69899bf000-7f69899c3000 ---p 00000000 00:00 0 
7f69899c3000-7f69899c6000 rw-p 00000000 00:00 0 
7f69899c6000-7f69899dd000 ---p 00000000 00:00 0 
7f69899dd000-7f69899de000 rw-p 00000000 00:00 0 
7f69899de000-7f698a122000 ---p 00000000 00:00 0 
7f698a122000-7f698a15e000 rw-p 00000000 00:00 0 
7f698a15e000-7f698a184000 ---p 00000000 00:00 0 
7f698a184000-7f698a187000 rw-p 00000000 00:00 0 
7f698a187000-7f698a18b000 ---p 00000000 00:00 0 
7f698a18b000-7f698a18e000 rw-p 00000000 00:00 0 
7f698a18e000-7f698a1a5000 ---p 00000000 00:00 0 
7f698a1a5000-7f698a1a6000 rw-p 00000000 00:00 0 
7f698a1a6000-7f698a8ea000 ---p 00000000 00:00 0 
7f698a8ea000-7f698af00000 rw-p 00000000 00:00 0 
7f698af00000-7f698afe2000 ---p 00000000 00:00 0 
7f698afe2000-7f698affe000 rw-p 00000000 00:00 0 
7f698affe000-7f698b0cd000 ---p 00000000 00:00 0 
7f698b0cd000-7f698b0dd000 r--p 00000000 00:20 815315                     /usr/lib/libm.so.6
7f698b0dd000-7f698b176000 r-xp 00010000 00:20 815315                     /usr/lib/libm.so.6
7f698b176000-7f698b1fe000 r--p 000a9000 00:20 815315                     /usr/lib/libm.so.6
7f698b1fe000-7f698b1ff000 r--p 00130000 00:20 815315                     /usr/lib/libm.so.6
7f698b1ff000-7f698b200000 rw-p 00131000 00:20 815315                     /usr/lib/libm.so.6
7f698b200000-7f698b29a000 r--p 00000000 00:20 816040                     /usr/lib/libstdc++.so.6.0.35
7f698b29a000-7f698b41d000 r-xp 0009a000 00:20 816040                     /usr/lib/libstdc++.so.6.0.35
7f698b41d000-7f698b4bd000 r--p 0021d000 00:20 816040                     /usr/lib/libstdc++.so.6.0.35
7f698b4bd000-7f698b4ce000 r--p 002bc000 00:20 816040                     /usr/lib/libstdc++.so.6.0.35
7f698b4ce000-7f698b4cf000 rw-p 002cd000 00:20 816040                     /usr/lib/libstdc++.so.6.0.35
7f698b4cf000-7f698b4d3000 rw-p 00000000 00:00 0 
7f698b4d4000-7f698b4d5000 rw-s 00000000 00:07 911                        /dev/nvidiactl
7f698b4d5000-7f698b4e1000 r--p 00000000 00:20 43455                      /usr/lib/libxcb.so.1.1.0
7f698b4e1000-7f698b4f5000 r-xp 0000c000 00:20 43455                      /usr/lib/libxcb.so.1.1.0
7f698b4f5000-7f698b4fe000 r--p 00020000 00:20 43455                      /usr/lib/libxcb.so.1.1.0
7f698b4fe000-7f698b4ff000 r--p 00028000 00:20 43455                      /usr/lib/libxcb.so.1.1.0
7f698b4ff000-7f698b500000 rw-p 00029000 00:20 43455                      /usr/lib/libxcb.so.1.1.0
7f698b500000-7f698b504000 ---p 00000000 00:00 0 
7f698b504000-7f698b600000 rw-p 00000000 00:00 0 
7f698b600000-7f698b610000 r--p 00000000 00:20 776308                     /usr/lib/jvm/java-21-openjdk/lib/server/libjvm.so
7f698b610000-7f698c517000 r-xp 00010000 00:20 776308                     /usr/lib/jvm/java-21-openjdk/lib/server/libjvm.so
7f698c517000-7f698c7f1000 r--p 00f17000 00:20 776308                     /usr/lib/jvm/java-21-openjdk/lib/server/libjvm.so
7f698c7f1000-7f698c8c7000 r--p 011f0000 00:20 776308                     /usr/lib/jvm/java-21-openjdk/lib/server/libjvm.so
7f698c8c7000-7f698c8f7000 rw-p 012c6000 00:20 776308                     /usr/lib/jvm/java-21-openjdk/lib/server/libjvm.so
7f698c8f7000-7f698c95d000 rw-p 00000000 00:00 0 
7f698c95e000-7f698c95f000 r--s 00000000 00:07 911                        /dev/nvidiactl
7f698c95f000-7f698c961000 r--p 00000000 00:20 551107                     /usr/lib/libXdmcp.so.6.0.0
7f698c961000-7f698c963000 r-xp 00002000 00:20 551107                     /usr/lib/libXdmcp.so.6.0.0
7f698c963000-7f698c965000 r--p 00004000 00:20 551107                     /usr/lib/libXdmcp.so.6.0.0
7f698c965000-7f698c966000 r--p 00005000 00:20 551107                     /usr/lib/libXdmcp.so.6.0.0
7f698c966000-7f698c967000 rw-p 00006000 00:20 551107                     /usr/lib/libXdmcp.so.6.0.0
7f698c967000-7f698c968000 r--p 00000000 00:20 42194                      /usr/lib/libXau.so.6.0.0
7f698c968000-7f698c969000 r-xp 00001000 00:20 42194                      /usr/lib/libXau.so.6.0.0
7f698c969000-7f698c96a000 r--p 00002000 00:20 42194                      /usr/lib/libXau.so.6.0.0
7f698c96a000-7f698c96b000 r--p 00002000 00:20 42194                      /usr/lib/libXau.so.6.0.0
7f698c96b000-7f698c96c000 rw-p 00003000 00:20 42194                      /usr/lib/libXau.so.6.0.0
7f698c96c000-7f698c96d000 r--p 00000000 00:20 815337                     /usr/lib/librt.so.1
7f698c96d000-7f698c96e000 r-xp 00001000 00:20 815337                     /usr/lib/librt.so.1
7f698c96e000-7f698c96f000 r--p 00002000 00:20 815337                     /usr/lib/librt.so.1
7f698c96f000-7f698c970000 r--p 00002000 00:20 815337                     /usr/lib/librt.so.1
7f698c970000-7f698c971000 rw-p 00003000 00:20 815337                     /usr/lib/librt.so.1
7f698c971000-7f698c973000 r--p 00000000 00:20 776294                     /usr/lib/jvm/java-21-openjdk/lib/libverify.so
7f698c973000-7f698c97a000 r-xp 00002000 00:20 776294                     /usr/lib/jvm/java-21-openjdk/lib/libverify.so
7f698c97a000-7f698c97c000 r--p 00009000 00:20 776294                     /usr/lib/jvm/java-21-openjdk/lib/libverify.so
7f698c97c000-7f698c97e000 r--p 0000a000 00:20 776294                     /usr/lib/jvm/java-21-openjdk/lib/libverify.so
7f698c97e000-7f698c97f000 rw-p 0000c000 00:20 776294                     /usr/lib/jvm/java-21-openjdk/lib/libverify.so
7f698c97f000-7f698ca00000 rw-p 00000000 00:00 0 
7f698ca00000-7f698ca24000 r--p 00000000 00:20 815305                     /usr/lib/libc.so.6
7f698ca24000-7f698cb9a000 r-xp 00024000 00:20 815305                     /usr/lib/libc.so.6
7f698cb9a000-7f698cc0f000 r--p 0019a000 00:20 815305                     /usr/lib/libc.so.6
7f698cc0f000-7f698cc13000 r--p 0020e000 00:20 815305                     /usr/lib/libc.so.6
7f698cc13000-7f698cc15000 rw-p 00212000 00:20 815305                     /usr/lib/libc.so.6
7f698cc15000-7f698cc1d000 rw-p 00000000 00:00 0 
7f698cc1d000-7f698cc1e000 r--p 00000000 00:20 815332                     /usr/lib/libpthread.so.0
7f698cc1e000-7f698cc1f000 r-xp 00001000 00:20 815332                     /usr/lib/libpthread.so.0
7f698cc1f000-7f698cc20000 r--p 00002000 00:20 815332                     /usr/lib/libpthread.so.0
7f698cc20000-7f698cc21000 r--p 00002000 00:20 815332                     /usr/lib/libpthread.so.0
7f698cc21000-7f698cc22000 rw-p 00003000 00:20 815332                     /usr/lib/libpthread.so.0
7f698cc22000-7f698cc23000 r--p 00000000 00:20 815310                     /usr/lib/libdl.so.2
7f698cc23000-7f698cc24000 r-xp 00001000 00:20 815310                     /usr/lib/libdl.so.2
7f698cc24000-7f698cc25000 r--p 00002000 00:20 815310                     /usr/lib/libdl.so.2
7f698cc25000-7f698cc26000 r--p 00002000 00:20 815310                     /usr/lib/libdl.so.2
7f698cc26000-7f698cc27000 rw-p 00003000 00:20 815310                     /usr/lib/libdl.so.2
7f698cc27000-7f698cc28000 r--p 00000000 00:20 815341                     /usr/lib/libutil.so.1
7f698cc28000-7f698cc29000 r-xp 00001000 00:20 815341                     /usr/lib/libutil.so.1
7f698cc29000-7f698cc2a000 r--p 00002000 00:20 815341                     /usr/lib/libutil.so.1
7f698cc2a000-7f698cc2b000 r--p 00002000 00:20 815341                     /usr/lib/libutil.so.1
7f698cc2b000-7f698cc2c000 rw-p 00003000 00:20 815341                     /usr/lib/libutil.so.1
7f698cc2c000-7f698cc2e000 r--p 00000000 00:20 776295                     /usr/lib/jvm/java-21-openjdk/lib/libzip.so
7f698cc2e000-7f698cc32000 r-xp 00002000 00:20 776295                     /usr/lib/jvm/java-21-openjdk/lib/libzip.so
7f698cc32000-7f698cc34000 r--p 00006000 00:20 776295                     /usr/lib/jvm/java-21-openjdk/lib/libzip.so
7f698cc34000-7f698cc35000 r--p 00007000 00:20 776295                     /usr/lib/jvm/java-21-openjdk/lib/libzip.so
7f698cc35000-7f698cc36000 rw-p 00008000 00:20 776295                     /usr/lib/jvm/java-21-openjdk/lib/libzip.so
7f698cc36000-7f698cc3d000 r--p 00000000 00:20 776287                     /usr/lib/jvm/java-21-openjdk/lib/libnio.so
7f698cc3d000-7f698cc46000 r-xp 00007000 00:20 776287                     /usr/lib/jvm/java-21-openjdk/lib/libnio.so
7f698cc46000-7f698cc4a000 r--p 00010000 00:20 776287                     /usr/lib/jvm/java-21-openjdk/lib/libnio.so
7f698cc4a000-7f698cc4b000 r--p 00014000 00:20 776287                     /usr/lib/jvm/java-21-openjdk/lib/libnio.so
7f698cc4b000-7f698cc4c000 rw-p 00015000 00:20 776287                     /usr/lib/jvm/java-21-openjdk/lib/libnio.so
7f698cc4c000-7f698cc8d000 rw-p 00000000 00:00 0 
7f698cc8d000-7f698cc97000 r--p 00000000 00:20 776271                     /usr/lib/jvm/java-21-openjdk/lib/libjava.so
7f698cc97000-7f698cca5000 r-xp 0000a000 00:20 776271                     /usr/lib/jvm/java-21-openjdk/lib/libjava.so
7f698cca5000-7f698ccaa000 r--p 00018000 00:20 776271                     /usr/lib/jvm/java-21-openjdk/lib/libjava.so
7f698ccaa000-7f698ccab000 r--p 0001d000 00:20 776271                     /usr/lib/jvm/java-21-openjdk/lib/libjava.so
7f698ccab000-7f698ccac000 rw-p 0001e000 00:20 776271                     /usr/lib/jvm/java-21-openjdk/lib/libjava.so
7f698ccac000-7f698ccad000 rw-p 00000000 00:00 0 
7f698ccad000-7f698ccb1000 r--p 00000000 00:20 816030                     /usr/lib/libgcc_s.so.1
7f698ccb1000-7f698ccd4000 r-xp 00004000 00:20 816030                     /usr/lib/libgcc_s.so.1
7f698ccd4000-7f698ccd8000 r--p 00027000 00:20 816030                     /usr/lib/libgcc_s.so.1
7f698ccd8000-7f698ccd9000 r--p 0002b000 00:20 816030                     /usr/lib/libgcc_s.so.1
7f698ccd9000-7f698ccda000 rw-p 0002c000 00:20 816030                     /usr/lib/libgcc_s.so.1
7f698ccda000-7f698ccdd000 rw-p 00000000 00:00 0 
7f698ccdd000-7f698cce0000 r--p 00000000 00:20 535138                     /usr/lib/libz.so.1.3.2
7f698cce0000-7f698ccf0000 r-xp 00003000 00:20 535138                     /usr/lib/libz.so.1.3.2
7f698ccf0000-7f698ccf6000 r--p 00013000 00:20 535138                     /usr/lib/libz.so.1.3.2
7f698ccf6000-7f698ccf7000 r--p 00018000 00:20 535138                     /usr/lib/libz.so.1.3.2
7f698ccf7000-7f698ccf8000 rw-p 00019000 00:20 535138                     /usr/lib/libz.so.1.3.2
7f698ccf8000-7f698ccf9000 rw-p 00000000 00:00 0 
7f698ccf9000-7f698ccfa000 r-xp 00059000 00:31 11643                      /tmp/lwjgl_timer/3.3.3+5/x64/liblwjgl.so
7f698ccfa000-7f698ccfb000 rw-p 00000000 00:00 0 
7f698ccfb000-7f698ccfe000 r--p 00000000 00:20 776286                     /usr/lib/jvm/java-21-openjdk/lib/libnet.so
7f698ccfe000-7f698cd06000 r-xp 00003000 00:20 776286                     /usr/lib/jvm/java-21-openjdk/lib/libnet.so
7f698cd06000-7f698cd08000 r--p 0000b000 00:20 776286                     /usr/lib/jvm/java-21-openjdk/lib/libnet.so
7f698cd08000-7f698cd09000 r--p 0000c000 00:20 776286                     /usr/lib/jvm/java-21-openjdk/lib/libnet.so
7f698cd09000-7f698cd0a000 rw-p 0000d000 00:20 776286                     /usr/lib/jvm/java-21-openjdk/lib/libnet.so
7f698cd0a000-7f698cd10000 rw-p 00000000 00:00 0 
7f698cd10000-7f698cd16000 ---p 00000000 00:00 0 
7f698cd16000-7f698cd1e000 rw-s 00000000 00:31 14779                      /tmp/hsperfdata_timer/69157 (deleted)
7f698cd1e000-7f698cd1f000 ---p 00000000 00:00 0 
7f698cd1f000-7f698cd20000 r--p 00000000 00:00 0 
7f698cd20000-7f698cd21000 ---p 00000000 00:00 0 
7f698cd21000-7f698cd22000 r--p 00000000 00:20 776275                     /usr/lib/jvm/java-21-openjdk/lib/libjimage.so
7f698cd22000-7f698cd24000 r-xp 00001000 00:20 776275                     /usr/lib/jvm/java-21-openjdk/lib/libjimage.so
7f698cd24000-7f698cd25000 r--p 00003000 00:20 776275                     /usr/lib/jvm/java-21-openjdk/lib/libjimage.so
7f698cd25000-7f698cd26000 r--p 00004000 00:20 776275                     /usr/lib/jvm/java-21-openjdk/lib/libjimage.so
7f698cd26000-7f698cd27000 rw-p 00005000 00:20 776275                     /usr/lib/jvm/java-21-openjdk/lib/libjimage.so
7f698cd27000-7f698cd29000 r--p 00000000 00:20 776276                     /usr/lib/jvm/java-21-openjdk/lib/libjli.so
7f698cd29000-7f698cd33000 r-xp 00002000 00:20 776276                     /usr/lib/jvm/java-21-openjdk/lib/libjli.so
7f698cd33000-7f698cd36000 r--p 0000c000 00:20 776276                     /usr/lib/jvm/java-21-openjdk/lib/libjli.so
7f698cd36000-7f698cd37000 r--p 0000f000 00:20 776276                     /usr/lib/jvm/java-21-openjdk/lib/libjli.so
7f698cd37000-7f698cd38000 rw-p 00010000 00:20 776276                     /usr/lib/jvm/java-21-openjdk/lib/libjli.so
7f698cd38000-7f698cd3a000 rw-p 00000000 00:00 0 
7f698cd3a000-7f698cd3e000 r--p 00000000 00:00 0                          [vvar]
7f698cd3e000-7f698cd40000 r--p 00000000 00:00 0                          [vvar_vclock]
7f698cd40000-7f698cd42000 r-xp 00000000 00:00 0                          [vdso]
7f698cd42000-7f698cd43000 r--p 00000000 00:20 815296                     /usr/lib/ld-linux-x86-64.so.2
7f698cd43000-7f698cd6d000 r-xp 00001000 00:20 815296                     /usr/lib/ld-linux-x86-64.so.2
7f698cd6d000-7f698cd7c000 r--p 0002b000 00:20 815296                     /usr/lib/ld-linux-x86-64.so.2
7f698cd7c000-7f698cd7e000 r--p 00039000 00:20 815296                     /usr/lib/ld-linux-x86-64.so.2
7f698cd7e000-7f698cd7f000 rw-p 0003b000 00:20 815296                     /usr/lib/ld-linux-x86-64.so.2
7f698cd7f000-7f698cd80000 rw-p 00000000 00:00 0 
7ffc15759000-7ffc1577a000 rw-p 00000000 00:00 0                          [stack]
ffffffffff600000-ffffffffff601000 --xp 00000000 00:00 0                  [vsyscall]
Total number of mappings: 714

JVMTI agents: none


VM Arguments:
jvm_args: --enable-native-access=ALL-UNNAMED -Dclassworlds.conf=/usr/share/java/maven/bin/m2.conf -Dmaven.home=/usr/share/java/maven -Dlibrary.jansi.path=/usr/share/java/maven/lib/jansi-native -Dmaven.multiModuleProjectDirectory=/home/timer/projects/qml4j 
java_command: org.codehaus.plexus.classworlds.launcher.Launcher -pl qml4j-demo-desktop exec:java
java_class_path (initial): /usr/share/java/maven/boot/plexus-classworlds-2.11.0.jar
Launcher Type: SUN_STANDARD

[Global flags]
     intx CICompilerCount                          = 3                                         {product} {ergonomic}
     uint ConcGCThreads                            = 2                                         {product} {ergonomic}
     uint G1ConcRefinementThreads                  = 6                                         {product} {ergonomic}
   size_t G1HeapRegionSize                         = 2097152                                   {product} {ergonomic}
    uintx GCDrainStackTargetSize                   = 64                                        {product} {ergonomic}
   size_t InitialHeapSize                          = 262144000                                 {product} {ergonomic}
   size_t MarkStackSize                            = 4194304                                   {product} {ergonomic}
   size_t MaxHeapSize                              = 4177526784                                {product} {ergonomic}
   size_t MaxNewSize                               = 2506096640                                {product} {ergonomic}
   size_t MinHeapDeltaBytes                        = 2097152                                   {product} {ergonomic}
   size_t MinHeapSize                              = 8388608                                   {product} {ergonomic}
    uintx NonNMethodCodeHeapSize                   = 5832780                                {pd product} {ergonomic}
    uintx NonProfiledCodeHeapSize                  = 122912730                              {pd product} {ergonomic}
    uintx ProfiledCodeHeapSize                     = 122912730                              {pd product} {ergonomic}
    uintx ReservedCodeCacheSize                    = 251658240                              {pd product} {ergonomic}
     bool SegmentedCodeCache                       = true                                      {product} {ergonomic}
   size_t SoftMaxHeapSize                          = 4177526784                             {manageable} {ergonomic}
     bool UseCompressedOops                        = true                           {product lp64_product} {ergonomic}
     bool UseG1GC                                  = true                                      {product} {ergonomic}

Logging:
Log output configuration:
 #0: 
[error occurred during error reporting (printing log configuration), id 0xb, SIGSEGV (0xb) at pc=0x00007f698bf61fac]
Release file:
IMPLEMENTOR="Arch Linux"
JAVA_RUNTIME_VERSION="21.0.11+10"
JAVA_VERSION="21.0.11"
JAVA_VERSION_DATE="2026-04-21"
LIBC="gnu"
MODULES="java.base java.compiler java.datatransfer java.xml java.prefs java.desktop java.instrument java.logging java.management java.security.sasl java.naming java.rmi java.management.rmi java.net.http java.scripting java.security.jgss java.transaction.xa java.sql java.sql.rowset java.xml.crypto java.se java.smartcardio jdk.accessibility jdk.internal.jvmstat jdk.attach jdk.charsets jdk.internal.opt jdk.zipfs jdk.compiler jdk.crypto.ec jdk.crypto.cryptoki jdk.dynalink jdk.internal.ed jdk.editpad jdk.hotspot.agent jdk.httpserver jdk.incubator.vector jdk.internal.le jdk.internal.vm.ci jdk.internal.vm.compiler jdk.internal.vm.compiler.management jdk.jartool jdk.javadoc jdk.jcmd jdk.management jdk.management.agent jdk.jconsole jdk.jdeps jdk.jdwp.agent jdk.jdi jdk.jfr jdk.jlink jdk.jpackage jdk.jshell jdk.jsobject jdk.jstatd jdk.localedata jdk.management.jfr jdk.naming.dns jdk.naming.rmi jdk.net jdk.nio.mapmode jdk.random jdk.sctp jdk.security.auth jdk.security.jgss jdk.unsupported jdk.unsupported.desktop jdk.xml.dom"
OS_ARCH="x86_64"
OS_NAME="Linux"
SOURCE=""

Environment Variables:
PATH=/home/timer/.local/bin:/usr/local/sbin:/usr/local/bin:/usr/bin:/usr/lib/jvm/default/bin:/usr/bin/site_perl:/usr/bin/vendor_perl:/usr/bin/core_perl:/usr/lib/rustup/bin:/home/timer/.local/share/JetBrains/Toolbox/scripts
SHELL=/usr/bin/fish
DISPLAY=:1
WAYLAND_DISPLAY=wayland-1
LANG=zh_CN.UTF-8
LC_NUMERIC=zh_CN.UTF-8
LC_TIME=zh_CN.UTF-8
TERM=xterm-kitty

Active Locale:
LC_ALL=zh_CN.UTF-8
LC_COLLATE=zh_CN.UTF-8
LC_CTYPE=zh_CN.UTF-8
LC_MESSAGES=zh_CN.UTF-8
LC_MONETARY=zh_CN.UTF-8
LC_NUMERIC=zh_CN.UTF-8
LC_TIME=zh_CN.UTF-8

Signal Handlers:
   SIGSEGV: 0x00007f698c40e240 in libjvm.so+14737984, mask=11100100010111111101111111111110, flags=SA_RESTART|SA_SIGINFO, unblocked
    SIGBUS: 0x00007f698c40e240 in libjvm.so+14737984, mask=11100100010111111101111111111110, flags=SA_RESTART|SA_SIGINFO, unblocked
    SIGFPE: 0x00007f698c40e240 in libjvm.so+14737984, mask=11100100010111111101111111111110, flags=SA_RESTART|SA_SIGINFO, unblocked
   SIGPIPE: 0x00007f698c267700 in libjvm.so+13006592, mask=11100100010111111101111111111110, flags=SA_RESTART|SA_SIGINFO, blocked
   SIGXFSZ: 0x00007f698c267700 in libjvm.so+13006592, mask=11100100010111111101111111111110, flags=SA_RESTART|SA_SIGINFO, blocked
    SIGILL: 0x00007f698c40e240 in libjvm.so+14737984, mask=11100100010111111101111111111110, flags=SA_RESTART|SA_SIGINFO, unblocked
   SIGUSR2: 0x00007f698c269020 in libjvm.so+13013024, mask=00000000000000000000000000000000, flags=SA_RESTART|SA_SIGINFO, blocked
    SIGHUP: 0x00007f698c266a60 in libjvm.so+13003360, mask=11100100010111111101111111111110, flags=SA_RESTART|SA_SIGINFO, blocked
    SIGINT: 0x00007f698c266a60 in libjvm.so+13003360, mask=11100100010111111101111111111110, flags=SA_RESTART|SA_SIGINFO, blocked
   SIGTERM: 0x00007f698c266a60 in libjvm.so+13003360, mask=11100100010111111101111111111110, flags=SA_RESTART|SA_SIGINFO, blocked
   SIGQUIT: 0x00007f698c266a60 in libjvm.so+13003360, mask=11100100010111111101111111111110, flags=SA_RESTART|SA_SIGINFO, blocked
   SIGTRAP: 0x00007f698c40e240 in libjvm.so+14737984, mask=11100100010111111101111111111110, flags=SA_RESTART|SA_SIGINFO, unblocked


Periodic native trim disabled

---------------  S Y S T E M  ---------------

OS:
DISTRIB_ID="EndeavourOS"
DISTRIB_RELEASE="rolling"
DISTRIB_DESCRIPTION="EndeavourOS Linux"
DISTRIB_CODENAME="rolling"
uname: Linux 7.0.11-arch1-1 #1 SMP PREEMPT_DYNAMIC Tue, 02 Jun 2026 18:26:58 +0000 x86_64
OS uptime: 0 days 2:28 hours
libc: glibc 2.43 NPTL 2.43 
rlimit (soft/hard): STACK 8192k/infinity , CORE infinity/infinity , NPROC 63201/63201 , NOFILE 524288/524288 , AS infinity/infinity , CPU infinity/infinity , DATA infinity/infinity , FSIZE infinity/infinity , MEMLOCK 8192k/8192k
load average: 1.00 1.17 1.01

/proc/meminfo:
MemTotal:       16311800 kB
MemFree:         1171404 kB
MemAvailable:    6872748 kB
Buffers:              16 kB
Cached:          6241804 kB
SwapCached:         3436 kB
Active:          5803912 kB
Inactive:        7644572 kB
Active(anon):    4763104 kB
Inactive(anon):  2989752 kB
Active(file):    1040808 kB
Inactive(file):  4654820 kB
Unevictable:      154376 kB
Mlocked:              32 kB
SwapTotal:        524284 kB
SwapFree:           1340 kB
Zswap:            160460 kB
Zswapped:         495044 kB
Dirty:              1996 kB
Writeback:             8 kB
AnonPages:       7078704 kB
Mapped:          2586580 kB
Shmem:            392176 kB
KReclaimable:     342368 kB
Slab:             563856 kB
SReclaimable:     342368 kB
SUnreclaim:       221488 kB
KernelStack:       23840 kB
PageTables:        87008 kB
SecPageTables:      1028 kB
NFS_Unstable:          0 kB
Bounce:                0 kB
WritebackTmp:          0 kB
CommitLimit:     8680184 kB
Committed_AS:   33276940 kB
VmallocTotal:   34359738367 kB
VmallocUsed:      225932 kB
VmallocChunk:          0 kB
Percpu:             4832 kB
HardwareCorrupted:     0 kB
AnonHugePages:   1247232 kB
ShmemHugePages:   124928 kB
ShmemPmdMapped:   120832 kB
FileHugePages:    270336 kB
FilePmdMapped:    270336 kB
CmaTotal:              0 kB
CmaFree:               0 kB
Unaccepted:            0 kB
Balloon:               0 kB
HugePages_Total:       0
HugePages_Free:        0
HugePages_Rsvd:        0
HugePages_Surp:        0
Hugepagesize:       2048 kB
Hugetlb:               0 kB
DirectMap4k:     1829268 kB
DirectMap2M:    14891008 kB
DirectMap1G:           0 kB

/sys/kernel/mm/transparent_hugepage/enabled: [always] madvise never
/sys/kernel/mm/transparent_hugepage/hpage_pmd_size: 2097152
/sys/kernel/mm/transparent_hugepage/defrag (defrag/compaction efforts parameter): always defer defer+madvise [madvise] never

Process Memory:
Virtual Size: 8455232K (peak: 8487068K)
Resident Set Size: 684016K (peak: 706624K) (anon: 423276K, file: 252392K, shmem: 8348K)
Swapped out: 0K
C-Heap outstanding allocations: 131505K, retained: 101832K
glibc malloc tunables: (default)

/proc/sys/kernel/threads-max (system-wide limit on the number of threads): 126403
/proc/sys/vm/max_map_count (maximum number of memory map areas a process may have): 1048576
/proc/sys/vm/swappiness (control to define how aggressively the kernel swaps out anonymous memory): 60
/proc/sys/kernel/pid_max (system-wide limit on number of process identifiers): 4194304

container information not found.
Steal ticks since vm start: 0
Steal ticks percentage since vm start:  0.000

CPU: total 6 (initial active 6) (6 cores per cpu, 1 threads per core) family 6 model 158 stepping 10 microcode 0xfa, cx8, cmov, fxsr, mmx, 3dnowpref, sse, sse2, sse3, ssse3, sse4.1, sse4.2, popcnt, lzcnt, tsc, tscinvbit, avx, avx2, aes, erms, clmul, bmi1, bmi2, adx, fma, vzeroupper, clflush, clflushopt, rdtscp, f16c
CPU Model and flags from /proc/cpuinfo:
model name	: Intel(R) Core(TM) i5-9400 CPU @ 2.90GHz
flags		: fpu vme de pse tsc msr pae mce cx8 apic sep mtrr pge mca cmov pat pse36 clflush dts acpi mmx fxsr sse sse2 ss ht tm pbe syscall nx pdpe1gb rdtscp lm constant_tsc art arch_perfmon pebs bts rep_good nopl xtopology nonstop_tsc cpuid aperfmperf pni pclmulqdq dtes64 monitor ds_cpl vmx est tm2 ssse3 sdbg fma cx16 xtpr pdcm pcid sse4_1 sse4_2 x2apic movbe popcnt tsc_deadline_timer aes xsave avx f16c rdrand lahf_lm abm 3dnowprefetch cpuid_fault pti ssbd ibrs ibpb stibp tpr_shadow flexpriority ept vpid ept_ad fsgsbase tsc_adjust bmi1 avx2 smep bmi2 erms invpcid mpx rdseed adx smap clflushopt intel_pt xsaveopt xsavec xgetbv1 xsaves dtherm ida arat pln pts hwp hwp_notify hwp_act_window hwp_epp vnmi md_clear flush_l1d arch_capabilities

Online cpus: 0-5
Offline cpus: 
BIOS frequency limitation: <Not Available>
Frequency switch latency (ns): 0
Available cpu frequencies: <Not Available>
Current governor: powersave
Core performance/turbo boost: <Not Available>

Memory: 4k page, physical 16311800k(6872748k free), swap 524284k(1340k free)
Page Sizes: 4k

vm_info: OpenJDK 64-Bit Server VM (21.0.11+10) for linux-amd64 JRE (21.0.11+10), built on 2026-04-21T21:02:55Z by "builduser" with gcc 15.2.1 20260209

END.
